shipment,date,lane,charge_code,amount,currency
2021-01-023,2021-01-01,CNSHA-NLRTM,BAS,2484.21,USD
2021-01-023,2021-01-01,CNSHA-NLRTM,BAF,383.76,USD
2021-01-023,2021-01-01,CNSHA-NLRTM,THC,219.76,EUR
2021-01-023,2021-01-01,CNSHA-NLRTM,DOC,45.0,USD
2021-01-031,2021-01-02,CNSHA-NLRTM,BAS,2487.15,USD
2021-01-031,2021-01-02,CNSHA-NLRTM,BAF,353.08,USD
2021-01-031,2021-01-02,CNSHA-NLRTM,THC,220.6,EUR
2021-01-031,2021-01-02,CNSHA-NLRTM,DOC,45.0,USD
2021-01-014,2021-01-03,CNSHA-USLAX,BAS,1922.09,USD
2021-01-014,2021-01-03,CNSHA-USLAX,BAF,362.65,USD
2021-01-014,2021-01-03,CNSHA-USLAX,THC,228.54,EUR
2021-01-014,2021-01-03,CNSHA-USLAX,DOC,45.0,USD
2021-01-017,2021-01-03,CNSHA-NLRTM,BAS,2434.02,USD
2021-01-017,2021-01-03,CNSHA-NLRTM,BAF,404.45,USD
2021-01-017,2021-01-03,CNSHA-NLRTM,THC,218.83,EUR
2021-01-017,2021-01-03,CNSHA-NLRTM,DOC,45.0,USD
2021-01-022,2021-01-04,CNSHA-NLRTM,BAS,2424.35,USD
2021-01-022,2021-01-04,CNSHA-NLRTM,BAF,342.81,USD
2021-01-022,2021-01-04,CNSHA-NLRTM,THC,219.81,EUR
2021-01-022,2021-01-04,CNSHA-NLRTM,DOC,45.0,USD
2021-01-032,2021-01-04,CNSHA-USLAX,BAS,1931.5,USD
2021-01-032,2021-01-04,CNSHA-USLAX,BAF,409.5,USD
2021-01-032,2021-01-04,CNSHA-USLAX,THC,230.23,EUR
2021-01-032,2021-01-04,CNSHA-USLAX,DOC,45.0,USD
2021-01-034,2021-01-04,CNSHA-USLAX,BAS,1933.38,USD
2021-01-034,2021-01-04,CNSHA-USLAX,BAF,396.14,USD
2021-01-034,2021-01-04,CNSHA-USLAX,THC,210.59,EUR
2021-01-034,2021-01-04,CNSHA-USLAX,DOC,45.0,USD
2021-01-053,2021-01-04,CNSHA-NLRTM,BAS,2487.59,USD
2021-01-053,2021-01-04,CNSHA-NLRTM,BAF,408.08,USD
2021-01-053,2021-01-04,CNSHA-NLRTM,THC,233.72,EUR
2021-01-053,2021-01-04,CNSHA-NLRTM,DOC,45.0,USD
2021-01-062,2021-01-04,CNSHA-USLAX,BAS,1979.71,USD
2021-01-062,2021-01-04,CNSHA-USLAX,BAF,373.55,USD
2021-01-062,2021-01-04,CNSHA-USLAX,THC,223.1,EUR
2021-01-062,2021-01-04,CNSHA-USLAX,DOC,45.0,USD
2021-01-033,2021-01-05,CNSHA-USLAX,BAS,1953.73,USD
2021-01-033,2021-01-05,CNSHA-USLAX,BAF,359.18,USD
2021-01-033,2021-01-05,CNSHA-USLAX,THC,218.42,EUR
2021-01-033,2021-01-05,CNSHA-USLAX,DOC,45.0,USD
2021-01-048,2021-01-05,CNSHA-USLAX,BAS,1957.2,USD
2021-01-048,2021-01-05,CNSHA-USLAX,BAF,396.42,USD
2021-01-048,2021-01-05,CNSHA-USLAX,THC,212.91,EUR
2021-01-048,2021-01-05,CNSHA-USLAX,DOC,45.0,USD
2021-01-049,2021-01-05,CNSHA-USLAX,BAS,1951.21,USD
2021-01-049,2021-01-05,CNSHA-USLAX,BAF,381.23,USD
2021-01-049,2021-01-05,CNSHA-USLAX,THC,215.64,EUR
2021-01-049,2021-01-05,CNSHA-USLAX,DOC,45.0,USD
2021-01-000,2021-01-06,CNSHA-USLAX,BAS,1913.02,USD
2021-01-000,2021-01-06,CNSHA-USLAX,BAF,406.52,USD
2021-01-000,2021-01-06,CNSHA-USLAX,THC,224.21,EUR
2021-01-000,2021-01-06,CNSHA-USLAX,DOC,45.0,USD
2021-01-015,2021-01-06,CNSHA-USLAX,BAS,1926.27,USD
2021-01-015,2021-01-06,CNSHA-USLAX,BAF,383.22,USD
2021-01-015,2021-01-06,CNSHA-USLAX,THC,208.51,EUR
2021-01-015,2021-01-06,CNSHA-USLAX,DOC,45.0,USD
2021-01-045,2021-01-06,CNSHA-USLAX,BAS,1952.71,USD
2021-01-045,2021-01-06,CNSHA-USLAX,BAF,383.16,USD
2021-01-045,2021-01-06,CNSHA-USLAX,THC,222.72,EUR
2021-01-045,2021-01-06,CNSHA-USLAX,DOC,45.0,USD
2021-01-010,2021-01-07,CNSHA-USLAX,BAS,1934.09,USD
2021-01-010,2021-01-07,CNSHA-USLAX,BAF,428.63,USD
2021-01-010,2021-01-07,CNSHA-USLAX,THC,240.8,EUR
2021-01-010,2021-01-07,CNSHA-USLAX,DOC,45.0,USD
2021-01-039,2021-01-07,CNSHA-USLAX,BAS,1977.79,USD
2021-01-039,2021-01-07,CNSHA-USLAX,BAF,371.89,USD
2021-01-039,2021-01-07,CNSHA-USLAX,THC,220.29,EUR
2021-01-039,2021-01-07,CNSHA-USLAX,DOC,45.0,USD
2021-01-019,2021-01-08,CNSHA-NLRTM,BAS,2433.73,USD
2021-01-019,2021-01-08,CNSHA-NLRTM,BAF,376.28,USD
2021-01-019,2021-01-08,CNSHA-NLRTM,THC,214.37,EUR
2021-01-019,2021-01-08,CNSHA-NLRTM,DOC,45.0,USD
2021-01-027,2021-01-08,CNSHA-USLAX,BAS,1936.71,USD
2021-01-027,2021-01-08,CNSHA-USLAX,BAF,399.74,USD
2021-01-027,2021-01-08,CNSHA-USLAX,THC,224.75,EUR
2021-01-027,2021-01-08,CNSHA-USLAX,DOC,45.0,USD
2021-01-035,2021-01-08,CNSHA-USLAX,BAS,1959.69,USD
2021-01-035,2021-01-08,CNSHA-USLAX,BAF,394.11,USD
2021-01-035,2021-01-08,CNSHA-USLAX,THC,224.1,EUR
2021-01-035,2021-01-08,CNSHA-USLAX,DOC,45.0,USD
2021-01-013,2021-01-09,CNSHA-USLAX,BAS,1939.17,USD
2021-01-013,2021-01-09,CNSHA-USLAX,BAF,361.28,USD
2021-01-013,2021-01-09,CNSHA-USLAX,THC,213.38,EUR
2021-01-013,2021-01-09,CNSHA-USLAX,DOC,45.0,USD
2021-01-057,2021-01-09,CNSHA-USLAX,BAS,1968.25,USD
2021-01-057,2021-01-09,CNSHA-USLAX,BAF,377.95,USD
2021-01-057,2021-01-09,CNSHA-USLAX,THC,218.22,EUR
2021-01-057,2021-01-09,CNSHA-USLAX,DOC,45.0,USD
2021-01-036,2021-01-11,CNSHA-NLRTM,BAS,2473.02,USD
2021-01-036,2021-01-11,CNSHA-NLRTM,BAF,362.1,USD
2021-01-036,2021-01-11,CNSHA-NLRTM,THC,237.58,EUR
2021-01-036,2021-01-11,CNSHA-NLRTM,DOC,45.0,USD
2021-01-009,2021-01-12,CNSHA-USLAX,BAS,1978.16,USD
2021-01-009,2021-01-12,CNSHA-USLAX,BAF,391.28,USD
2021-01-009,2021-01-12,CNSHA-USLAX,THC,224.75,EUR
2021-01-009,2021-01-12,CNSHA-USLAX,DOC,45.0,USD
2021-01-006,2021-01-13,CNSHA-USLAX,BAS,1953.41,USD
2021-01-006,2021-01-13,CNSHA-USLAX,BAF,357.78,USD
2021-01-006,2021-01-13,CNSHA-USLAX,THC,228.92,EUR
2021-01-006,2021-01-13,CNSHA-USLAX,DOC,45.0,USD
2021-01-007,2021-01-13,CNSHA-NLRTM,BAS,2428.3,USD
2021-01-007,2021-01-13,CNSHA-NLRTM,BAF,393.01,USD
2021-01-007,2021-01-13,CNSHA-NLRTM,THC,216.57,EUR
2021-01-007,2021-01-13,CNSHA-NLRTM,DOC,45.0,USD
2021-01-061,2021-01-13,CNSHA-NLRTM,BAS,2418.91,USD
2021-01-061,2021-01-13,CNSHA-NLRTM,BAF,383.08,USD
2021-01-061,2021-01-13,CNSHA-NLRTM,THC,220.21,EUR
2021-01-061,2021-01-13,CNSHA-NLRTM,DOC,45.0,USD
2021-01-005,2021-01-14,CNSHA-NLRTM,BAS,2494.7,USD
2021-01-005,2021-01-14,CNSHA-NLRTM,BAF,366.45,USD
2021-01-005,2021-01-14,CNSHA-NLRTM,THC,228.9,EUR
2021-01-005,2021-01-14,CNSHA-NLRTM,DOC,45.0,USD
2021-01-012,2021-01-14,CNSHA-NLRTM,BAS,2442.88,USD
2021-01-012,2021-01-14,CNSHA-NLRTM,BAF,385.39,USD
2021-01-012,2021-01-14,CNSHA-NLRTM,THC,228.5,EUR
2021-01-012,2021-01-14,CNSHA-NLRTM,DOC,45.0,USD
2021-01-021,2021-01-14,CNSHA-USLAX,BAS,1989.65,USD
2021-01-021,2021-01-14,CNSHA-USLAX,BAF,372.74,USD
2021-01-021,2021-01-14,CNSHA-USLAX,THC,221.65,EUR
2021-01-021,2021-01-14,CNSHA-USLAX,DOC,45.0,USD
2021-01-028,2021-01-14,CNSHA-USLAX,BAS,1954.14,USD
2021-01-028,2021-01-14,CNSHA-USLAX,BAF,410.85,USD
2021-01-028,2021-01-14,CNSHA-USLAX,THC,218.14,EUR
2021-01-028,2021-01-14,CNSHA-USLAX,DOC,45.0,USD
2021-01-054,2021-01-14,CNSHA-USLAX,BAS,1963.12,USD
2021-01-054,2021-01-14,CNSHA-USLAX,BAF,394.46,USD
2021-01-054,2021-01-14,CNSHA-USLAX,THC,223.14,EUR
2021-01-054,2021-01-14,CNSHA-USLAX,DOC,45.0,USD
2021-01-063,2021-01-14,CNSHA-USLAX,BAS,1945.23,USD
2021-01-063,2021-01-14,CNSHA-USLAX,BAF,398.25,USD
2021-01-063,2021-01-14,CNSHA-USLAX,THC,213.21,EUR
2021-01-063,2021-01-14,CNSHA-USLAX,DOC,45.0,USD
2021-01-026,2021-01-15,CNSHA-NLRTM,BAS,2468.74,USD
2021-01-026,2021-01-15,CNSHA-NLRTM,BAF,397.97,USD
2021-01-026,2021-01-15,CNSHA-NLRTM,THC,223.04,EUR
2021-01-026,2021-01-15,CNSHA-NLRTM,DOC,45.0,USD
2021-01-042,2021-01-16,CNSHA-USLAX,BAS,1958.25,USD
2021-01-042,2021-01-16,CNSHA-USLAX,BAF,384.26,USD
2021-01-042,2021-01-16,CNSHA-USLAX,THC,217.58,EUR
2021-01-042,2021-01-16,CNSHA-USLAX,DOC,45.0,USD
2021-01-050,2021-01-16,CNSHA-USLAX,BAS,1919.75,USD
2021-01-050,2021-01-16,CNSHA-USLAX,BAF,359.04,USD
2021-01-050,2021-01-16,CNSHA-USLAX,THC,209.85,EUR
2021-01-050,2021-01-16,CNSHA-USLAX,DOC,45.0,USD
2021-01-003,2021-01-19,CNSHA-USLAX,BAS,1942.13,USD
2021-01-003,2021-01-19,CNSHA-USLAX,BAF,390.42,USD
2021-01-003,2021-01-19,CNSHA-USLAX,THC,219.14,EUR
2021-01-003,2021-01-19,CNSHA-USLAX,DOC,45.0,USD
2021-01-018,2021-01-19,CNSHA-USLAX,BAS,1935.98,USD
2021-01-018,2021-01-19,CNSHA-USLAX,BAF,381.09,USD
2021-01-018,2021-01-19,CNSHA-USLAX,THC,223.07,EUR
2021-01-018,2021-01-19,CNSHA-USLAX,DOC,45.0,USD
2021-01-024,2021-01-19,CNSHA-NLRTM,BAS,2461.94,USD
2021-01-024,2021-01-19,CNSHA-NLRTM,BAF,401.81,USD
2021-01-024,2021-01-19,CNSHA-NLRTM,THC,214.71,EUR
2021-01-024,2021-01-19,CNSHA-NLRTM,DOC,45.0,USD
2021-01-058,2021-01-19,CNSHA-USLAX,BAS,1953.37,USD
2021-01-058,2021-01-19,CNSHA-USLAX,BAF,357.9,USD
2021-01-058,2021-01-19,CNSHA-USLAX,THC,225.5,EUR
2021-01-058,2021-01-19,CNSHA-USLAX,DOC,45.0,USD
2021-01-001,2021-01-20,CNSHA-USLAX,BAS,1955.92,USD
2021-01-001,2021-01-20,CNSHA-USLAX,BAF,374.91,USD
2021-01-001,2021-01-20,CNSHA-USLAX,THC,218.51,EUR
2021-01-001,2021-01-20,CNSHA-USLAX,DOC,45.0,USD
2021-01-037,2021-01-20,CNSHA-USLAX,BAS,1964.49,USD
2021-01-037,2021-01-20,CNSHA-USLAX,BAF,363.29,USD
2021-01-037,2021-01-20,CNSHA-USLAX,THC,229.21,EUR
2021-01-037,2021-01-20,CNSHA-USLAX,DOC,45.0,USD
2021-01-052,2021-01-20,CNSHA-USLAX,BAS,1935.92,USD
2021-01-052,2021-01-20,CNSHA-USLAX,BAF,358.5,USD
2021-01-052,2021-01-20,CNSHA-USLAX,THC,218.71,EUR
2021-01-052,2021-01-20,CNSHA-USLAX,DOC,45.0,USD
2021-01-051,2021-01-21,CNSHA-NLRTM,BAS,2436.74,USD
2021-01-051,2021-01-21,CNSHA-NLRTM,BAF,387.07,USD
2021-01-051,2021-01-21,CNSHA-NLRTM,THC,218.76,EUR
2021-01-051,2021-01-21,CNSHA-NLRTM,DOC,45.0,USD
2021-01-056,2021-01-21,CNSHA-USLAX,BAS,1963.65,USD
2021-01-056,2021-01-21,CNSHA-USLAX,BAF,378.56,USD
2021-01-056,2021-01-21,CNSHA-USLAX,THC,211.22,EUR
2021-01-056,2021-01-21,CNSHA-USLAX,DOC,45.0,USD
2021-01-060,2021-01-21,CNSHA-NLRTM,BAS,2405.18,USD
2021-01-060,2021-01-21,CNSHA-NLRTM,BAF,392.53,USD
2021-01-060,2021-01-21,CNSHA-NLRTM,THC,220.51,EUR
2021-01-060,2021-01-21,CNSHA-NLRTM,DOC,45.0,USD
2021-01-016,2021-01-22,CNSHA-NLRTM,BAS,2505.24,USD
2021-01-016,2021-01-22,CNSHA-NLRTM,BAF,368.92,USD
2021-01-016,2021-01-22,CNSHA-NLRTM,THC,227.39,EUR
2021-01-016,2021-01-22,CNSHA-NLRTM,DOC,45.0,USD
2021-01-044,2021-01-22,CNSHA-USLAX,BAS,1953.98,USD
2021-01-044,2021-01-22,CNSHA-USLAX,BAF,351.81,USD
2021-01-044,2021-01-22,CNSHA-USLAX,THC,210.37,EUR
2021-01-044,2021-01-22,CNSHA-USLAX,DOC,45.0,USD
2021-01-059,2021-01-22,CNSHA-USLAX,BAS,1965.88,USD
2021-01-059,2021-01-22,CNSHA-USLAX,BAF,352.48,USD
2021-01-059,2021-01-22,CNSHA-USLAX,THC,220.62,EUR
2021-01-059,2021-01-22,CNSHA-USLAX,DOC,45.0,USD
2021-01-047,2021-01-23,CNSHA-USLAX,BAS,1965.33,USD
2021-01-047,2021-01-23,CNSHA-USLAX,BAF,392.09,USD
2021-01-047,2021-01-23,CNSHA-USLAX,THC,220.7,EUR
2021-01-047,2021-01-23,CNSHA-USLAX,DOC,45.0,USD
2021-01-004,2021-01-24,CNSHA-NLRTM,BAS,2438.31,USD
2021-01-004,2021-01-24,CNSHA-NLRTM,BAF,392.48,USD
2021-01-004,2021-01-24,CNSHA-NLRTM,THC,218.47,EUR
2021-01-004,2021-01-24,CNSHA-NLRTM,DOC,45.0,USD
2021-01-011,2021-01-24,CNSHA-USLAX,BAS,1937.06,USD
2021-01-011,2021-01-24,CNSHA-USLAX,BAF,398.9,USD
2021-01-011,2021-01-24,CNSHA-USLAX,THC,217.08,EUR
2021-01-011,2021-01-24,CNSHA-USLAX,DOC,45.0,USD
2021-01-030,2021-01-24,CNSHA-USLAX,BAS,1991.08,USD
2021-01-030,2021-01-24,CNSHA-USLAX,BAF,396.09,USD
2021-01-030,2021-01-24,CNSHA-USLAX,THC,231.82,EUR
2021-01-030,2021-01-24,CNSHA-USLAX,DOC,45.0,USD
2021-01-040,2021-01-24,CNSHA-USLAX,BAS,1972.16,USD
2021-01-040,2021-01-24,CNSHA-USLAX,BAF,392.02,USD
2021-01-040,2021-01-24,CNSHA-USLAX,THC,227.06,EUR
2021-01-040,2021-01-24,CNSHA-USLAX,DOC,45.0,USD
2021-01-043,2021-01-24,CNSHA-USLAX,BAS,1952.24,USD
2021-01-043,2021-01-24,CNSHA-USLAX,BAF,372.98,USD
2021-01-043,2021-01-24,CNSHA-USLAX,THC,225.14,EUR
2021-01-043,2021-01-24,CNSHA-USLAX,DOC,45.0,USD
2021-01-046,2021-01-25,CNSHA-NLRTM,BAS,2455.83,USD
2021-01-046,2021-01-25,CNSHA-NLRTM,BAF,383.0,USD
2021-01-046,2021-01-25,CNSHA-NLRTM,THC,221.69,EUR
2021-01-046,2021-01-25,CNSHA-NLRTM,DOC,45.0,USD
2021-01-055,2021-01-25,CNSHA-USLAX,BAS,1969.1,USD
2021-01-055,2021-01-25,CNSHA-USLAX,BAF,392.41,USD
2021-01-055,2021-01-25,CNSHA-USLAX,THC,212.59,EUR
2021-01-055,2021-01-25,CNSHA-USLAX,DOC,45.0,USD
2021-01-002,2021-01-26,CNSHA-USLAX,BAS,1960.04,USD
2021-01-002,2021-01-26,CNSHA-USLAX,BAF,378.78,USD
2021-01-002,2021-01-26,CNSHA-USLAX,THC,219.44,EUR
2021-01-002,2021-01-26,CNSHA-USLAX,DOC,45.0,USD
2021-01-008,2021-01-27,CNSHA-NLRTM,BAS,2462.41,USD
2021-01-008,2021-01-27,CNSHA-NLRTM,BAF,396.66,USD
2021-01-008,2021-01-27,CNSHA-NLRTM,THC,221.35,EUR
2021-01-008,2021-01-27,CNSHA-NLRTM,DOC,45.0,USD
2021-01-020,2021-01-27,CNSHA-USLAX,BAS,1961.47,USD
2021-01-020,2021-01-27,CNSHA-USLAX,BAF,342.82,USD
2021-01-020,2021-01-27,CNSHA-USLAX,THC,208.09,EUR
2021-01-020,2021-01-27,CNSHA-USLAX,DOC,45.0,USD
2021-01-025,2021-01-27,CNSHA-NLRTM,BAS,2435.01,USD
2021-01-025,2021-01-27,CNSHA-NLRTM,BAF,379.48,USD
2021-01-025,2021-01-27,CNSHA-NLRTM,THC,230.98,EUR
2021-01-025,2021-01-27,CNSHA-NLRTM,DOC,45.0,USD
2021-01-029,2021-01-27,CNSHA-USLAX,BAS,1928.52,USD
2021-01-029,2021-01-27,CNSHA-USLAX,BAF,395.55,USD
2021-01-029,2021-01-27,CNSHA-USLAX,THC,210.33,EUR
2021-01-029,2021-01-27,CNSHA-USLAX,DOC,45.0,USD
2021-01-038,2021-01-27,CNSHA-NLRTM,BAS,2463.99,USD
2021-01-038,2021-01-27,CNSHA-NLRTM,BAF,367.16,USD
2021-01-038,2021-01-27,CNSHA-NLRTM,THC,228.6,EUR
2021-01-038,2021-01-27,CNSHA-NLRTM,DOC,45.0,USD
2021-01-041,2021-01-28,CNSHA-NLRTM,BAS,2477.19,USD
2021-01-041,2021-01-28,CNSHA-NLRTM,BAF,394.35,USD
2021-01-041,2021-01-28,CNSHA-NLRTM,THC,218.65,EUR
2021-01-041,2021-01-28,CNSHA-NLRTM,DOC,45.0,USD
2021-02-027,2021-02-01,CNSHA-USLAX,BAS,1955.14,USD
2021-02-027,2021-02-01,CNSHA-USLAX,BAF,396.96,USD
2021-02-027,2021-02-01,CNSHA-USLAX,THC,230.9,EUR
2021-02-027,2021-02-01,CNSHA-USLAX,DOC,45.0,USD
2021-02-030,2021-02-01,CNSHA-NLRTM,BAS,2465.66,USD
2021-02-030,2021-02-01,CNSHA-NLRTM,BAF,397.81,USD
2021-02-030,2021-02-01,CNSHA-NLRTM,THC,223.52,EUR
2021-02-030,2021-02-01,CNSHA-NLRTM,DOC,45.0,USD
2021-02-042,2021-02-01,CNSHA-USLAX,BAS,1973.72,USD
2021-02-042,2021-02-01,CNSHA-USLAX,BAF,387.42,USD
2021-02-042,2021-02-01,CNSHA-USLAX,THC,220.99,EUR
2021-02-042,2021-02-01,CNSHA-USLAX,DOC,45.0,USD
2021-02-000,2021-02-02,CNSHA-USLAX,BAS,1953.57,USD
2021-02-000,2021-02-02,CNSHA-USLAX,BAF,389.61,USD
2021-02-000,2021-02-02,CNSHA-USLAX,THC,210.68,EUR
2021-02-000,2021-02-02,CNSHA-USLAX,DOC,45.0,USD
2021-02-002,2021-02-02,CNSHA-NLRTM,BAS,2460.55,USD
2021-02-002,2021-02-02,CNSHA-NLRTM,BAF,366.94,USD
2021-02-002,2021-02-02,CNSHA-NLRTM,THC,223.28,EUR
2021-02-002,2021-02-02,CNSHA-NLRTM,DOC,45.0,USD
2021-02-006,2021-02-03,CNSHA-USLAX,BAS,1940.11,USD
2021-02-006,2021-02-03,CNSHA-USLAX,BAF,364.37,USD
2021-02-006,2021-02-03,CNSHA-USLAX,THC,218.19,EUR
2021-02-006,2021-02-03,CNSHA-USLAX,DOC,45.0,USD
2021-02-013,2021-02-03,CNSHA-NLRTM,BAS,2382.44,USD
2021-02-013,2021-02-03,CNSHA-NLRTM,BAF,377.07,USD
2021-02-013,2021-02-03,CNSHA-NLRTM,THC,222.06,EUR
2021-02-013,2021-02-03,CNSHA-NLRTM,DOC,45.0,USD
2021-02-040,2021-02-03,CNSHA-USLAX,BAS,1960.68,USD
2021-02-040,2021-02-03,CNSHA-USLAX,BAF,365.75,USD
2021-02-040,2021-02-03,CNSHA-USLAX,THC,207.58,EUR
2021-02-040,2021-02-03,CNSHA-USLAX,DOC,45.0,USD
2021-02-046,2021-02-03,CNSHA-USLAX,BAS,1938.36,USD
2021-02-046,2021-02-03,CNSHA-USLAX,BAF,363.35,USD
2021-02-046,2021-02-03,CNSHA-USLAX,THC,223.3,EUR
2021-02-046,2021-02-03,CNSHA-USLAX,DOC,45.0,USD
2021-02-047,2021-02-03,CNSHA-USLAX,BAS,1927.59,USD
2021-02-047,2021-02-03,CNSHA-USLAX,BAF,402.21,USD
2021-02-047,2021-02-03,CNSHA-USLAX,THC,222.84,EUR
2021-02-047,2021-02-03,CNSHA-USLAX,DOC,45.0,USD
2021-02-001,2021-02-04,CNSHA-USLAX,BAS,1971.98,USD
2021-02-001,2021-02-04,CNSHA-USLAX,BAF,388.02,USD
2021-02-001,2021-02-04,CNSHA-USLAX,THC,220.38,EUR
2021-02-001,2021-02-04,CNSHA-USLAX,DOC,45.0,USD
2021-02-010,2021-02-04,CNSHA-NLRTM,BAS,2426.96,USD
2021-02-010,2021-02-04,CNSHA-NLRTM,BAF,381.29,USD
2021-02-010,2021-02-04,CNSHA-NLRTM,THC,216.3,EUR
2021-02-010,2021-02-04,CNSHA-NLRTM,DOC,45.0,USD
2021-02-043,2021-02-04,CNSHA-USLAX,BAS,1977.4,USD
2021-02-043,2021-02-04,CNSHA-USLAX,BAF,371.69,USD
2021-02-043,2021-02-04,CNSHA-USLAX,THC,222.89,EUR
2021-02-043,2021-02-04,CNSHA-USLAX,DOC,45.0,USD
2021-02-045,2021-02-04,CNSHA-USLAX,BAS,1969.69,USD
2021-02-045,2021-02-04,CNSHA-USLAX,BAF,362.58,USD
2021-02-045,2021-02-04,CNSHA-USLAX,THC,222.51,EUR
2021-02-045,2021-02-04,CNSHA-USLAX,DOC,45.0,USD
2021-02-052,2021-02-04,CNSHA-USLAX,BAS,1942.24,USD
2021-02-052,2021-02-04,CNSHA-USLAX,BAF,363.56,USD
2021-02-052,2021-02-04,CNSHA-USLAX,THC,222.79,EUR
2021-02-052,2021-02-04,CNSHA-USLAX,DOC,45.0,USD
2021-02-012,2021-02-05,CNSHA-USLAX,BAS,1944.17,USD
2021-02-012,2021-02-05,CNSHA-USLAX,BAF,397.45,USD
2021-02-012,2021-02-05,CNSHA-USLAX,THC,216.22,EUR
2021-02-012,2021-02-05,CNSHA-USLAX,DOC,45.0,USD
2021-02-015,2021-02-05,CNSHA-USLAX,BAS,1907.89,USD
2021-02-015,2021-02-05,CNSHA-USLAX,BAF,404.33,USD
2021-02-015,2021-02-05,CNSHA-USLAX,THC,212.89,EUR
2021-02-015,2021-02-05,CNSHA-USLAX,DOC,45.0,USD
2021-02-053,2021-02-05,CNSHA-USLAX,BAS,1948.28,USD
2021-02-053,2021-02-05,CNSHA-USLAX,BAF,402.51,USD
2021-02-053,2021-02-05,CNSHA-USLAX,THC,217.52,EUR
2021-02-053,2021-02-05,CNSHA-USLAX,DOC,45.0,USD
2021-02-004,2021-02-06,CNSHA-USLAX,BAS,1958.1,USD
2021-02-004,2021-02-06,CNSHA-USLAX,BAF,385.56,USD
2021-02-004,2021-02-06,CNSHA-USLAX,THC,213.14,EUR
2021-02-004,2021-02-06,CNSHA-USLAX,DOC,45.0,USD
2021-02-005,2021-02-06,CNSHA-USLAX,BAS,1984.16,USD
2021-02-005,2021-02-06,CNSHA-USLAX,BAF,385.94,USD
2021-02-005,2021-02-06,CNSHA-USLAX,THC,231.07,EUR
2021-02-005,2021-02-06,CNSHA-USLAX,DOC,45.0,USD
2021-02-014,2021-02-07,CNSHA-USLAX,BAS,1946.47,USD
2021-02-014,2021-02-07,CNSHA-USLAX,BAF,380.34,USD
2021-02-014,2021-02-07,CNSHA-USLAX,THC,225.49,EUR
2021-02-014,2021-02-07,CNSHA-USLAX,DOC,45.0,USD
2021-02-024,2021-02-07,CNSHA-USLAX,BAS,1964.83,USD
2021-02-024,2021-02-07,CNSHA-USLAX,BAF,410.31,USD
2021-02-024,2021-02-07,CNSHA-USLAX,THC,205.7,EUR
2021-02-024,2021-02-07,CNSHA-USLAX,DOC,45.0,USD
2021-02-041,2021-02-07,CNSHA-NLRTM,BAS,2489.9,USD
2021-02-041,2021-02-07,CNSHA-NLRTM,BAF,388.41,USD
2021-02-041,2021-02-07,CNSHA-NLRTM,THC,204.71,EUR
2021-02-041,2021-02-07,CNSHA-NLRTM,DOC,45.0,USD
2021-02-025,2021-02-09,CNSHA-NLRTM,BAS,2489.47,USD
2021-02-025,2021-02-09,CNSHA-NLRTM,BAF,396.4,USD
2021-02-025,2021-02-09,CNSHA-NLRTM,THC,225.24,EUR
2021-02-025,2021-02-09,CNSHA-NLRTM,DOC,45.0,USD
2021-02-029,2021-02-09,CNSHA-USLAX,BAS,1950.99,USD
2021-02-029,2021-02-09,CNSHA-USLAX,BAF,423.62,USD
2021-02-029,2021-02-09,CNSHA-USLAX,THC,217.7,EUR
2021-02-029,2021-02-09,CNSHA-USLAX,DOC,45.0,USD
2021-02-033,2021-02-09,CNSHA-USLAX,BAS,2010.76,USD
2021-02-033,2021-02-09,CNSHA-USLAX,BAF,413.0,USD
2021-02-033,2021-02-09,CNSHA-USLAX,THC,224.82,EUR
2021-02-033,2021-02-09,CNSHA-USLAX,DOC,45.0,USD
2021-02-034,2021-02-10,CNSHA-NLRTM,BAS,2482.67,USD
2021-02-034,2021-02-10,CNSHA-NLRTM,BAF,383.01,USD
2021-02-034,2021-02-10,CNSHA-NLRTM,THC,220.85,EUR
2021-02-034,2021-02-10,CNSHA-NLRTM,DOC,45.0,USD
2021-02-044,2021-02-10,CNSHA-NLRTM,BAS,2468.04,USD
2021-02-044,2021-02-10,CNSHA-NLRTM,BAF,357.33,USD
2021-02-044,2021-02-10,CNSHA-NLRTM,THC,221.12,EUR
2021-02-044,2021-02-10,CNSHA-NLRTM,DOC,45.0,USD
2021-02-017,2021-02-11,CNSHA-USLAX,BAS,1957.83,USD
2021-02-017,2021-02-11,CNSHA-USLAX,BAF,389.3,USD
2021-02-017,2021-02-11,CNSHA-USLAX,THC,213.62,EUR
2021-02-017,2021-02-11,CNSHA-USLAX,DOC,45.0,USD
2021-02-022,2021-02-11,CNSHA-NLRTM,BAS,2487.49,USD
2021-02-022,2021-02-11,CNSHA-NLRTM,BAF,365.31,USD
2021-02-022,2021-02-11,CNSHA-NLRTM,THC,205.13,EUR
2021-02-022,2021-02-11,CNSHA-NLRTM,DOC,45.0,USD
2021-02-026,2021-02-11,CNSHA-USLAX,BAS,1956.77,USD
2021-02-026,2021-02-11,CNSHA-USLAX,BAF,366.63,USD
2021-02-026,2021-02-11,CNSHA-USLAX,THC,209.9,EUR
2021-02-026,2021-02-11,CNSHA-USLAX,DOC,45.0,USD
2021-02-038,2021-02-12,CNSHA-USLAX,BAS,1933.61,USD
2021-02-038,2021-02-12,CNSHA-USLAX,BAF,384.83,USD
2021-02-038,2021-02-12,CNSHA-USLAX,THC,228.07,EUR
2021-02-038,2021-02-12,CNSHA-USLAX,DOC,45.0,USD
2021-02-049,2021-02-14,CNSHA-USLAX,BAS,1966.66,USD
2021-02-049,2021-02-14,CNSHA-USLAX,BAF,363.62,USD
2021-02-049,2021-02-14,CNSHA-USLAX,THC,212.53,EUR
2021-02-049,2021-02-14,CNSHA-USLAX,DOC,45.0,USD
2021-02-008,2021-02-15,CNSHA-USLAX,BAS,1954.57,USD
2021-02-008,2021-02-15,CNSHA-USLAX,BAF,401.49,USD
2021-02-008,2021-02-15,CNSHA-USLAX,THC,216.02,EUR
2021-02-008,2021-02-15,CNSHA-USLAX,DOC,45.0,USD
2021-02-020,2021-02-15,CNSHA-USLAX,BAS,1944.39,USD
2021-02-020,2021-02-15,CNSHA-USLAX,BAF,381.97,USD
2021-02-020,2021-02-15,CNSHA-USLAX,THC,232.17,EUR
2021-02-020,2021-02-15,CNSHA-USLAX,DOC,45.0,USD
2021-02-003,2021-02-16,CNSHA-NLRTM,BAS,2475.58,USD
2021-02-003,2021-02-16,CNSHA-NLRTM,BAF,382.39,USD
2021-02-003,2021-02-16,CNSHA-NLRTM,THC,221.77,EUR
2021-02-003,2021-02-16,CNSHA-NLRTM,DOC,45.0,USD
2021-02-021,2021-02-17,CNSHA-USLAX,BAS,1953.31,USD
2021-02-021,2021-02-17,CNSHA-USLAX,BAF,380.38,USD
2021-02-021,2021-02-17,CNSHA-USLAX,THC,225.77,EUR
2021-02-021,2021-02-17,CNSHA-USLAX,DOC,45.0,USD
2021-02-011,2021-02-19,CNSHA-NLRTM,BAS,2440.91,USD
2021-02-011,2021-02-19,CNSHA-NLRTM,BAF,393.5,USD
2021-02-011,2021-02-19,CNSHA-NLRTM,THC,222.5,EUR
2021-02-011,2021-02-19,CNSHA-NLRTM,DOC,45.0,USD
2021-02-019,2021-02-19,CNSHA-NLRTM,BAS,2438.89,USD
2021-02-019,2021-02-19,CNSHA-NLRTM,BAF,394.4,USD
2021-02-019,2021-02-19,CNSHA-NLRTM,THC,210.59,EUR
2021-02-019,2021-02-19,CNSHA-NLRTM,DOC,45.0,USD
2021-02-035,2021-02-19,CNSHA-USLAX,BAS,1936.16,USD
2021-02-035,2021-02-19,CNSHA-USLAX,BAF,349.15,USD
2021-02-035,2021-02-19,CNSHA-USLAX,THC,232.64,EUR
2021-02-035,2021-02-19,CNSHA-USLAX,DOC,45.0,USD
2021-02-039,2021-02-19,CNSHA-USLAX,BAS,1940.03,USD
2021-02-039,2021-02-19,CNSHA-USLAX,BAF,381.58,USD
2021-02-039,2021-02-19,CNSHA-USLAX,THC,218.95,EUR
2021-02-039,2021-02-19,CNSHA-USLAX,DOC,45.0,USD
2021-02-051,2021-02-19,CNSHA-USLAX,BAS,1959.04,USD
2021-02-051,2021-02-19,CNSHA-USLAX,BAF,446.96,USD
2021-02-051,2021-02-19,CNSHA-USLAX,THC,223.53,EUR
2021-02-051,2021-02-19,CNSHA-USLAX,DOC,45.0,USD
2021-02-009,2021-02-20,CNSHA-USLAX,BAS,1950.11,USD
2021-02-009,2021-02-20,CNSHA-USLAX,BAF,390.28,USD
2021-02-009,2021-02-20,CNSHA-USLAX,THC,216.42,EUR
2021-02-009,2021-02-20,CNSHA-USLAX,DOC,45.0,USD
2021-02-048,2021-02-20,CNSHA-USLAX,BAS,1931.23,USD
2021-02-048,2021-02-20,CNSHA-USLAX,BAF,397.1,USD
2021-02-048,2021-02-20,CNSHA-USLAX,THC,229.72,EUR
2021-02-048,2021-02-20,CNSHA-USLAX,DOC,45.0,USD
2021-02-007,2021-02-21,CNSHA-USLAX,BAS,1934.73,USD
2021-02-007,2021-02-21,CNSHA-USLAX,BAF,383.16,USD
2021-02-007,2021-02-21,CNSHA-USLAX,THC,221.32,EUR
2021-02-007,2021-02-21,CNSHA-USLAX,DOC,45.0,USD
2021-02-032,2021-02-22,CNSHA-USLAX,BAS,1931.91,USD
2021-02-032,2021-02-22,CNSHA-USLAX,BAF,386.53,USD
2021-02-032,2021-02-22,CNSHA-USLAX,THC,212.27,EUR
2021-02-032,2021-02-22,CNSHA-USLAX,DOC,45.0,USD
2021-02-055,2021-02-22,CNSHA-USLAX,BAS,1988.81,USD
2021-02-055,2021-02-22,CNSHA-USLAX,BAF,385.41,USD
2021-02-055,2021-02-22,CNSHA-USLAX,THC,229.26,EUR
2021-02-055,2021-02-22,CNSHA-USLAX,DOC,45.0,USD
2021-02-036,2021-02-23,CNSHA-USLAX,BAS,1948.91,USD
2021-02-036,2021-02-23,CNSHA-USLAX,BAF,356.61,USD
2021-02-036,2021-02-23,CNSHA-USLAX,THC,221.16,EUR
2021-02-036,2021-02-23,CNSHA-USLAX,DOC,45.0,USD
2021-02-018,2021-02-24,CNSHA-NLRTM,BAS,2435.66,USD
2021-02-018,2021-02-24,CNSHA-NLRTM,BAF,389.86,USD
2021-02-018,2021-02-24,CNSHA-NLRTM,THC,226.81,EUR
2021-02-018,2021-02-24,CNSHA-NLRTM,DOC,45.0,USD
2021-02-023,2021-02-24,CNSHA-NLRTM,BAS,2455.55,USD
2021-02-023,2021-02-24,CNSHA-NLRTM,BAF,390.22,USD
2021-02-023,2021-02-24,CNSHA-NLRTM,THC,216.05,EUR
2021-02-023,2021-02-24,CNSHA-NLRTM,DOC,45.0,USD
2021-02-057,2021-02-24,CNSHA-NLRTM,BAS,2454.14,USD
2021-02-057,2021-02-24,CNSHA-NLRTM,BAF,383.34,USD
2021-02-057,2021-02-24,CNSHA-NLRTM,THC,221.6,EUR
2021-02-057,2021-02-24,CNSHA-NLRTM,DOC,45.0,USD
2021-02-016,2021-02-25,CNSHA-NLRTM,BAS,2472.31,USD
2021-02-016,2021-02-25,CNSHA-NLRTM,BAF,402.1,USD
2021-02-016,2021-02-25,CNSHA-NLRTM,THC,232.26,EUR
2021-02-016,2021-02-25,CNSHA-NLRTM,DOC,45.0,USD
2021-02-028,2021-02-25,CNSHA-USLAX,BAS,1985.83,USD
2021-02-028,2021-02-25,CNSHA-USLAX,BAF,369.77,USD
2021-02-028,2021-02-25,CNSHA-USLAX,THC,213.67,EUR
2021-02-028,2021-02-25,CNSHA-USLAX,DOC,45.0,USD
2021-02-054,2021-02-26,CNSHA-NLRTM,BAS,2466.71,USD
2021-02-054,2021-02-26,CNSHA-NLRTM,BAF,399.44,USD
2021-02-054,2021-02-26,CNSHA-NLRTM,THC,211.08,EUR
2021-02-054,2021-02-26,CNSHA-NLRTM,DOC,45.0,USD
2021-02-031,2021-02-27,CNSHA-USLAX,BAS,1939.41,USD
2021-02-031,2021-02-27,CNSHA-USLAX,BAF,412.72,USD
2021-02-031,2021-02-27,CNSHA-USLAX,THC,226.47,EUR
2021-02-031,2021-02-27,CNSHA-USLAX,DOC,45.0,USD
2021-02-037,2021-02-27,CNSHA-USLAX,BAS,1933.93,USD
2021-02-037,2021-02-27,CNSHA-USLAX,BAF,385.77,USD
2021-02-037,2021-02-27,CNSHA-USLAX,THC,220.72,EUR
2021-02-037,2021-02-27,CNSHA-USLAX,DOC,45.0,USD
2021-02-050,2021-02-27,CNSHA-NLRTM,BAS,2484.65,USD
2021-02-050,2021-02-27,CNSHA-NLRTM,BAF,347.82,USD
2021-02-050,2021-02-27,CNSHA-NLRTM,THC,224.02,EUR
2021-02-050,2021-02-27,CNSHA-NLRTM,DOC,45.0,USD
2021-02-056,2021-02-28,CNSHA-USLAX,BAS,1966.68,USD
2021-02-056,2021-02-28,CNSHA-USLAX,BAF,363.77,USD
2021-02-056,2021-02-28,CNSHA-USLAX,THC,221.72,EUR
2021-02-056,2021-02-28,CNSHA-USLAX,DOC,45.0,USD
2021-03-033,2021-03-01,CNSHA-USLAX,BAS,1977.8,USD
2021-03-033,2021-03-01,CNSHA-USLAX,BAF,372.88,USD
2021-03-033,2021-03-01,CNSHA-USLAX,THC,232.55,EUR
2021-03-033,2021-03-01,CNSHA-USLAX,DOC,45.0,USD
2021-03-018,2021-03-02,CNSHA-USLAX,BAS,1964.82,USD
2021-03-018,2021-03-02,CNSHA-USLAX,BAF,391.45,USD
2021-03-018,2021-03-02,CNSHA-USLAX,THC,210.86,EUR
2021-03-018,2021-03-02,CNSHA-USLAX,DOC,45.0,USD
2021-03-027,2021-03-02,CNSHA-USLAX,BAS,1935.94,USD
2021-03-027,2021-03-02,CNSHA-USLAX,BAF,395.14,USD
2021-03-027,2021-03-02,CNSHA-USLAX,THC,227.41,EUR
2021-03-027,2021-03-02,CNSHA-USLAX,DOC,45.0,USD
2021-03-050,2021-03-02,CNSHA-USLAX,BAS,1920.03,USD
2021-03-050,2021-03-02,CNSHA-USLAX,BAF,387.92,USD
2021-03-050,2021-03-02,CNSHA-USLAX,THC,213.91,EUR
2021-03-050,2021-03-02,CNSHA-USLAX,DOC,45.0,USD
2021-03-060,2021-03-02,CNSHA-USLAX,BAS,1968.75,USD
2021-03-060,2021-03-02,CNSHA-USLAX,BAF,374.73,USD
2021-03-060,2021-03-02,CNSHA-USLAX,THC,215.73,EUR
2021-03-060,2021-03-02,CNSHA-USLAX,DOC,45.0,USD
2021-03-015,2021-03-03,CNSHA-USLAX,BAS,1962.9,USD
2021-03-015,2021-03-03,CNSHA-USLAX,BAF,363.55,USD
2021-03-015,2021-03-03,CNSHA-USLAX,THC,218.76,EUR
2021-03-015,2021-03-03,CNSHA-USLAX,DOC,45.0,USD
2021-03-028,2021-03-03,CNSHA-USLAX,BAS,1937.9,USD
2021-03-028,2021-03-03,CNSHA-USLAX,BAF,386.36,USD
2021-03-028,2021-03-03,CNSHA-USLAX,THC,218.38,EUR
2021-03-028,2021-03-03,CNSHA-USLAX,DOC,45.0,USD
2021-03-037,2021-03-03,CNSHA-USLAX,BAS,1946.79,USD
2021-03-037,2021-03-03,CNSHA-USLAX,BAF,403.9,USD
2021-03-037,2021-03-03,CNSHA-USLAX,THC,218.73,EUR
2021-03-037,2021-03-03,CNSHA-USLAX,DOC,45.0,USD
2021-03-042,2021-03-03,CNSHA-USLAX,BAS,1954.87,USD
2021-03-042,2021-03-03,CNSHA-USLAX,BAF,384.94,USD
2021-03-042,2021-03-03,CNSHA-USLAX,THC,222.74,EUR
2021-03-042,2021-03-03,CNSHA-USLAX,DOC,45.0,USD
2021-03-006,2021-03-04,CNSHA-USLAX,BAS,1978.98,USD
2021-03-006,2021-03-04,CNSHA-USLAX,BAF,409.87,USD
2021-03-006,2021-03-04,CNSHA-USLAX,THC,221.87,EUR
2021-03-006,2021-03-04,CNSHA-USLAX,DOC,45.0,USD
2021-03-009,2021-03-06,CNSHA-USLAX,BAS,1948.39,USD
2021-03-009,2021-03-06,CNSHA-USLAX,BAF,365.33,USD
2021-03-009,2021-03-06,CNSHA-USLAX,THC,214.87,EUR
2021-03-009,2021-03-06,CNSHA-USLAX,DOC,45.0,USD
2021-03-007,2021-03-07,CNSHA-NLRTM,BAS,2460.16,USD
2021-03-007,2021-03-07,CNSHA-NLRTM,BAF,397.73,USD
2021-03-007,2021-03-07,CNSHA-NLRTM,THC,211.58,EUR
2021-03-007,2021-03-07,CNSHA-NLRTM,DOC,45.0,USD
2021-03-003,2021-03-08,CNSHA-NLRTM,BAS,2438.75,USD
2021-03-003,2021-03-08,CNSHA-NLRTM,BAF,399.54,USD
2021-03-003,2021-03-08,CNSHA-NLRTM,THC,215.73,EUR
2021-03-003,2021-03-08,CNSHA-NLRTM,DOC,45.0,USD
2021-03-035,2021-03-08,CNSHA-USLAX,BAS,1974.42,USD
2021-03-035,2021-03-08,CNSHA-USLAX,BAF,411.8,USD
2021-03-035,2021-03-08,CNSHA-USLAX,THC,218.9,EUR
2021-03-035,2021-03-08,CNSHA-USLAX,DOC,45.0,USD
2021-03-052,2021-03-08,CNSHA-USLAX,BAS,1985.91,USD
2021-03-052,2021-03-08,CNSHA-USLAX,BAF,371.38,USD
2021-03-052,2021-03-08,CNSHA-USLAX,THC,211.85,EUR
2021-03-052,2021-03-08,CNSHA-USLAX,DOC,45.0,USD
2021-03-038,2021-03-09,CNSHA-USLAX,BAS,1999.12,USD
2021-03-038,2021-03-09,CNSHA-USLAX,BAF,419.75,USD
2021-03-038,2021-03-09,CNSHA-USLAX,THC,226.25,EUR
2021-03-038,2021-03-09,CNSHA-USLAX,DOC,45.0,USD
2021-03-000,2021-03-10,CNSHA-NLRTM,BAS,2432.39,USD
2021-03-000,2021-03-10,CNSHA-NLRTM,BAF,407.25,USD
2021-03-000,2021-03-10,CNSHA-NLRTM,THC,231.38,EUR
2021-03-000,2021-03-10,CNSHA-NLRTM,DOC,45.0,USD
2021-03-058,2021-03-10,CNSHA-USLAX,BAS,1978.42,USD
2021-03-058,2021-03-10,CNSHA-USLAX,BAF,386.1,USD
2021-03-058,2021-03-10,CNSHA-USLAX,THC,222.31,EUR
2021-03-058,2021-03-10,CNSHA-USLAX,DOC,45.0,USD
2021-03-013,2021-03-11,CNSHA-USLAX,BAS,1973.7,USD
2021-03-013,2021-03-11,CNSHA-USLAX,BAF,387.0,USD
2021-03-013,2021-03-11,CNSHA-USLAX,THC,224.76,EUR
2021-03-013,2021-03-11,CNSHA-USLAX,DOC,45.0,USD
2021-03-021,2021-03-13,CNSHA-USLAX,BAS,1951.48,USD
2021-03-021,2021-03-13,CNSHA-USLAX,BAF,408.85,USD
2021-03-021,2021-03-13,CNSHA-USLAX,THC,224.91,EUR
2021-03-021,2021-03-13,CNSHA-USLAX,DOC,45.0,USD
2021-03-019,2021-03-14,CNSHA-USLAX,BAS,1944.27,USD
2021-03-019,2021-03-14,CNSHA-USLAX,BAF,399.91,USD
2021-03-019,2021-03-14,CNSHA-USLAX,THC,226.61,EUR
2021-03-019,2021-03-14,CNSHA-USLAX,DOC,45.0,USD
2021-03-026,2021-03-14,CNSHA-USLAX,BAS,1927.91,USD
2021-03-026,2021-03-14,CNSHA-USLAX,BAF,401.64,USD
2021-03-026,2021-03-14,CNSHA-USLAX,THC,210.93,EUR
2021-03-026,2021-03-14,CNSHA-USLAX,DOC,45.0,USD
2021-03-004,2021-03-15,CNSHA-USLAX,BAS,1956.69,USD
2021-03-004,2021-03-15,CNSHA-USLAX,BAF,447.18,USD
2021-03-004,2021-03-15,CNSHA-USLAX,THC,223.25,EUR
2021-03-004,2021-03-15,CNSHA-USLAX,DOC,45.0,USD
2021-03-010,2021-03-15,CNSHA-USLAX,BAS,1958.07,USD
2021-03-010,2021-03-15,CNSHA-USLAX,BAF,349.72,USD
2021-03-010,2021-03-15,CNSHA-USLAX,THC,226.1,EUR
2021-03-010,2021-03-15,CNSHA-USLAX,DOC,45.0,USD
2021-03-020,2021-03-15,CNSHA-USLAX,BAS,1948.45,USD
2021-03-020,2021-03-15,CNSHA-USLAX,BAF,415.95,USD
2021-03-020,2021-03-15,CNSHA-USLAX,THC,220.91,EUR
2021-03-020,2021-03-15,CNSHA-USLAX,DOC,45.0,USD
2021-03-032,2021-03-15,CNSHA-NLRTM,BAS,2466.65,USD
2021-03-032,2021-03-15,CNSHA-NLRTM,BAF,394.34,USD
2021-03-032,2021-03-15,CNSHA-NLRTM,THC,221.12,EUR
2021-03-032,2021-03-15,CNSHA-NLRTM,DOC,45.0,USD
2021-03-040,2021-03-15,CNSHA-USLAX,BAS,1941.47,USD
2021-03-040,2021-03-15,CNSHA-USLAX,BAF,398.54,USD
2021-03-040,2021-03-15,CNSHA-USLAX,THC,211.77,EUR
2021-03-040,2021-03-15,CNSHA-USLAX,DOC,45.0,USD
2021-03-049,2021-03-15,CNSHA-USLAX,BAS,1983.08,USD
2021-03-049,2021-03-15,CNSHA-USLAX,BAF,411.13,USD
2021-03-049,2021-03-15,CNSHA-USLAX,THC,213.26,EUR
2021-03-049,2021-03-15,CNSHA-USLAX,DOC,45.0,USD
2021-03-057,2021-03-15,CNSHA-USLAX,BAS,1965.93,USD
2021-03-057,2021-03-15,CNSHA-USLAX,BAF,387.26,USD
2021-03-057,2021-03-15,CNSHA-USLAX,THC,225.74,EUR
2021-03-057,2021-03-15,CNSHA-USLAX,DOC,45.0,USD
2021-03-046,2021-03-17,CNSHA-USLAX,BAS,1973.19,USD
2021-03-046,2021-03-17,CNSHA-USLAX,BAF,393.95,USD
2021-03-046,2021-03-17,CNSHA-USLAX,THC,232.59,EUR
2021-03-046,2021-03-17,CNSHA-USLAX,DOC,45.0,USD
2021-03-039,2021-03-18,CNSHA-USLAX,BAS,1940.66,USD
2021-03-039,2021-03-18,CNSHA-USLAX,BAF,372.94,USD
2021-03-039,2021-03-18,CNSHA-USLAX,THC,221.29,EUR
2021-03-039,2021-03-18,CNSHA-USLAX,DOC,45.0,USD
2021-03-041,2021-03-18,CNSHA-NLRTM,BAS,2440.33,USD
2021-03-041,2021-03-18,CNSHA-NLRTM,BAF,375.48,USD
2021-03-041,2021-03-18,CNSHA-NLRTM,THC,233.04,EUR
2021-03-041,2021-03-18,CNSHA-NLRTM,DOC,45.0,USD
2021-03-044,2021-03-18,CNSHA-USLAX,BAS,1970.76,USD
2021-03-044,2021-03-18,CNSHA-USLAX,BAF,411.24,USD
2021-03-044,2021-03-18,CNSHA-USLAX,THC,222.4,EUR
2021-03-044,2021-03-18,CNSHA-USLAX,DOC,45.0,USD
2021-03-055,2021-03-18,CNSHA-USLAX,BAS,1954.07,USD
2021-03-055,2021-03-18,CNSHA-USLAX,BAF,408.91,USD
2021-03-055,2021-03-18,CNSHA-USLAX,THC,228.8,EUR
2021-03-055,2021-03-18,CNSHA-USLAX,DOC,45.0,USD
2021-03-002,2021-03-19,CNSHA-USLAX,BAS,1954.73,USD
2021-03-002,2021-03-19,CNSHA-USLAX,BAF,352.57,USD
2021-03-002,2021-03-19,CNSHA-USLAX,THC,218.2,EUR
2021-03-002,2021-03-19,CNSHA-USLAX,DOC,45.0,USD
2021-03-034,2021-03-19,CNSHA-USLAX,BAS,1961.66,USD
2021-03-034,2021-03-19,CNSHA-USLAX,BAF,345.62,USD
2021-03-034,2021-03-19,CNSHA-USLAX,THC,219.93,EUR
2021-03-034,2021-03-19,CNSHA-USLAX,DOC,45.0,USD
2021-03-014,2021-03-20,CNSHA-NLRTM,BAS,2450.75,USD
2021-03-014,2021-03-20,CNSHA-NLRTM,BAF,394.31,USD
2021-03-014,2021-03-20,CNSHA-NLRTM,THC,219.93,EUR
2021-03-014,2021-03-20,CNSHA-NLRTM,DOC,45.0,USD
2021-03-022,2021-03-20,CNSHA-NLRTM,BAS,2457.41,USD
2021-03-022,2021-03-20,CNSHA-NLRTM,BAF,393.29,USD
2021-03-022,2021-03-20,CNSHA-NLRTM,THC,213.79,EUR
2021-03-022,2021-03-20,CNSHA-NLRTM,DOC,45.0,USD
2021-03-030,2021-03-20,CNSHA-USLAX,BAS,1945.87,USD
2021-03-030,2021-03-20,CNSHA-USLAX,BAF,389.51,USD
2021-03-030,2021-03-20,CNSHA-USLAX,THC,218.05,EUR
2021-03-030,2021-03-20,CNSHA-USLAX,DOC,45.0,USD
2021-03-043,2021-03-20,CNSHA-USLAX,BAS,1976.99,USD
2021-03-043,2021-03-20,CNSHA-USLAX,BAF,383.17,USD
2021-03-043,2021-03-20,CNSHA-USLAX,THC,204.3,EUR
2021-03-043,2021-03-20,CNSHA-USLAX,DOC,45.0,USD
2021-03-048,2021-03-20,CNSHA-USLAX,BAS,1934.85,USD
2021-03-048,2021-03-20,CNSHA-USLAX,BAF,418.93,USD
2021-03-048,2021-03-20,CNSHA-USLAX,THC,218.42,EUR
2021-03-048,2021-03-20,CNSHA-USLAX,DOC,45.0,USD
2021-03-008,2021-03-22,CNSHA-USLAX,BAS,1954.94,USD
2021-03-008,2021-03-22,CNSHA-USLAX,BAF,391.51,USD
2021-03-008,2021-03-22,CNSHA-USLAX,THC,217.96,EUR
2021-03-008,2021-03-22,CNSHA-USLAX,DOC,45.0,USD
2021-03-017,2021-03-22,CNSHA-NLRTM,BAS,2422.53,USD
2021-03-017,2021-03-22,CNSHA-NLRTM,BAF,401.84,USD
2021-03-017,2021-03-22,CNSHA-NLRTM,THC,224.69,EUR
2021-03-017,2021-03-22,CNSHA-NLRTM,DOC,45.0,USD
2021-03-045,2021-03-22,CNSHA-USLAX,BAS,1980.75,USD
2021-03-045,2021-03-22,CNSHA-USLAX,BAF,393.5,USD
2021-03-045,2021-03-22,CNSHA-USLAX,THC,224.46,EUR
2021-03-045,2021-03-22,CNSHA-USLAX,DOC,45.0,USD
2021-03-011,2021-03-23,CNSHA-USLAX,BAS,1977.54,USD
2021-03-011,2021-03-23,CNSHA-USLAX,BAF,412.06,USD
2021-03-011,2021-03-23,CNSHA-USLAX,THC,215.3,EUR
2021-03-011,2021-03-23,CNSHA-USLAX,DOC,45.0,USD
2021-03-025,2021-03-23,CNSHA-NLRTM,BAS,2461.73,USD
2021-03-025,2021-03-23,CNSHA-NLRTM,BAF,394.61,USD
2021-03-025,2021-03-23,CNSHA-NLRTM,THC,224.28,EUR
2021-03-025,2021-03-23,CNSHA-NLRTM,DOC,45.0,USD
2021-03-056,2021-03-23,CNSHA-USLAX,BAS,1951.2,USD
2021-03-056,2021-03-23,CNSHA-USLAX,BAF,386.94,USD
2021-03-056,2021-03-23,CNSHA-USLAX,THC,211.09,EUR
2021-03-056,2021-03-23,CNSHA-USLAX,DOC,45.0,USD
2021-03-023,2021-03-24,CNSHA-NLRTM,BAS,2429.53,USD
2021-03-023,2021-03-24,CNSHA-NLRTM,BAF,379.45,USD
2021-03-023,2021-03-24,CNSHA-NLRTM,THC,210.85,EUR
2021-03-023,2021-03-24,CNSHA-NLRTM,DOC,45.0,USD
2021-03-059,2021-03-24,CNSHA-NLRTM,BAS,2481.32,USD
2021-03-059,2021-03-24,CNSHA-NLRTM,BAF,390.46,USD
2021-03-059,2021-03-24,CNSHA-NLRTM,THC,218.99,EUR
2021-03-059,2021-03-24,CNSHA-NLRTM,DOC,45.0,USD
2021-03-001,2021-03-25,CNSHA-USLAX,BAS,1972.21,USD
2021-03-001,2021-03-25,CNSHA-USLAX,BAF,408.43,USD
2021-03-001,2021-03-25,CNSHA-USLAX,THC,210.99,EUR
2021-03-001,2021-03-25,CNSHA-USLAX,DOC,45.0,USD
2021-03-005,2021-03-25,CNSHA-USLAX,BAS,2006.02,USD
2021-03-005,2021-03-25,CNSHA-USLAX,BAF,392.71,USD
2021-03-005,2021-03-25,CNSHA-USLAX,THC,228.45,EUR
2021-03-005,2021-03-25,CNSHA-USLAX,DOC,45.0,USD
2021-03-012,2021-03-25,CNSHA-NLRTM,BAS,2427.13,USD
2021-03-012,2021-03-25,CNSHA-NLRTM,BAF,405.27,USD
2021-03-012,2021-03-25,CNSHA-NLRTM,THC,225.97,EUR
2021-03-012,2021-03-25,CNSHA-NLRTM,DOC,45.0,USD
2021-03-051,2021-03-25,CNSHA-NLRTM,BAS,2450.32,USD
2021-03-051,2021-03-25,CNSHA-NLRTM,BAF,382.84,USD
2021-03-051,2021-03-25,CNSHA-NLRTM,THC,223.59,EUR
2021-03-051,2021-03-25,CNSHA-NLRTM,DOC,45.0,USD
2021-03-029,2021-03-26,CNSHA-USLAX,BAS,1957.16,USD
2021-03-029,2021-03-26,CNSHA-USLAX,BAF,384.12,USD
2021-03-029,2021-03-26,CNSHA-USLAX,THC,228.64,EUR
2021-03-029,2021-03-26,CNSHA-USLAX,DOC,45.0,USD
2021-03-053,2021-03-26,CNSHA-USLAX,BAS,1983.5,USD
2021-03-053,2021-03-26,CNSHA-USLAX,BAF,406.54,USD
2021-03-053,2021-03-26,CNSHA-USLAX,THC,211.04,EUR
2021-03-053,2021-03-26,CNSHA-USLAX,DOC,45.0,USD
2021-03-054,2021-03-26,CNSHA-USLAX,BAS,1963.23,USD
2021-03-054,2021-03-26,CNSHA-USLAX,BAF,390.37,USD
2021-03-054,2021-03-26,CNSHA-USLAX,THC,218.55,EUR
2021-03-054,2021-03-26,CNSHA-USLAX,DOC,45.0,USD
2021-03-036,2021-03-27,CNSHA-USLAX,BAS,1964.28,USD
2021-03-036,2021-03-27,CNSHA-USLAX,BAF,348.56,USD
2021-03-036,2021-03-27,CNSHA-USLAX,THC,217.14,EUR
2021-03-036,2021-03-27,CNSHA-USLAX,DOC,45.0,USD
2021-03-047,2021-03-27,CNSHA-USLAX,BAS,1940.03,USD
2021-03-047,2021-03-27,CNSHA-USLAX,BAF,397.31,USD
2021-03-047,2021-03-27,CNSHA-USLAX,THC,222.03,EUR
2021-03-047,2021-03-27,CNSHA-USLAX,DOC,45.0,USD
2021-03-016,2021-03-28,CNSHA-NLRTM,BAS,2514.92,USD
2021-03-016,2021-03-28,CNSHA-NLRTM,BAF,381.32,USD
2021-03-016,2021-03-28,CNSHA-NLRTM,THC,220.79,EUR
2021-03-016,2021-03-28,CNSHA-NLRTM,DOC,45.0,USD
2021-03-024,2021-03-28,CNSHA-USLAX,BAS,1952.92,USD
2021-03-024,2021-03-28,CNSHA-USLAX,BAF,360.91,USD
2021-03-024,2021-03-28,CNSHA-USLAX,THC,214.75,EUR
2021-03-024,2021-03-28,CNSHA-USLAX,DOC,45.0,USD
2021-03-031,2021-03-28,CNSHA-USLAX,BAS,1955.14,USD
2021-03-031,2021-03-28,CNSHA-USLAX,BAF,409.09,USD
2021-03-031,2021-03-28,CNSHA-USLAX,THC,233.46,EUR
2021-03-031,2021-03-28,CNSHA-USLAX,DOC,45.0,USD
2021-04-007,2021-04-01,CNSHA-USLAX,BAS,1961.65,USD
2021-04-007,2021-04-01,CNSHA-USLAX,BAF,418.67,USD
2021-04-007,2021-04-01,CNSHA-USLAX,THC,229.06,EUR
2021-04-007,2021-04-01,CNSHA-USLAX,DOC,45.0,USD
2021-04-008,2021-04-01,CNSHA-USLAX,BAS,1983.06,USD
2021-04-008,2021-04-01,CNSHA-USLAX,BAF,428.2,USD
2021-04-008,2021-04-01,CNSHA-USLAX,THC,222.44,EUR
2021-04-008,2021-04-01,CNSHA-USLAX,DOC,45.0,USD
2021-04-031,2021-04-01,CNSHA-NLRTM,BAS,2440.08,USD
2021-04-031,2021-04-01,CNSHA-NLRTM,BAF,390.97,USD
2021-04-031,2021-04-01,CNSHA-NLRTM,THC,214.94,EUR
2021-04-031,2021-04-01,CNSHA-NLRTM,DOC,45.0,USD
2021-04-002,2021-04-02,CNSHA-NLRTM,BAS,2403.78,USD
2021-04-002,2021-04-02,CNSHA-NLRTM,BAF,365.01,USD
2021-04-002,2021-04-02,CNSHA-NLRTM,THC,219.01,EUR
2021-04-002,2021-04-02,CNSHA-NLRTM,DOC,45.0,USD
2021-04-054,2021-04-02,CNSHA-NLRTM,BAS,2464.85,USD
2021-04-054,2021-04-02,CNSHA-NLRTM,BAF,412.43,USD
2021-04-054,2021-04-02,CNSHA-NLRTM,THC,208.71,EUR
2021-04-054,2021-04-02,CNSHA-NLRTM,DOC,45.0,USD
2021-04-052,2021-04-03,CNSHA-NLRTM,BAS,2439.84,USD
2021-04-052,2021-04-03,CNSHA-NLRTM,BAF,413.6,USD
2021-04-052,2021-04-03,CNSHA-NLRTM,THC,223.94,EUR
2021-04-052,2021-04-03,CNSHA-NLRTM,DOC,45.0,USD
2021-04-035,2021-04-04,CNSHA-USLAX,BAS,1938.32,USD
2021-04-035,2021-04-04,CNSHA-USLAX,BAF,405.68,USD
2021-04-035,2021-04-04,CNSHA-USLAX,THC,210.39,EUR
2021-04-035,2021-04-04,CNSHA-USLAX,DOC,45.0,USD
2021-04-006,2021-04-05,CNSHA-USLAX,BAS,1936.97,USD
2021-04-006,2021-04-05,CNSHA-USLAX,BAF,381.14,USD
2021-04-006,2021-04-05,CNSHA-USLAX,THC,216.64,EUR
2021-04-006,2021-04-05,CNSHA-USLAX,DOC,45.0,USD
2021-04-037,2021-04-05,CNSHA-NLRTM,BAS,2459.99,USD
2021-04-037,2021-04-05,CNSHA-NLRTM,BAF,397.69,USD
2021-04-037,2021-04-05,CNSHA-NLRTM,THC,222.94,EUR
2021-04-037,2021-04-05,CNSHA-NLRTM,DOC,45.0,USD
2021-04-053,2021-04-05,CNSHA-NLRTM,BAS,2488.12,USD
2021-04-053,2021-04-05,CNSHA-NLRTM,BAF,368.88,USD
2021-04-053,2021-04-05,CNSHA-NLRTM,THC,218.07,EUR
2021-04-053,2021-04-05,CNSHA-NLRTM,DOC,45.0,USD
2021-04-057,2021-04-05,CNSHA-USLAX,BAS,1958.31,USD
2021-04-057,2021-04-05,CNSHA-USLAX,BAF,397.97,USD
2021-04-057,2021-04-05,CNSHA-USLAX,THC,222.09,EUR
2021-04-057,2021-04-05,CNSHA-USLAX,DOC,45.0,USD
2021-04-000,2021-04-06,CNSHA-USLAX,BAS,1954.5,USD
2021-04-000,2021-04-06,CNSHA-USLAX,BAF,417.68,USD
2021-04-000,2021-04-06,CNSHA-USLAX,THC,219.35,EUR
2021-04-000,2021-04-06,CNSHA-USLAX,DOC,45.0,USD
2021-04-039,2021-04-06,CNSHA-USLAX,BAS,1933.86,USD
2021-04-039,2021-04-06,CNSHA-USLAX,BAF,386.27,USD
2021-04-039,2021-04-06,CNSHA-USLAX,THC,234.26,EUR
2021-04-039,2021-04-06,CNSHA-USLAX,DOC,45.0,USD
2021-04-055,2021-04-06,CNSHA-NLRTM,BAS,2469.02,USD
2021-04-055,2021-04-06,CNSHA-NLRTM,BAF,405.49,USD
2021-04-055,2021-04-06,CNSHA-NLRTM,THC,212.3,EUR
2021-04-055,2021-04-06,CNSHA-NLRTM,DOC,45.0,USD
2021-04-001,2021-04-07,CNSHA-USLAX,BAS,1929.72,USD
2021-04-001,2021-04-07,CNSHA-USLAX,BAF,416.69,USD
2021-04-001,2021-04-07,CNSHA-USLAX,THC,223.33,EUR
2021-04-001,2021-04-07,CNSHA-USLAX,DOC,45.0,USD
2021-04-010,2021-04-07,CNSHA-USLAX,BAS,1937.06,USD
2021-04-010,2021-04-07,CNSHA-USLAX,BAF,380.55,USD
2021-04-010,2021-04-07,CNSHA-USLAX,THC,219.57,EUR
2021-04-010,2021-04-07,CNSHA-USLAX,DOC,45.0,USD
2021-04-032,2021-04-08,CNSHA-USLAX,BAS,1957.7,USD
2021-04-032,2021-04-08,CNSHA-USLAX,BAF,408.07,USD
2021-04-032,2021-04-08,CNSHA-USLAX,THC,225.16,EUR
2021-04-032,2021-04-08,CNSHA-USLAX,DOC,45.0,USD
2021-04-042,2021-04-08,CNSHA-USLAX,BAS,1966.16,USD
2021-04-042,2021-04-08,CNSHA-USLAX,BAF,392.44,USD
2021-04-042,2021-04-08,CNSHA-USLAX,THC,222.62,EUR
2021-04-042,2021-04-08,CNSHA-USLAX,DOC,45.0,USD
2021-04-044,2021-04-08,CNSHA-USLAX,BAS,1956.91,USD
2021-04-044,2021-04-08,CNSHA-USLAX,BAF,419.74,USD
2021-04-044,2021-04-08,CNSHA-USLAX,THC,216.77,EUR
2021-04-044,2021-04-08,CNSHA-USLAX,DOC,45.0,USD
2021-04-020,2021-04-09,CNSHA-NLRTM,BAS,2476.07,USD
2021-04-020,2021-04-09,CNSHA-NLRTM,BAF,421.23,USD
2021-04-020,2021-04-09,CNSHA-NLRTM,THC,207.11,EUR
2021-04-020,2021-04-09,CNSHA-NLRTM,DOC,45.0,USD
2021-04-056,2021-04-09,CNSHA-NLRTM,BAS,2471.98,USD
2021-04-056,2021-04-09,CNSHA-NLRTM,BAF,405.17,USD
2021-04-056,2021-04-09,CNSHA-NLRTM,THC,216.19,EUR
2021-04-056,2021-04-09,CNSHA-NLRTM,DOC,45.0,USD
2021-04-004,2021-04-10,CNSHA-NLRTM,BAS,2435.14,USD
2021-04-004,2021-04-10,CNSHA-NLRTM,BAF,356.7,USD
2021-04-004,2021-04-10,CNSHA-NLRTM,THC,220.15,EUR
2021-04-004,2021-04-10,CNSHA-NLRTM,DOC,45.0,USD
2021-04-022,2021-04-10,CNSHA-NLRTM,BAS,2449.33,USD
2021-04-022,2021-04-10,CNSHA-NLRTM,BAF,417.72,USD
2021-04-022,2021-04-10,CNSHA-NLRTM,THC,208.59,EUR
2021-04-022,2021-04-10,CNSHA-NLRTM,DOC,45.0,USD
2021-04-030,2021-04-10,CNSHA-USLAX,BAS,1950.67,USD
2021-04-030,2021-04-10,CNSHA-USLAX,BAF,393.11,USD
2021-04-030,2021-04-10,CNSHA-USLAX,THC,217.3,EUR
2021-04-030,2021-04-10,CNSHA-USLAX,DOC,45.0,USD
2021-04-033,2021-04-10,CNSHA-USLAX,BAS,1963.08,USD
2021-04-033,2021-04-10,CNSHA-USLAX,BAF,373.27,USD
2021-04-033,2021-04-10,CNSHA-USLAX,THC,219.23,EUR
2021-04-033,2021-04-10,CNSHA-USLAX,DOC,45.0,USD
2021-04-043,2021-04-10,CNSHA-USLAX,BAS,1972.13,USD
2021-04-043,2021-04-10,CNSHA-USLAX,BAF,371.03,USD
2021-04-043,2021-04-10,CNSHA-USLAX,THC,222.96,EUR
2021-04-043,2021-04-10,CNSHA-USLAX,DOC,45.0,USD
2021-04-050,2021-04-10,CNSHA-NLRTM,BAS,2440.51,USD
2021-04-050,2021-04-10,CNSHA-NLRTM,BAF,372.83,USD
2021-04-050,2021-04-10,CNSHA-NLRTM,THC,226.19,EUR
2021-04-050,2021-04-10,CNSHA-NLRTM,DOC,45.0,USD
2021-04-058,2021-04-10,CNSHA-NLRTM,BAS,2456.56,USD
2021-04-058,2021-04-10,CNSHA-NLRTM,BAF,407.77,USD
2021-04-058,2021-04-10,CNSHA-NLRTM,THC,216.78,EUR
2021-04-058,2021-04-10,CNSHA-NLRTM,DOC,45.0,USD
2021-04-014,2021-04-11,CNSHA-USLAX,BAS,1925.55,USD
2021-04-014,2021-04-11,CNSHA-USLAX,BAF,442.02,USD
2021-04-014,2021-04-11,CNSHA-USLAX,THC,220.61,EUR
2021-04-014,2021-04-11,CNSHA-USLAX,DOC,45.0,USD
2021-04-038,2021-04-11,CNSHA-USLAX,BAS,1955.76,USD
2021-04-038,2021-04-11,CNSHA-USLAX,BAF,361.14,USD
2021-04-038,2021-04-11,CNSHA-USLAX,THC,217.72,EUR
2021-04-038,2021-04-11,CNSHA-USLAX,DOC,45.0,USD
2021-04-003,2021-04-12,CNSHA-USLAX,BAS,1956.59,USD
2021-04-003,2021-04-12,CNSHA-USLAX,BAF,391.3,USD
2021-04-003,2021-04-12,CNSHA-USLAX,THC,219.58,EUR
2021-04-003,2021-04-12,CNSHA-USLAX,DOC,45.0,USD
2021-04-041,2021-04-12,CNSHA-USLAX,BAS,1966.94,USD
2021-04-041,2021-04-12,CNSHA-USLAX,BAF,403.75,USD
2021-04-041,2021-04-12,CNSHA-USLAX,THC,223.8,EUR
2021-04-041,2021-04-12,CNSHA-USLAX,DOC,45.0,USD
2021-04-018,2021-04-14,CNSHA-USLAX,BAS,1981.51,USD
2021-04-018,2021-04-14,CNSHA-USLAX,BAF,382.36,USD
2021-04-018,2021-04-14,CNSHA-USLAX,THC,223.71,EUR
2021-04-018,2021-04-14,CNSHA-USLAX,DOC,45.0,USD
2021-04-013,2021-04-15,CNSHA-USLAX,BAS,1923.81,USD
2021-04-013,2021-04-15,CNSHA-USLAX,BAF,376.28,USD
2021-04-013,2021-04-15,CNSHA-USLAX,THC,211.12,EUR
2021-04-013,2021-04-15,CNSHA-USLAX,DOC,45.0,USD
2021-04-028,2021-04-15,CNSHA-NLRTM,BAS,2465.42,USD
2021-04-028,2021-04-15,CNSHA-NLRTM,BAF,372.84,USD
2021-04-028,2021-04-15,CNSHA-NLRTM,THC,219.24,EUR
2021-04-028,2021-04-15,CNSHA-NLRTM,DOC,45.0,USD
2021-04-047,2021-04-15,CNSHA-USLAX,BAS,1951.39,USD
2021-04-047,2021-04-15,CNSHA-USLAX,BAF,413.61,USD
2021-04-047,2021-04-15,CNSHA-USLAX,THC,229.85,EUR
2021-04-047,2021-04-15,CNSHA-USLAX,DOC,45.0,USD
2021-04-036,2021-04-17,CNSHA-NLRTM,BAS,2494.83,USD
2021-04-036,2021-04-17,CNSHA-NLRTM,BAF,388.83,USD
2021-04-036,2021-04-17,CNSHA-NLRTM,THC,229.29,EUR
2021-04-036,2021-04-17,CNSHA-NLRTM,DOC,45.0,USD
2021-04-015,2021-04-18,CNSHA-NLRTM,BAS,2465.64,USD
2021-04-015,2021-04-18,CNSHA-NLRTM,BAF,406.42,USD
2021-04-015,2021-04-18,CNSHA-NLRTM,THC,215.34,EUR
2021-04-015,2021-04-18,CNSHA-NLRTM,DOC,45.0,USD
2021-04-029,2021-04-18,CNSHA-USLAX,BAS,1934.87,USD
2021-04-029,2021-04-18,CNSHA-USLAX,BAF,382.44,USD
2021-04-029,2021-04-18,CNSHA-USLAX,THC,216.29,EUR
2021-04-029,2021-04-18,CNSHA-USLAX,DOC,45.0,USD
2021-04-021,2021-04-19,CNSHA-USLAX,BAS,1963.88,USD
2021-04-021,2021-04-19,CNSHA-USLAX,BAF,356.85,USD
2021-04-021,2021-04-19,CNSHA-USLAX,THC,227.27,EUR
2021-04-021,2021-04-19,CNSHA-USLAX,DOC,45.0,USD
2021-04-048,2021-04-20,CNSHA-USLAX,BAS,1971.97,USD
2021-04-048,2021-04-20,CNSHA-USLAX,BAF,401.22,USD
2021-04-048,2021-04-20,CNSHA-USLAX,THC,226.51,EUR
2021-04-048,2021-04-20,CNSHA-USLAX,DOC,45.0,USD
2021-04-062,2021-04-20,CNSHA-NLRTM,BAS,2484.21,USD
2021-04-062,2021-04-20,CNSHA-NLRTM,BAF,372.5,USD
2021-04-062,2021-04-20,CNSHA-NLRTM,THC,215.15,EUR
2021-04-062,2021-04-20,CNSHA-NLRTM,DOC,45.0,USD
2021-04-012,2021-04-21,CNSHA-USLAX,BAS,1962.52,USD
2021-04-012,2021-04-21,CNSHA-USLAX,BAF,392.03,USD
2021-04-012,2021-04-21,CNSHA-USLAX,THC,226.18,EUR
2021-04-012,2021-04-21,CNSHA-USLAX,DOC,45.0,USD
2021-04-017,2021-04-21,CNSHA-NLRTM,BAS,2467.98,USD
2021-04-017,2021-04-21,CNSHA-NLRTM,BAF,386.6,USD
2021-04-017,2021-04-21,CNSHA-NLRTM,THC,229.4,EUR
2021-04-017,2021-04-21,CNSHA-NLRTM,DOC,45.0,USD
2021-04-034,2021-04-21,CNSHA-NLRTM,BAS,2492.06,USD
2021-04-034,2021-04-21,CNSHA-NLRTM,BAF,387.25,USD
2021-04-034,2021-04-21,CNSHA-NLRTM,THC,230.37,EUR
2021-04-034,2021-04-21,CNSHA-NLRTM,DOC,45.0,USD
2021-04-025,2021-04-22,CNSHA-USLAX,BAS,2006.42,USD
2021-04-025,2021-04-22,CNSHA-USLAX,BAF,403.96,USD
2021-04-025,2021-04-22,CNSHA-USLAX,THC,219.43,EUR
2021-04-025,2021-04-22,CNSHA-USLAX,DOC,45.0,USD
2021-04-027,2021-04-22,CNSHA-USLAX,BAS,1952.91,USD
2021-04-027,2021-04-22,CNSHA-USLAX,BAF,389.47,USD
2021-04-027,2021-04-22,CNSHA-USLAX,THC,219.98,EUR
2021-04-027,2021-04-22,CNSHA-USLAX,DOC,45.0,USD
2021-04-059,2021-04-22,CNSHA-USLAX,BAS,1927.66,USD
2021-04-059,2021-04-22,CNSHA-USLAX,BAF,409.97,USD
2021-04-059,2021-04-22,CNSHA-USLAX,THC,211.06,EUR
2021-04-059,2021-04-22,CNSHA-USLAX,DOC,45.0,USD
2021-04-016,2021-04-23,CNSHA-NLRTM,BAS,2499.13,USD
2021-04-016,2021-04-23,CNSHA-NLRTM,BAF,419.07,USD
2021-04-016,2021-04-23,CNSHA-NLRTM,THC,223.82,EUR
2021-04-016,2021-04-23,CNSHA-NLRTM,DOC,45.0,USD
2021-04-051,2021-04-23,CNSHA-NLRTM,BAS,2442.61,USD
2021-04-051,2021-04-23,CNSHA-NLRTM,BAF,392.09,USD
2021-04-051,2021-04-23,CNSHA-NLRTM,THC,225.77,EUR
2021-04-051,2021-04-23,CNSHA-NLRTM,DOC,45.0,USD
2021-04-019,2021-04-24,CNSHA-USLAX,BAS,1940.46,USD
2021-04-019,2021-04-24,CNSHA-USLAX,BAF,380.65,USD
2021-04-019,2021-04-24,CNSHA-USLAX,THC,221.62,EUR
2021-04-019,2021-04-24,CNSHA-USLAX,DOC,45.0,USD
2021-04-040,2021-04-24,CNSHA-NLRTM,BAS,2463.87,USD
2021-04-040,2021-04-24,CNSHA-NLRTM,BAF,376.51,USD
2021-04-040,2021-04-24,CNSHA-NLRTM,THC,217.52,EUR
2021-04-040,2021-04-24,CNSHA-NLRTM,DOC,45.0,USD
2021-04-045,2021-04-24,CNSHA-NLRTM,BAS,2453.53,USD
2021-04-045,2021-04-24,CNSHA-NLRTM,BAF,415.22,USD
2021-04-045,2021-04-24,CNSHA-NLRTM,THC,208.99,EUR
2021-04-045,2021-04-24,CNSHA-NLRTM,DOC,45.0,USD
2021-04-049,2021-04-24,CNSHA-USLAX,BAS,1983.9,USD
2021-04-049,2021-04-24,CNSHA-USLAX,BAF,410.99,USD
2021-04-049,2021-04-24,CNSHA-USLAX,THC,225.78,EUR
2021-04-049,2021-04-24,CNSHA-USLAX,DOC,45.0,USD
2021-04-005,2021-04-25,CNSHA-USLAX,BAS,1953.07,USD
2021-04-005,2021-04-25,CNSHA-USLAX,BAF,375.59,USD
2021-04-005,2021-04-25,CNSHA-USLAX,THC,221.65,EUR
2021-04-005,2021-04-25,CNSHA-USLAX,DOC,45.0,USD
2021-04-009,2021-04-25,CNSHA-NLRTM,BAS,2436.33,USD
2021-04-009,2021-04-25,CNSHA-NLRTM,BAF,430.81,USD
2021-04-009,2021-04-25,CNSHA-NLRTM,THC,231.39,EUR
2021-04-009,2021-04-25,CNSHA-NLRTM,DOC,45.0,USD
2021-04-011,2021-04-25,CNSHA-USLAX,BAS,1975.88,USD
2021-04-011,2021-04-25,CNSHA-USLAX,BAF,353.33,USD
2021-04-011,2021-04-25,CNSHA-USLAX,THC,228.01,EUR
2021-04-011,2021-04-25,CNSHA-USLAX,DOC,45.0,USD
2021-04-060,2021-04-25,CNSHA-NLRTM,BAS,2457.52,USD
2021-04-060,2021-04-25,CNSHA-NLRTM,BAF,387.4,USD
2021-04-060,2021-04-25,CNSHA-NLRTM,THC,220.44,EUR
2021-04-060,2021-04-25,CNSHA-NLRTM,DOC,45.0,USD
2021-04-046,2021-04-26,CNSHA-USLAX,BAS,1909.0,USD
2021-04-046,2021-04-26,CNSHA-USLAX,BAF,380.52,USD
2021-04-046,2021-04-26,CNSHA-USLAX,THC,222.89,EUR
2021-04-046,2021-04-26,CNSHA-USLAX,DOC,45.0,USD
2021-04-024,2021-04-27,CNSHA-NLRTM,BAS,2482.15,USD
2021-04-024,2021-04-27,CNSHA-NLRTM,BAF,388.12,USD
2021-04-024,2021-04-27,CNSHA-NLRTM,THC,224.47,EUR
2021-04-024,2021-04-27,CNSHA-NLRTM,DOC,45.0,USD
2021-04-061,2021-04-27,CNSHA-USLAX,BAS,1950.17,USD
2021-04-061,2021-04-27,CNSHA-USLAX,BAF,390.88,USD
2021-04-061,2021-04-27,CNSHA-USLAX,THC,214.33,EUR
2021-04-061,2021-04-27,CNSHA-USLAX,DOC,45.0,USD
2021-04-023,2021-04-28,CNSHA-NLRTM,BAS,2470.06,USD
2021-04-023,2021-04-28,CNSHA-NLRTM,BAF,389.69,USD
2021-04-023,2021-04-28,CNSHA-NLRTM,THC,218.99,EUR
2021-04-023,2021-04-28,CNSHA-NLRTM,DOC,45.0,USD
2021-04-026,2021-04-28,CNSHA-USLAX,BAS,1972.31,USD
2021-04-026,2021-04-28,CNSHA-USLAX,BAF,381.31,USD
2021-04-026,2021-04-28,CNSHA-USLAX,THC,214.6,EUR
2021-04-026,2021-04-28,CNSHA-USLAX,DOC,45.0,USD
2021-05-031,2021-05-01,CNSHA-USLAX,BAS,1957.51,USD
2021-05-031,2021-05-01,CNSHA-USLAX,BAF,405.24,USD
2021-05-031,2021-05-01,CNSHA-USLAX,THC,213.06,EUR
2021-05-031,2021-05-01,CNSHA-USLAX,DOC,45.0,USD
2021-05-056,2021-05-01,CNSHA-NLRTM,BAS,2441.12,USD
2021-05-056,2021-05-01,CNSHA-NLRTM,BAF,400.41,USD
2021-05-056,2021-05-01,CNSHA-NLRTM,THC,220.03,EUR
2021-05-056,2021-05-01,CNSHA-NLRTM,DOC,45.0,USD
2021-05-043,2021-05-02,CNSHA-USLAX,BAS,1957.07,USD
2021-05-043,2021-05-02,CNSHA-USLAX,BAF,416.95,USD
2021-05-043,2021-05-02,CNSHA-USLAX,THC,222.98,EUR
2021-05-043,2021-05-02,CNSHA-USLAX,DOC,45.0,USD
2021-05-016,2021-05-03,CNSHA-USLAX,BAS,1968.53,USD
2021-05-016,2021-05-03,CNSHA-USLAX,BAF,374.76,USD
2021-05-016,2021-05-03,CNSHA-USLAX,THC,221.25,EUR
2021-05-016,2021-05-03,CNSHA-USLAX,DOC,45.0,USD
2021-05-032,2021-05-03,CNSHA-USLAX,BAS,1936.32,USD
2021-05-032,2021-05-03,CNSHA-USLAX,BAF,411.09,USD
2021-05-032,2021-05-03,CNSHA-USLAX,THC,216.62,EUR
2021-05-032,2021-05-03,CNSHA-USLAX,DOC,45.0,USD
2021-05-004,2021-05-04,CNSHA-USLAX,BAS,1976.9,USD
2021-05-004,2021-05-04,CNSHA-USLAX,BAF,383.11,USD
2021-05-004,2021-05-04,CNSHA-USLAX,THC,226.65,EUR
2021-05-004,2021-05-04,CNSHA-USLAX,DOC,45.0,USD
2021-05-033,2021-05-04,CNSHA-USLAX,BAS,1957.37,USD
2021-05-033,2021-05-04,CNSHA-USLAX,BAF,398.23,USD
2021-05-033,2021-05-04,CNSHA-USLAX,THC,220.55,EUR
2021-05-033,2021-05-04,CNSHA-USLAX,DOC,45.0,USD
2021-05-040,2021-05-04,CNSHA-USLAX,BAS,2004.21,USD
2021-05-040,2021-05-04,CNSHA-USLAX,BAF,392.66,USD
2021-05-040,2021-05-04,CNSHA-USLAX,THC,215.29,EUR
2021-05-040,2021-05-04,CNSHA-USLAX,DOC,45.0,USD
2021-05-005,2021-05-05,CNSHA-USLAX,BAS,1914.43,USD
2021-05-005,2021-05-05,CNSHA-USLAX,BAF,418.47,USD
2021-05-005,2021-05-05,CNSHA-USLAX,THC,211.79,EUR
2021-05-005,2021-05-05,CNSHA-USLAX,DOC,45.0,USD
2021-05-039,2021-05-05,CNSHA-NLRTM,BAS,2475.85,USD
2021-05-039,2021-05-05,CNSHA-NLRTM,BAF,381.56,USD
2021-05-039,2021-05-05,CNSHA-NLRTM,THC,214.34,EUR
2021-05-039,2021-05-05,CNSHA-NLRTM,DOC,45.0,USD
2021-05-042,2021-05-05,CNSHA-NLRTM,BAS,2458.46,USD
2021-05-042,2021-05-05,CNSHA-NLRTM,BAF,381.84,USD
2021-05-042,2021-05-05,CNSHA-NLRTM,THC,211.8,EUR
2021-05-042,2021-05-05,CNSHA-NLRTM,DOC,45.0,USD
2021-05-008,2021-05-06,CNSHA-USLAX,BAS,1978.81,USD
2021-05-008,2021-05-06,CNSHA-USLAX,BAF,382.31,USD
2021-05-008,2021-05-06,CNSHA-USLAX,THC,212.35,EUR
2021-05-008,2021-05-06,CNSHA-USLAX,DOC,45.0,USD
2021-05-024,2021-05-07,CNSHA-USLAX,BAS,1968.11,USD
2021-05-024,2021-05-07,CNSHA-USLAX,BAF,411.26,USD
2021-05-024,2021-05-07,CNSHA-USLAX,THC,218.91,EUR
2021-05-024,2021-05-07,CNSHA-USLAX,DOC,45.0,USD
2021-05-036,2021-05-07,CNSHA-NLRTM,BAS,2480.48,USD
2021-05-036,2021-05-07,CNSHA-NLRTM,BAF,408.22,USD
2021-05-036,2021-05-07,CNSHA-NLRTM,THC,213.43,EUR
2021-05-036,2021-05-07,CNSHA-NLRTM,DOC,45.0,USD
2021-05-046,2021-05-07,CNSHA-NLRTM,BAS,2467.36,USD
2021-05-046,2021-05-07,CNSHA-NLRTM,BAF,402.52,USD
2021-05-046,2021-05-07,CNSHA-NLRTM,THC,230.18,EUR
2021-05-046,2021-05-07,CNSHA-NLRTM,DOC,45.0,USD
2021-05-049,2021-05-07,CNSHA-NLRTM,BAS,2446.03,USD
2021-05-049,2021-05-07,CNSHA-NLRTM,BAF,399.23,USD
2021-05-049,2021-05-07,CNSHA-NLRTM,THC,223.31,EUR
2021-05-049,2021-05-07,CNSHA-NLRTM,DOC,45.0,USD
2021-05-030,2021-05-08,CNSHA-USLAX,BAS,1970.69,USD
2021-05-030,2021-05-08,CNSHA-USLAX,BAF,423.45,USD
2021-05-030,2021-05-08,CNSHA-USLAX,THC,222.06,EUR
2021-05-030,2021-05-08,CNSHA-USLAX,DOC,45.0,USD
2021-05-012,2021-05-09,CNSHA-USLAX,BAS,1940.78,USD
2021-05-012,2021-05-09,CNSHA-USLAX,BAF,399.76,USD
2021-05-012,2021-05-09,CNSHA-USLAX,THC,218.87,EUR
2021-05-012,2021-05-09,CNSHA-USLAX,DOC,45.0,USD
2021-05-018,2021-05-09,CNSHA-USLAX,BAS,1978.74,USD
2021-05-018,2021-05-09,CNSHA-USLAX,BAF,403.63,USD
2021-05-018,2021-05-09,CNSHA-USLAX,THC,221.83,EUR
2021-05-018,2021-05-09,CNSHA-USLAX,DOC,45.0,USD
2021-05-020,2021-05-09,CNSHA-USLAX,BAS,1959.56,USD
2021-05-020,2021-05-09,CNSHA-USLAX,BAF,406.15,USD
2021-05-020,2021-05-09,CNSHA-USLAX,THC,220.35,EUR
2021-05-020,2021-05-09,CNSHA-USLAX,DOC,45.0,USD
2021-05-025,2021-05-10,CNSHA-USLAX,BAS,1970.06,USD
2021-05-025,2021-05-10,CNSHA-USLAX,BAF,376.85,USD
2021-05-025,2021-05-10,CNSHA-USLAX,THC,202.17,EUR
2021-05-025,2021-05-10,CNSHA-USLAX,DOC,45.0,USD
2021-05-051,2021-05-10,CNSHA-USLAX,BAS,1971.35,USD
2021-05-051,2021-05-10,CNSHA-USLAX,BAF,369.19,USD
2021-05-051,2021-05-10,CNSHA-USLAX,THC,219.83,EUR
2021-05-051,2021-05-10,CNSHA-USLAX,DOC,45.0,USD
2021-05-014,2021-05-11,CNSHA-NLRTM,BAS,2441.1,USD
2021-05-014,2021-05-11,CNSHA-NLRTM,BAF,400.94,USD
2021-05-014,2021-05-11,CNSHA-NLRTM,THC,215.52,EUR
2021-05-014,2021-05-11,CNSHA-NLRTM,DOC,45.0,USD
2021-05-035,2021-05-11,CNSHA-USLAX,BAS,1925.04,USD
2021-05-035,2021-05-11,CNSHA-USLAX,BAF,401.07,USD
2021-05-035,2021-05-11,CNSHA-USLAX,THC,216.95,EUR
2021-05-035,2021-05-11,CNSHA-USLAX,DOC,45.0,USD
2021-05-021,2021-05-12,CNSHA-USLAX,BAS,1960.7,USD
2021-05-021,2021-05-12,CNSHA-USLAX,BAF,397.95,USD
2021-05-021,2021-05-12,CNSHA-USLAX,THC,232.2,EUR
2021-05-021,2021-05-12,CNSHA-USLAX,DOC,45.0,USD
2021-05-029,2021-05-12,CNSHA-USLAX,BAS,1949.5,USD
2021-05-029,2021-05-12,CNSHA-USLAX,BAF,384.29,USD
2021-05-029,2021-05-12,CNSHA-USLAX,THC,229.47,EUR
2021-05-029,2021-05-12,CNSHA-USLAX,DOC,45.0,USD
2021-05-041,2021-05-12,CNSHA-USLAX,BAS,1961.13,USD
2021-05-041,2021-05-12,CNSHA-USLAX,BAF,372.81,USD
2021-05-041,2021-05-12,CNSHA-USLAX,THC,214.89,EUR
2021-05-041,2021-05-12,CNSHA-USLAX,DOC,45.0,USD
2021-05-050,2021-05-12,CNSHA-NLRTM,BAS,2462.5,USD
2021-05-050,2021-05-12,CNSHA-NLRTM,BAF,394.12,USD
2021-05-050,2021-05-12,CNSHA-NLRTM,THC,221.39,EUR
2021-05-050,2021-05-12,CNSHA-NLRTM,DOC,45.0,USD
2021-05-048,2021-05-13,CNSHA-NLRTM,BAS,2420.67,USD
2021-05-048,2021-05-13,CNSHA-NLRTM,BAF,370.66,USD
2021-05-048,2021-05-13,CNSHA-NLRTM,THC,222.47,EUR
2021-05-048,2021-05-13,CNSHA-NLRTM,DOC,45.0,USD
2021-05-055,2021-05-13,CNSHA-NLRTM,BAS,2484.39,USD
2021-05-055,2021-05-13,CNSHA-NLRTM,BAF,390.5,USD
2021-05-055,2021-05-13,CNSHA-NLRTM,THC,222.61,EUR
2021-05-055,2021-05-13,CNSHA-NLRTM,DOC,45.0,USD
2021-05-027,2021-05-14,CNSHA-USLAX,BAS,1962.52,USD
2021-05-027,2021-05-14,CNSHA-USLAX,BAF,411.82,USD
2021-05-027,2021-05-14,CNSHA-USLAX,THC,219.66,EUR
2021-05-027,2021-05-14,CNSHA-USLAX,DOC,45.0,USD
2021-05-010,2021-05-15,CNSHA-USLAX,BAS,1979.63,USD
2021-05-010,2021-05-15,CNSHA-USLAX,BAF,385.85,USD
2021-05-010,2021-05-15,CNSHA-USLAX,THC,223.33,EUR
2021-05-010,2021-05-15,CNSHA-USLAX,DOC,45.0,USD
2021-05-011,2021-05-16,CNSHA-NLRTM,BAS,2465.48,USD
2021-05-011,2021-05-16,CNSHA-NLRTM,BAF,384.68,USD
2021-05-011,2021-05-16,CNSHA-NLRTM,THC,214.44,EUR
2021-05-011,2021-05-16,CNSHA-NLRTM,DOC,45.0,USD
2021-05-023,2021-05-16,CNSHA-NLRTM,BAS,2462.0,USD
2021-05-023,2021-05-16,CNSHA-NLRTM,BAF,401.82,USD
2021-05-023,2021-05-16,CNSHA-NLRTM,THC,228.67,EUR
2021-05-023,2021-05-16,CNSHA-NLRTM,DOC,45.0,USD
2021-05-044,2021-05-16,CNSHA-NLRTM,BAS,2469.7,USD
2021-05-044,2021-05-16,CNSHA-NLRTM,BAF,378.39,USD
2021-05-044,2021-05-16,CNSHA-NLRTM,THC,214.73,EUR
2021-05-044,2021-05-16,CNSHA-NLRTM,DOC,45.0,USD
2021-05-059,2021-05-16,CNSHA-NLRTM,BAS,2491.08,USD
2021-05-059,2021-05-16,CNSHA-NLRTM,BAF,392.6,USD
2021-05-059,2021-05-16,CNSHA-NLRTM,THC,224.48,EUR
2021-05-059,2021-05-16,CNSHA-NLRTM,DOC,45.0,USD
2021-05-047,2021-05-17,CNSHA-NLRTM,BAS,2447.88,USD
2021-05-047,2021-05-17,CNSHA-NLRTM,BAF,403.72,USD
2021-05-047,2021-05-17,CNSHA-NLRTM,THC,221.4,EUR
2021-05-047,2021-05-17,CNSHA-NLRTM,DOC,45.0,USD
2021-05-052,2021-05-17,CNSHA-USLAX,BAS,1941.69,USD
2021-05-052,2021-05-17,CNSHA-USLAX,BAF,433.87,USD
2021-05-052,2021-05-17,CNSHA-USLAX,THC,217.41,EUR
2021-05-052,2021-05-17,CNSHA-USLAX,DOC,45.0,USD
2021-05-001,2021-05-18,CNSHA-USLAX,BAS,1966.1,USD
2021-05-001,2021-05-18,CNSHA-USLAX,BAF,427.1,USD
2021-05-001,2021-05-18,CNSHA-USLAX,THC,224.45,EUR
2021-05-001,2021-05-18,CNSHA-USLAX,DOC,45.0,USD
2021-05-009,2021-05-18,CNSHA-USLAX,BAS,1958.26,USD
2021-05-009,2021-05-18,CNSHA-USLAX,BAF,373.78,USD
2021-05-009,2021-05-18,CNSHA-USLAX,THC,218.37,EUR
2021-05-009,2021-05-18,CNSHA-USLAX,DOC,45.0,USD
2021-05-057,2021-05-18,CNSHA-USLAX,BAS,1960.86,USD
2021-05-057,2021-05-18,CNSHA-USLAX,BAF,425.29,USD
2021-05-057,2021-05-18,CNSHA-USLAX,THC,218.06,EUR
2021-05-057,2021-05-18,CNSHA-USLAX,DOC,45.0,USD
2021-05-000,2021-05-19,CNSHA-USLAX,BAS,1970.89,USD
2021-05-000,2021-05-19,CNSHA-USLAX,BAF,382.0,USD
2021-05-000,2021-05-19,CNSHA-USLAX,THC,212.5,EUR
2021-05-000,2021-05-19,CNSHA-USLAX,DOC,45.0,USD
2021-05-028,2021-05-19,CNSHA-NLRTM,BAS,2471.35,USD
2021-05-028,2021-05-19,CNSHA-NLRTM,BAF,403.7,USD
2021-05-028,2021-05-19,CNSHA-NLRTM,THC,227.19,EUR
2021-05-028,2021-05-19,CNSHA-NLRTM,DOC,45.0,USD
2021-05-038,2021-05-19,CNSHA-USLAX,BAS,1970.41,USD
2021-05-038,2021-05-19,CNSHA-USLAX,BAF,387.36,USD
2021-05-038,2021-05-19,CNSHA-USLAX,THC,227.51,EUR
2021-05-038,2021-05-19,CNSHA-USLAX,DOC,45.0,USD
2021-05-006,2021-05-20,CNSHA-NLRTM,BAS,2481.96,USD
2021-05-006,2021-05-20,CNSHA-NLRTM,BAF,404.57,USD
2021-05-006,2021-05-20,CNSHA-NLRTM,THC,226.65,EUR
2021-05-006,2021-05-20,CNSHA-NLRTM,DOC,45.0,USD
2021-05-007,2021-05-20,CNSHA-NLRTM,BAS,2451.09,USD
2021-05-007,2021-05-20,CNSHA-NLRTM,BAF,395.9,USD
2021-05-007,2021-05-20,CNSHA-NLRTM,THC,224.47,EUR
2021-05-007,2021-05-20,CNSHA-NLRTM,DOC,45.0,USD
2021-05-060,2021-05-20,CNSHA-USLAX,BAS,1901.47,USD
2021-05-060,2021-05-20,CNSHA-USLAX,BAF,372.35,USD
2021-05-060,2021-05-20,CNSHA-USLAX,THC,215.49,EUR
2021-05-060,2021-05-20,CNSHA-USLAX,DOC,45.0,USD
2021-05-017,2021-05-21,CNSHA-USLAX,BAS,1949.04,USD
2021-05-017,2021-05-21,CNSHA-USLAX,BAF,370.76,USD
2021-05-017,2021-05-21,CNSHA-USLAX,THC,226.87,EUR
2021-05-017,2021-05-21,CNSHA-USLAX,DOC,45.0,USD
2021-05-019,2021-05-21,CNSHA-NLRTM,BAS,2460.62,USD
2021-05-019,2021-05-21,CNSHA-NLRTM,BAF,384.69,USD
2021-05-019,2021-05-21,CNSHA-NLRTM,THC,218.29,EUR
2021-05-019,2021-05-21,CNSHA-NLRTM,DOC,45.0,USD
2021-05-022,2021-05-21,CNSHA-USLAX,BAS,1999.47,USD
2021-05-022,2021-05-21,CNSHA-USLAX,BAF,382.93,USD
2021-05-022,2021-05-21,CNSHA-USLAX,THC,217.32,EUR
2021-05-022,2021-05-21,CNSHA-USLAX,DOC,45.0,USD
2021-05-045,2021-05-21,CNSHA-USLAX,BAS,1951.72,USD
2021-05-045,2021-05-21,CNSHA-USLAX,BAF,395.18,USD
2021-05-045,2021-05-21,CNSHA-USLAX,THC,218.9,EUR
2021-05-045,2021-05-21,CNSHA-USLAX,DOC,45.0,USD
2021-05-015,2021-05-23,CNSHA-NLRTM,BAS,2453.43,USD
2021-05-015,2021-05-23,CNSHA-NLRTM,BAF,388.36,USD
2021-05-015,2021-05-23,CNSHA-NLRTM,THC,209.41,EUR
2021-05-015,2021-05-23,CNSHA-NLRTM,DOC,45.0,USD
2021-05-013,2021-05-25,CNSHA-NLRTM,BAS,2466.1,USD
2021-05-013,2021-05-25,CNSHA-NLRTM,BAF,387.62,USD
2021-05-013,2021-05-25,CNSHA-NLRTM,THC,226.22,EUR
2021-05-013,2021-05-25,CNSHA-NLRTM,DOC,45.0,USD
2021-05-053,2021-05-25,CNSHA-NLRTM,BAS,2465.34,USD
2021-05-053,2021-05-25,CNSHA-NLRTM,BAF,375.52,USD
2021-05-053,2021-05-25,CNSHA-NLRTM,THC,220.15,EUR
2021-05-053,2021-05-25,CNSHA-NLRTM,DOC,45.0,USD
2021-05-058,2021-05-25,CNSHA-NLRTM,BAS,2472.38,USD
2021-05-058,2021-05-25,CNSHA-NLRTM,BAF,401.58,USD
2021-05-058,2021-05-25,CNSHA-NLRTM,THC,222.59,EUR
2021-05-058,2021-05-25,CNSHA-NLRTM,DOC,45.0,USD
2021-05-026,2021-05-26,CNSHA-NLRTM,BAS,2488.88,USD
2021-05-026,2021-05-26,CNSHA-NLRTM,BAF,415.66,USD
2021-05-026,2021-05-26,CNSHA-NLRTM,THC,213.49,EUR
2021-05-026,2021-05-26,CNSHA-NLRTM,DOC,45.0,USD
2021-05-037,2021-05-26,CNSHA-USLAX,BAS,1946.02,USD
2021-05-037,2021-05-26,CNSHA-USLAX,BAF,369.12,USD
2021-05-037,2021-05-26,CNSHA-USLAX,THC,224.79,EUR
2021-05-037,2021-05-26,CNSHA-USLAX,DOC,45.0,USD
2021-05-034,2021-05-27,CNSHA-USLAX,BAS,1986.44,USD
2021-05-034,2021-05-27,CNSHA-USLAX,BAF,376.15,USD
2021-05-034,2021-05-27,CNSHA-USLAX,THC,220.24,EUR
2021-05-034,2021-05-27,CNSHA-USLAX,DOC,45.0,USD
2021-05-054,2021-05-27,CNSHA-NLRTM,BAS,2442.44,USD
2021-05-054,2021-05-27,CNSHA-NLRTM,BAF,401.89,USD
2021-05-054,2021-05-27,CNSHA-NLRTM,THC,203.01,EUR
2021-05-054,2021-05-27,CNSHA-NLRTM,DOC,45.0,USD
2021-05-002,2021-05-28,CNSHA-USLAX,BAS,1949.4,USD
2021-05-002,2021-05-28,CNSHA-USLAX,BAF,394.02,USD
2021-05-002,2021-05-28,CNSHA-USLAX,THC,220.61,EUR
2021-05-002,2021-05-28,CNSHA-USLAX,DOC,45.0,USD
2021-05-003,2021-05-28,CNSHA-USLAX,BAS,1937.51,USD
2021-05-003,2021-05-28,CNSHA-USLAX,BAF,433.51,USD
2021-05-003,2021-05-28,CNSHA-USLAX,THC,210.95,EUR
2021-05-003,2021-05-28,CNSHA-USLAX,DOC,45.0,USD
2021-06-006,2021-06-01,CNSHA-NLRTM,BAS,2435.55,USD
2021-06-006,2021-06-01,CNSHA-NLRTM,BAF,388.74,USD
2021-06-006,2021-06-01,CNSHA-NLRTM,THC,217.24,EUR
2021-06-006,2021-06-01,CNSHA-NLRTM,DOC,45.0,USD
2021-06-027,2021-06-01,CNSHA-USLAX,BAS,1937.1,USD
2021-06-027,2021-06-01,CNSHA-USLAX,BAF,395.36,USD
2021-06-027,2021-06-01,CNSHA-USLAX,THC,218.88,EUR
2021-06-027,2021-06-01,CNSHA-USLAX,DOC,45.0,USD
2021-06-033,2021-06-01,CNSHA-NLRTM,BAS,2466.21,USD
2021-06-033,2021-06-01,CNSHA-NLRTM,BAF,423.28,USD
2021-06-033,2021-06-01,CNSHA-NLRTM,THC,219.05,EUR
2021-06-033,2021-06-01,CNSHA-NLRTM,DOC,45.0,USD
2021-06-035,2021-06-01,CNSHA-NLRTM,BAS,2426.47,USD
2021-06-035,2021-06-01,CNSHA-NLRTM,BAF,402.2,USD
2021-06-035,2021-06-01,CNSHA-NLRTM,THC,219.65,EUR
2021-06-035,2021-06-01,CNSHA-NLRTM,DOC,45.0,USD
2021-06-059,2021-06-01,CNSHA-NLRTM,BAS,2449.59,USD
2021-06-059,2021-06-01,CNSHA-NLRTM,BAF,389.94,USD
2021-06-059,2021-06-01,CNSHA-NLRTM,THC,215.85,EUR
2021-06-059,2021-06-01,CNSHA-NLRTM,DOC,45.0,USD
2021-06-000,2021-06-02,CNSHA-NLRTM,BAS,2456.89,USD
2021-06-000,2021-06-02,CNSHA-NLRTM,BAF,386.71,USD
2021-06-000,2021-06-02,CNSHA-NLRTM,THC,215.48,EUR
2021-06-000,2021-06-02,CNSHA-NLRTM,DOC,45.0,USD
2021-06-004,2021-06-02,CNSHA-USLAX,BAS,1972.13,USD
2021-06-004,2021-06-02,CNSHA-USLAX,BAF,384.44,USD
2021-06-004,2021-06-02,CNSHA-USLAX,THC,224.85,EUR
2021-06-004,2021-06-02,CNSHA-USLAX,DOC,45.0,USD
2021-06-012,2021-06-02,CNSHA-NLRTM,BAS,2484.8,USD
2021-06-012,2021-06-02,CNSHA-NLRTM,BAF,444.36,USD
2021-06-012,2021-06-02,CNSHA-NLRTM,THC,219.16,EUR
2021-06-012,2021-06-02,CNSHA-NLRTM,DOC,45.0,USD
2021-06-018,2021-06-03,CNSHA-USLAX,BAS,1938.23,USD
2021-06-018,2021-06-03,CNSHA-USLAX,BAF,358.86,USD
2021-06-018,2021-06-03,CNSHA-USLAX,THC,215.73,EUR
2021-06-018,2021-06-03,CNSHA-USLAX,DOC,45.0,USD
2021-06-036,2021-06-03,CNSHA-USLAX,BAS,1984.1,USD
2021-06-036,2021-06-03,CNSHA-USLAX,BAF,372.39,USD
2021-06-036,2021-06-03,CNSHA-USLAX,THC,211.0,EUR
2021-06-036,2021-06-03,CNSHA-USLAX,DOC,45.0,USD
2021-06-039,2021-06-03,CNSHA-USLAX,BAS,1986.32,USD
2021-06-039,2021-06-03,CNSHA-USLAX,BAF,423.61,USD
2021-06-039,2021-06-03,CNSHA-USLAX,THC,223.03,EUR
2021-06-039,2021-06-03,CNSHA-USLAX,DOC,45.0,USD
2021-06-054,2021-06-03,CNSHA-NLRTM,BAS,2482.52,USD
2021-06-054,2021-06-03,CNSHA-NLRTM,BAF,357.6,USD
2021-06-054,2021-06-03,CNSHA-NLRTM,THC,213.59,EUR
2021-06-054,2021-06-03,CNSHA-NLRTM,DOC,45.0,USD
2021-06-008,2021-06-04,CNSHA-USLAX,BAS,1935.26,USD
2021-06-008,2021-06-04,CNSHA-USLAX,BAF,384.46,USD
2021-06-008,2021-06-04,CNSHA-USLAX,THC,225.65,EUR
2021-06-008,2021-06-04,CNSHA-USLAX,DOC,45.0,USD
2021-06-001,2021-06-05,CNSHA-NLRTM,BAS,2501.74,USD
2021-06-001,2021-06-05,CNSHA-NLRTM,BAF,420.72,USD
2021-06-001,2021-06-05,CNSHA-NLRTM,THC,219.29,EUR
2021-06-001,2021-06-05,CNSHA-NLRTM,DOC,45.0,USD
2021-06-052,2021-06-05,CNSHA-USLAX,BAS,1946.52,USD
2021-06-052,2021-06-05,CNSHA-USLAX,BAF,374.08,USD
2021-06-052,2021-06-05,CNSHA-USLAX,THC,212.0,EUR
2021-06-052,2021-06-05,CNSHA-USLAX,DOC,45.0,USD
2021-06-003,2021-06-06,CNSHA-NLRTM,BAS,2447.22,USD
2021-06-003,2021-06-06,CNSHA-NLRTM,BAF,394.51,USD
2021-06-003,2021-06-06,CNSHA-NLRTM,THC,215.7,EUR
2021-06-003,2021-06-06,CNSHA-NLRTM,DOC,45.0,USD
2021-06-009,2021-06-06,CNSHA-USLAX,BAS,1979.42,USD
2021-06-009,2021-06-06,CNSHA-USLAX,BAF,391.25,USD
2021-06-009,2021-06-06,CNSHA-USLAX,THC,212.28,EUR
2021-06-009,2021-06-06,CNSHA-USLAX,DOC,45.0,USD
2021-06-023,2021-06-06,CNSHA-USLAX,BAS,1998.31,USD
2021-06-023,2021-06-06,CNSHA-USLAX,BAF,387.96,USD
2021-06-023,2021-06-06,CNSHA-USLAX,THC,222.28,EUR
2021-06-023,2021-06-06,CNSHA-USLAX,DOC,45.0,USD
2021-06-032,2021-06-07,CNSHA-USLAX,BAS,1949.73,USD
2021-06-032,2021-06-07,CNSHA-USLAX,BAF,411.13,USD
2021-06-032,2021-06-07,CNSHA-USLAX,THC,225.69,EUR
2021-06-032,2021-06-07,CNSHA-USLAX,DOC,45.0,USD
2021-06-047,2021-06-07,CNSHA-NLRTM,BAS,2475.04,USD
2021-06-047,2021-06-07,CNSHA-NLRTM,BAF,371.18,USD
2021-06-047,2021-06-07,CNSHA-NLRTM,THC,227.29,EUR
2021-06-047,2021-06-07,CNSHA-NLRTM,DOC,45.0,USD
2021-06-056,2021-06-07,CNSHA-NLRTM,BAS,2485.34,USD
2021-06-056,2021-06-07,CNSHA-NLRTM,BAF,402.42,USD
2021-06-056,2021-06-07,CNSHA-NLRTM,THC,226.47,EUR
2021-06-056,2021-06-07,CNSHA-NLRTM,DOC,45.0,USD
2021-06-011,2021-06-08,CNSHA-USLAX,BAS,1955.45,USD
2021-06-011,2021-06-08,CNSHA-USLAX,BAF,423.44,USD
2021-06-011,2021-06-08,CNSHA-USLAX,THC,227.72,EUR
2021-06-011,2021-06-08,CNSHA-USLAX,DOC,45.0,USD
2021-06-017,2021-06-08,CNSHA-NLRTM,BAS,2440.97,USD
2021-06-017,2021-06-08,CNSHA-NLRTM,BAF,424.42,USD
2021-06-017,2021-06-08,CNSHA-NLRTM,THC,213.93,EUR
2021-06-017,2021-06-08,CNSHA-NLRTM,DOC,45.0,USD
2021-06-029,2021-06-08,CNSHA-NLRTM,BAS,2464.22,USD
2021-06-029,2021-06-08,CNSHA-NLRTM,BAF,419.38,USD
2021-06-029,2021-06-08,CNSHA-NLRTM,THC,211.83,EUR
2021-06-029,2021-06-08,CNSHA-NLRTM,DOC,45.0,USD
2021-06-050,2021-06-08,CNSHA-USLAX,BAS,1972.42,USD
2021-06-050,2021-06-08,CNSHA-USLAX,BAF,376.81,USD
2021-06-050,2021-06-08,CNSHA-USLAX,THC,208.8,EUR
2021-06-050,2021-06-08,CNSHA-USLAX,DOC,45.0,USD
2021-06-055,2021-06-08,CNSHA-NLRTM,BAS,2472.4,USD
2021-06-055,2021-06-08,CNSHA-NLRTM,BAF,404.2,USD
2021-06-055,2021-06-08,CNSHA-NLRTM,THC,216.28,EUR
2021-06-055,2021-06-08,CNSHA-NLRTM,DOC,45.0,USD
2021-06-025,2021-06-09,CNSHA-NLRTM,BAS,2453.75,USD
2021-06-025,2021-06-09,CNSHA-NLRTM,BAF,408.13,USD
2021-06-025,2021-06-09,CNSHA-NLRTM,THC,224.67,EUR
2021-06-025,2021-06-09,CNSHA-NLRTM,DOC,45.0,USD
2021-06-030,2021-06-09,CNSHA-NLRTM,BAS,2484.71,USD
2021-06-030,2021-06-09,CNSHA-NLRTM,BAF,417.51,USD
2021-06-030,2021-06-09,CNSHA-NLRTM,THC,217.89,EUR
2021-06-030,2021-06-09,CNSHA-NLRTM,DOC,45.0,USD
2021-06-037,2021-06-09,CNSHA-NLRTM,BAS,2474.51,USD
2021-06-037,2021-06-09,CNSHA-NLRTM,BAF,382.15,USD
2021-06-037,2021-06-09,CNSHA-NLRTM,THC,215.22,EUR
2021-06-037,2021-06-09,CNSHA-NLRTM,DOC,45.0,USD
2021-06-049,2021-06-09,CNSHA-NLRTM,BAS,2442.94,USD
2021-06-049,2021-06-09,CNSHA-NLRTM,BAF,387.54,USD
2021-06-049,2021-06-09,CNSHA-NLRTM,THC,223.65,EUR
2021-06-049,2021-06-09,CNSHA-NLRTM,DOC,45.0,USD
2021-06-053,2021-06-09,CNSHA-USLAX,BAS,1939.1,USD
2021-06-053,2021-06-09,CNSHA-USLAX,BAF,385.76,USD
2021-06-053,2021-06-09,CNSHA-USLAX,THC,229.03,EUR
2021-06-053,2021-06-09,CNSHA-USLAX,DOC,45.0,USD
2021-06-057,2021-06-09,CNSHA-NLRTM,BAS,2457.48,USD
2021-06-057,2021-06-09,CNSHA-NLRTM,BAF,406.86,USD
2021-06-057,2021-06-09,CNSHA-NLRTM,THC,213.02,EUR
2021-06-057,2021-06-09,CNSHA-NLRTM,DOC,45.0,USD
2021-06-005,2021-06-10,CNSHA-USLAX,BAS,1966.05,USD
2021-06-005,2021-06-10,CNSHA-USLAX,BAF,395.13,USD
2021-06-005,2021-06-10,CNSHA-USLAX,THC,219.17,EUR
2021-06-005,2021-06-10,CNSHA-USLAX,DOC,45.0,USD
2021-06-040,2021-06-10,CNSHA-USLAX,BAS,1990.83,USD
2021-06-040,2021-06-10,CNSHA-USLAX,BAF,432.33,USD
2021-06-040,2021-06-10,CNSHA-USLAX,THC,231.03,EUR
2021-06-040,2021-06-10,CNSHA-USLAX,DOC,45.0,USD
2021-06-048,2021-06-10,CNSHA-USLAX,BAS,1994.47,USD
2021-06-048,2021-06-10,CNSHA-USLAX,BAF,394.73,USD
2021-06-048,2021-06-10,CNSHA-USLAX,THC,212.76,EUR
2021-06-048,2021-06-10,CNSHA-USLAX,DOC,45.0,USD
2021-06-058,2021-06-10,CNSHA-USLAX,BAS,1950.29,USD
2021-06-058,2021-06-10,CNSHA-USLAX,BAF,415.86,USD
2021-06-058,2021-06-10,CNSHA-USLAX,THC,218.13,EUR
2021-06-058,2021-06-10,CNSHA-USLAX,DOC,45.0,USD
2021-06-031,2021-06-12,CNSHA-NLRTM,BAS,2462.22,USD
2021-06-031,2021-06-12,CNSHA-NLRTM,BAF,378.76,USD
2021-06-031,2021-06-12,CNSHA-NLRTM,THC,218.36,EUR
2021-06-031,2021-06-12,CNSHA-NLRTM,DOC,45.0,USD
2021-06-007,2021-06-13,CNSHA-NLRTM,BAS,2428.78,USD
2021-06-007,2021-06-13,CNSHA-NLRTM,BAF,401.43,USD
2021-06-007,2021-06-13,CNSHA-NLRTM,THC,216.14,EUR
2021-06-007,2021-06-13,CNSHA-NLRTM,DOC,45.0,USD
2021-06-010,2021-06-13,CNSHA-NLRTM,BAS,2488.61,USD
2021-06-010,2021-06-13,CNSHA-NLRTM,BAF,351.93,USD
2021-06-010,2021-06-13,CNSHA-NLRTM,THC,225.25,EUR
2021-06-010,2021-06-13,CNSHA-NLRTM,DOC,45.0,USD
2021-06-024,2021-06-13,CNSHA-NLRTM,BAS,2447.97,USD
2021-06-024,2021-06-13,CNSHA-NLRTM,BAF,421.4,USD
2021-06-024,2021-06-13,CNSHA-NLRTM,THC,217.47,EUR
2021-06-024,2021-06-13,CNSHA-NLRTM,DOC,45.0,USD
2021-06-020,2021-06-14,CNSHA-USLAX,BAS,1933.71,USD
2021-06-020,2021-06-14,CNSHA-USLAX,BAF,387.78,USD
2021-06-020,2021-06-14,CNSHA-USLAX,THC,231.21,EUR
2021-06-020,2021-06-14,CNSHA-USLAX,DOC,45.0,USD
2021-06-021,2021-06-17,CNSHA-USLAX,BAS,1955.97,USD
2021-06-021,2021-06-17,CNSHA-USLAX,BAF,417.76,USD
2021-06-021,2021-06-17,CNSHA-USLAX,THC,218.51,EUR
2021-06-021,2021-06-17,CNSHA-USLAX,DOC,45.0,USD
2021-06-038,2021-06-17,CNSHA-USLAX,BAS,1965.18,USD
2021-06-038,2021-06-17,CNSHA-USLAX,BAF,423.43,USD
2021-06-038,2021-06-17,CNSHA-USLAX,THC,214.49,EUR
2021-06-038,2021-06-17,CNSHA-USLAX,DOC,45.0,USD
2021-06-060,2021-06-17,CNSHA-USLAX,BAS,1976.39,USD
2021-06-060,2021-06-17,CNSHA-USLAX,BAF,395.53,USD
2021-06-060,2021-06-17,CNSHA-USLAX,THC,216.15,EUR
2021-06-060,2021-06-17,CNSHA-USLAX,DOC,45.0,USD
2021-06-019,2021-06-18,CNSHA-NLRTM,BAS,2485.5,USD
2021-06-019,2021-06-18,CNSHA-NLRTM,BAF,408.28,USD
2021-06-019,2021-06-18,CNSHA-NLRTM,THC,203.03,EUR
2021-06-019,2021-06-18,CNSHA-NLRTM,DOC,45.0,USD
2021-06-041,2021-06-19,CNSHA-USLAX,BAS,1989.25,USD
2021-06-041,2021-06-19,CNSHA-USLAX,BAF,394.81,USD
2021-06-041,2021-06-19,CNSHA-USLAX,THC,208.34,EUR
2021-06-041,2021-06-19,CNSHA-USLAX,DOC,45.0,USD
2021-06-042,2021-06-21,CNSHA-USLAX,BAS,1984.18,USD
2021-06-042,2021-06-21,CNSHA-USLAX,BAF,394.07,USD
2021-06-042,2021-06-21,CNSHA-USLAX,THC,224.99,EUR
2021-06-042,2021-06-21,CNSHA-USLAX,DOC,45.0,USD
2021-06-044,2021-06-21,CNSHA-USLAX,BAS,1995.64,USD
2021-06-044,2021-06-21,CNSHA-USLAX,BAF,385.13,USD
2021-06-044,2021-06-21,CNSHA-USLAX,THC,206.56,EUR
2021-06-044,2021-06-21,CNSHA-USLAX,DOC,45.0,USD
2021-06-013,2021-06-22,CNSHA-NLRTM,BAS,2482.65,USD
2021-06-013,2021-06-22,CNSHA-NLRTM,BAF,398.15,USD
2021-06-013,2021-06-22,CNSHA-NLRTM,THC,218.02,EUR
2021-06-013,2021-06-22,CNSHA-NLRTM,DOC,45.0,USD
2021-06-034,2021-06-22,CNSHA-NLRTM,BAS,2506.32,USD
2021-06-034,2021-06-22,CNSHA-NLRTM,BAF,415.7,USD
2021-06-034,2021-06-22,CNSHA-NLRTM,THC,220.56,EUR
2021-06-034,2021-06-22,CNSHA-NLRTM,DOC,45.0,USD
2021-06-022,2021-06-23,CNSHA-USLAX,BAS,1940.84,USD
2021-06-022,2021-06-23,CNSHA-USLAX,BAF,412.8,USD
2021-06-022,2021-06-23,CNSHA-USLAX,THC,223.91,EUR
2021-06-022,2021-06-23,CNSHA-USLAX,DOC,45.0,USD
2021-06-043,2021-06-23,CNSHA-NLRTM,BAS,2479.04,USD
2021-06-043,2021-06-23,CNSHA-NLRTM,BAF,403.68,USD
2021-06-043,2021-06-23,CNSHA-NLRTM,THC,216.37,EUR
2021-06-043,2021-06-23,CNSHA-NLRTM,DOC,45.0,USD
2021-06-046,2021-06-23,CNSHA-USLAX,BAS,1966.57,USD
2021-06-046,2021-06-23,CNSHA-USLAX,BAF,405.74,USD
2021-06-046,2021-06-23,CNSHA-USLAX,THC,227.11,EUR
2021-06-046,2021-06-23,CNSHA-USLAX,DOC,45.0,USD
2021-06-015,2021-06-24,CNSHA-USLAX,BAS,1939.4,USD
2021-06-015,2021-06-24,CNSHA-USLAX,BAF,413.24,USD
2021-06-015,2021-06-24,CNSHA-USLAX,THC,217.12,EUR
2021-06-015,2021-06-24,CNSHA-USLAX,DOC,45.0,USD
2021-06-016,2021-06-24,CNSHA-NLRTM,BAS,2451.16,USD
2021-06-016,2021-06-24,CNSHA-NLRTM,BAF,401.41,USD
2021-06-016,2021-06-24,CNSHA-NLRTM,THC,225.09,EUR
2021-06-016,2021-06-24,CNSHA-NLRTM,DOC,45.0,USD
2021-06-045,2021-06-24,CNSHA-USLAX,BAS,1987.52,USD
2021-06-045,2021-06-24,CNSHA-USLAX,BAF,401.37,USD
2021-06-045,2021-06-24,CNSHA-USLAX,THC,219.88,EUR
2021-06-045,2021-06-24,CNSHA-USLAX,DOC,45.0,USD
2021-06-002,2021-06-25,CNSHA-NLRTM,BAS,2527.52,USD
2021-06-002,2021-06-25,CNSHA-NLRTM,BAF,384.02,USD
2021-06-002,2021-06-25,CNSHA-NLRTM,THC,229.27,EUR
2021-06-002,2021-06-25,CNSHA-NLRTM,DOC,45.0,USD
2021-06-026,2021-06-25,CNSHA-NLRTM,BAS,2459.9,USD
2021-06-026,2021-06-25,CNSHA-NLRTM,BAF,402.49,USD
2021-06-026,2021-06-25,CNSHA-NLRTM,THC,213.42,EUR
2021-06-026,2021-06-25,CNSHA-NLRTM,DOC,45.0,USD
2021-06-028,2021-06-25,CNSHA-NLRTM,BAS,2448.97,USD
2021-06-028,2021-06-25,CNSHA-NLRTM,BAF,369.59,USD
2021-06-028,2021-06-25,CNSHA-NLRTM,THC,220.3,EUR
2021-06-028,2021-06-25,CNSHA-NLRTM,DOC,45.0,USD
2021-06-014,2021-06-27,CNSHA-NLRTM,BAS,2459.04,USD
2021-06-014,2021-06-27,CNSHA-NLRTM,BAF,383.41,USD
2021-06-014,2021-06-27,CNSHA-NLRTM,THC,201.62,EUR
2021-06-014,2021-06-27,CNSHA-NLRTM,DOC,45.0,USD
2021-06-051,2021-06-27,CNSHA-USLAX,BAS,1963.69,USD
2021-06-051,2021-06-27,CNSHA-USLAX,BAF,427.62,USD
2021-06-051,2021-06-27,CNSHA-USLAX,THC,218.27,EUR
2021-06-051,2021-06-27,CNSHA-USLAX,DOC,45.0,USD
2021-07-021,2021-07-01,CNSHA-USLAX,BAS,1965.33,USD
2021-07-021,2021-07-01,CNSHA-USLAX,BAF,417.33,USD
2021-07-021,2021-07-01,CNSHA-USLAX,THC,214.42,EUR
2021-07-021,2021-07-01,CNSHA-USLAX,DOC,45.0,USD
2021-07-042,2021-07-01,CNSHA-USLAX,BAS,1949.49,USD
2021-07-042,2021-07-01,CNSHA-USLAX,BAF,406.65,USD
2021-07-042,2021-07-01,CNSHA-USLAX,THC,213.69,EUR
2021-07-042,2021-07-01,CNSHA-USLAX,DOC,45.0,USD
2021-07-050,2021-07-01,CNSHA-USLAX,BAS,1948.24,USD
2021-07-050,2021-07-01,CNSHA-USLAX,BAF,414.49,USD
2021-07-050,2021-07-01,CNSHA-USLAX,THC,216.82,EUR
2021-07-050,2021-07-01,CNSHA-USLAX,DOC,45.0,USD
2021-07-003,2021-07-02,CNSHA-USLAX,BAS,1951.51,USD
2021-07-003,2021-07-02,CNSHA-USLAX,BAF,400.62,USD
2021-07-003,2021-07-02,CNSHA-USLAX,THC,218.27,EUR
2021-07-003,2021-07-02,CNSHA-USLAX,DOC,45.0,USD
2021-07-008,2021-07-03,CNSHA-USLAX,BAS,1964.4,USD
2021-07-008,2021-07-03,CNSHA-USLAX,BAF,429.15,USD
2021-07-008,2021-07-03,CNSHA-USLAX,THC,220.8,EUR
2021-07-008,2021-07-03,CNSHA-USLAX,DOC,45.0,USD
2021-07-029,2021-07-03,CNSHA-USLAX,BAS,1999.41,USD
2021-07-029,2021-07-03,CNSHA-USLAX,BAF,436.15,USD
2021-07-029,2021-07-03,CNSHA-USLAX,THC,224.59,EUR
2021-07-029,2021-07-03,CNSHA-USLAX,DOC,45.0,USD
2021-07-047,2021-07-03,CNSHA-USLAX,BAS,1967.5,USD
2021-07-047,2021-07-03,CNSHA-USLAX,BAF,381.3,USD
2021-07-047,2021-07-03,CNSHA-USLAX,THC,213.56,EUR
2021-07-047,2021-07-03,CNSHA-USLAX,DOC,45.0,USD
2021-07-013,2021-07-04,CNSHA-USLAX,BAS,1978.42,USD
2021-07-013,2021-07-04,CNSHA-USLAX,BAF,392.08,USD
2021-07-013,2021-07-04,CNSHA-USLAX,THC,212.66,EUR
2021-07-013,2021-07-04,CNSHA-USLAX,DOC,45.0,USD
2021-07-020,2021-07-04,CNSHA-USLAX,BAS,2001.83,USD
2021-07-020,2021-07-04,CNSHA-USLAX,BAF,380.04,USD
2021-07-020,2021-07-04,CNSHA-USLAX,THC,220.44,EUR
2021-07-020,2021-07-04,CNSHA-USLAX,DOC,45.0,USD
2021-07-044,2021-07-04,CNSHA-NLRTM,BAS,2481.72,USD
2021-07-044,2021-07-04,CNSHA-NLRTM,BAF,391.23,USD
2021-07-044,2021-07-04,CNSHA-NLRTM,THC,220.36,EUR
2021-07-044,2021-07-04,CNSHA-NLRTM,DOC,45.0,USD
2021-07-026,2021-07-05,CNSHA-USLAX,BAS,1956.96,USD
2021-07-026,2021-07-05,CNSHA-USLAX,BAF,406.95,USD
2021-07-026,2021-07-05,CNSHA-USLAX,THC,218.79,EUR
2021-07-026,2021-07-05,CNSHA-USLAX,DOC,45.0,USD
2021-07-004,2021-07-06,CNSHA-USLAX,BAS,1957.27,USD
2021-07-004,2021-07-06,CNSHA-USLAX,BAF,383.0,USD
2021-07-004,2021-07-06,CNSHA-USLAX,THC,219.08,EUR
2021-07-004,2021-07-06,CNSHA-USLAX,DOC,45.0,USD
2021-07-022,2021-07-06,CNSHA-USLAX,BAS,1972.78,USD
2021-07-022,2021-07-06,CNSHA-USLAX,BAF,446.5,USD
2021-07-022,2021-07-06,CNSHA-USLAX,THC,208.42,EUR
2021-07-022,2021-07-06,CNSHA-USLAX,DOC,45.0,USD
2021-07-024,2021-07-08,CNSHA-USLAX,BAS,1991.83,USD
2021-07-024,2021-07-08,CNSHA-USLAX,BAF,408.39,USD
2021-07-024,2021-07-08,CNSHA-USLAX,THC,228.28,EUR
2021-07-024,2021-07-08,CNSHA-USLAX,DOC,45.0,USD
2021-07-035,2021-07-08,CNSHA-NLRTM,BAS,2474.25,USD
2021-07-035,2021-07-08,CNSHA-NLRTM,BAF,407.56,USD
2021-07-035,2021-07-08,CNSHA-NLRTM,THC,219.63,EUR
2021-07-035,2021-07-08,CNSHA-NLRTM,DOC,45.0,USD
2021-07-049,2021-07-08,CNSHA-NLRTM,BAS,2428.5,USD
2021-07-049,2021-07-08,CNSHA-NLRTM,BAF,406.13,USD
2021-07-049,2021-07-08,CNSHA-NLRTM,THC,217.23,EUR
2021-07-049,2021-07-08,CNSHA-NLRTM,DOC,45.0,USD
2021-07-030,2021-07-09,CNSHA-USLAX,BAS,1982.94,USD
2021-07-030,2021-07-09,CNSHA-USLAX,BAF,386.07,USD
2021-07-030,2021-07-09,CNSHA-USLAX,THC,224.13,EUR
2021-07-030,2021-07-09,CNSHA-USLAX,DOC,45.0,USD
2021-07-032,2021-07-09,CNSHA-NLRTM,BAS,2445.06,USD
2021-07-032,2021-07-09,CNSHA-NLRTM,BAF,425.02,USD
2021-07-032,2021-07-09,CNSHA-NLRTM,THC,227.75,EUR
2021-07-032,2021-07-09,CNSHA-NLRTM,DOC,45.0,USD
2021-07-054,2021-07-09,CNSHA-USLAX,BAS,1980.96,USD
2021-07-054,2021-07-09,CNSHA-USLAX,BAF,396.89,USD
2021-07-054,2021-07-09,CNSHA-USLAX,THC,215.07,EUR
2021-07-054,2021-07-09,CNSHA-USLAX,DOC,45.0,USD
2021-07-005,2021-07-10,CNSHA-USLAX,BAS,1950.49,USD
2021-07-005,2021-07-10,CNSHA-USLAX,BAF,392.52,USD
2021-07-005,2021-07-10,CNSHA-USLAX,THC,222.12,EUR
2021-07-005,2021-07-10,CNSHA-USLAX,DOC,45.0,USD
2021-07-007,2021-07-10,CNSHA-NLRTM,BAS,2471.16,USD
2021-07-007,2021-07-10,CNSHA-NLRTM,BAF,436.39,USD
2021-07-007,2021-07-10,CNSHA-NLRTM,THC,218.82,EUR
2021-07-007,2021-07-10,CNSHA-NLRTM,DOC,45.0,USD
2021-07-018,2021-07-10,CNSHA-NLRTM,BAS,2479.9,USD
2021-07-018,2021-07-10,CNSHA-NLRTM,BAF,371.84,USD
2021-07-018,2021-07-10,CNSHA-NLRTM,THC,212.95,EUR
2021-07-018,2021-07-10,CNSHA-NLRTM,DOC,45.0,USD
2021-07-034,2021-07-10,CNSHA-NLRTM,BAS,2430.62,USD
2021-07-034,2021-07-10,CNSHA-NLRTM,BAF,389.51,USD
2021-07-034,2021-07-10,CNSHA-NLRTM,THC,223.11,EUR
2021-07-034,2021-07-10,CNSHA-NLRTM,DOC,45.0,USD
2021-07-053,2021-07-10,CNSHA-USLAX,BAS,1944.56,USD
2021-07-053,2021-07-10,CNSHA-USLAX,BAF,450.43,USD
2021-07-053,2021-07-10,CNSHA-USLAX,THC,215.49,EUR
2021-07-053,2021-07-10,CNSHA-USLAX,DOC,45.0,USD
2021-07-010,2021-07-11,CNSHA-NLRTM,BAS,2497.8,USD
2021-07-010,2021-07-11,CNSHA-NLRTM,BAF,410.78,USD
2021-07-010,2021-07-11,CNSHA-NLRTM,THC,218.95,EUR
2021-07-010,2021-07-11,CNSHA-NLRTM,DOC,45.0,USD
2021-07-027,2021-07-11,CNSHA-NLRTM,BAS,2463.94,USD
2021-07-027,2021-07-11,CNSHA-NLRTM,BAF,364.3,USD
2021-07-027,2021-07-11,CNSHA-NLRTM,THC,227.66,EUR
2021-07-027,2021-07-11,CNSHA-NLRTM,DOC,45.0,USD
2021-07-046,2021-07-11,CNSHA-USLAX,BAS,1974.96,USD
2021-07-046,2021-07-11,CNSHA-USLAX,BAF,426.35,USD
2021-07-046,2021-07-11,CNSHA-USLAX,THC,215.17,EUR
2021-07-046,2021-07-11,CNSHA-USLAX,DOC,45.0,USD
2021-07-055,2021-07-11,CNSHA-USLAX,BAS,1969.68,USD
2021-07-055,2021-07-11,CNSHA-USLAX,BAF,429.5,USD
2021-07-055,2021-07-11,CNSHA-USLAX,THC,216.66,EUR
2021-07-055,2021-07-11,CNSHA-USLAX,DOC,45.0,USD
2021-07-001,2021-07-12,CNSHA-NLRTM,BAS,2496.06,USD
2021-07-001,2021-07-12,CNSHA-NLRTM,BAF,401.79,USD
2021-07-001,2021-07-12,CNSHA-NLRTM,THC,227.59,EUR
2021-07-001,2021-07-12,CNSHA-NLRTM,DOC,45.0,USD
2021-07-002,2021-07-12,CNSHA-NLRTM,BAS,2490.92,USD
2021-07-002,2021-07-12,CNSHA-NLRTM,BAF,413.2,USD
2021-07-002,2021-07-12,CNSHA-NLRTM,THC,225.84,EUR
2021-07-002,2021-07-12,CNSHA-NLRTM,DOC,45.0,USD
2021-07-012,2021-07-12,CNSHA-USLAX,BAS,1979.16,USD
2021-07-012,2021-07-12,CNSHA-USLAX,BAF,393.05,USD
2021-07-012,2021-07-12,CNSHA-USLAX,THC,224.4,EUR
2021-07-012,2021-07-12,CNSHA-USLAX,DOC,45.0,USD
2021-07-016,2021-07-13,CNSHA-USLAX,BAS,1949.83,USD
2021-07-016,2021-07-13,CNSHA-USLAX,BAF,413.91,USD
2021-07-016,2021-07-13,CNSHA-USLAX,THC,233.75,EUR
2021-07-016,2021-07-13,CNSHA-USLAX,DOC,45.0,USD
2021-07-041,2021-07-14,CNSHA-USLAX,BAS,1968.81,USD
2021-07-041,2021-07-14,CNSHA-USLAX,BAF,397.88,USD
2021-07-041,2021-07-14,CNSHA-USLAX,THC,227.55,EUR
2021-07-041,2021-07-14,CNSHA-USLAX,DOC,45.0,USD
2021-07-017,2021-07-15,CNSHA-NLRTM,BAS,2449.31,USD
2021-07-017,2021-07-15,CNSHA-NLRTM,BAF,398.33,USD
2021-07-017,2021-07-15,CNSHA-NLRTM,THC,219.56,EUR
2021-07-017,2021-07-15,CNSHA-NLRTM,DOC,45.0,USD
2021-07-023,2021-07-15,CNSHA-NLRTM,BAS,2425.23,USD
2021-07-023,2021-07-15,CNSHA-NLRTM,BAF,428.31,USD
2021-07-023,2021-07-15,CNSHA-NLRTM,THC,221.04,EUR
2021-07-023,2021-07-15,CNSHA-NLRTM,DOC,45.0,USD
2021-07-000,2021-07-16,CNSHA-USLAX,BAS,1963.87,USD
2021-07-000,2021-07-16,CNSHA-USLAX,BAF,458.18,USD
2021-07-000,2021-07-16,CNSHA-USLAX,THC,213.01,EUR
2021-07-000,2021-07-16,CNSHA-USLAX,DOC,45.0,USD
2021-07-031,2021-07-17,CNSHA-NLRTM,BAS,2458.69,USD
2021-07-031,2021-07-17,CNSHA-NLRTM,BAF,365.92,USD
2021-07-031,2021-07-17,CNSHA-NLRTM,THC,208.41,EUR
2021-07-031,2021-07-17,CNSHA-NLRTM,DOC,45.0,USD
2021-07-051,2021-07-18,CNSHA-USLAX,BAS,1958.52,USD
2021-07-051,2021-07-18,CNSHA-USLAX,BAF,378.99,USD
2021-07-051,2021-07-18,CNSHA-USLAX,THC,227.62,EUR
2021-07-051,2021-07-18,CNSHA-USLAX,DOC,45.0,USD
2021-07-011,2021-07-19,CNSHA-NLRTM,BAS,2428.43,USD
2021-07-011,2021-07-19,CNSHA-NLRTM,BAF,431.48,USD
2021-07-011,2021-07-19,CNSHA-NLRTM,THC,231.15,EUR
2021-07-011,2021-07-19,CNSHA-NLRTM,DOC,45.0,USD
2021-07-045,2021-07-19,CNSHA-USLAX,BAS,1980.23,USD
2021-07-045,2021-07-19,CNSHA-USLAX,BAF,398.93,USD
2021-07-045,2021-07-19,CNSHA-USLAX,THC,217.74,EUR
2021-07-045,2021-07-19,CNSHA-USLAX,DOC,45.0,USD
2021-07-025,2021-07-20,CNSHA-USLAX,BAS,1975.5,USD
2021-07-025,2021-07-20,CNSHA-USLAX,BAF,396.23,USD
2021-07-025,2021-07-20,CNSHA-USLAX,THC,230.04,EUR
2021-07-025,2021-07-20,CNSHA-USLAX,DOC,45.0,USD
2021-07-036,2021-07-20,CNSHA-USLAX,BAS,1965.48,USD
2021-07-036,2021-07-20,CNSHA-USLAX,BAF,425.33,USD
2021-07-036,2021-07-20,CNSHA-USLAX,THC,218.08,EUR
2021-07-036,2021-07-20,CNSHA-USLAX,DOC,45.0,USD
2021-07-019,2021-07-21,CNSHA-NLRTM,BAS,2483.44,USD
2021-07-019,2021-07-21,CNSHA-NLRTM,BAF,442.37,USD
2021-07-019,2021-07-21,CNSHA-NLRTM,THC,208.42,EUR
2021-07-019,2021-07-21,CNSHA-NLRTM,DOC,45.0,USD
2021-07-014,2021-07-23,CNSHA-NLRTM,BAS,2457.56,USD
2021-07-014,2021-07-23,CNSHA-NLRTM,BAF,401.53,USD
2021-07-014,2021-07-23,CNSHA-NLRTM,THC,212.71,EUR
2021-07-014,2021-07-23,CNSHA-NLRTM,DOC,45.0,USD
2021-07-038,2021-07-23,CNSHA-USLAX,BAS,1977.17,USD
2021-07-038,2021-07-23,CNSHA-USLAX,BAF,391.15,USD
2021-07-038,2021-07-23,CNSHA-USLAX,THC,210.55,EUR
2021-07-038,2021-07-23,CNSHA-USLAX,DOC,45.0,USD
2021-07-043,2021-07-23,CNSHA-NLRTM,BAS,2463.47,USD
2021-07-043,2021-07-23,CNSHA-NLRTM,BAF,455.8,USD
2021-07-043,2021-07-23,CNSHA-NLRTM,THC,212.92,EUR
2021-07-043,2021-07-23,CNSHA-NLRTM,DOC,45.0,USD
2021-07-006,2021-07-24,CNSHA-NLRTM,BAS,2439.43,USD
2021-07-006,2021-07-24,CNSHA-NLRTM,BAF,361.02,USD
2021-07-006,2021-07-24,CNSHA-NLRTM,THC,221.64,EUR
2021-07-006,2021-07-24,CNSHA-NLRTM,DOC,45.0,USD
2021-07-009,2021-07-24,CNSHA-NLRTM,BAS,2479.71,USD
2021-07-009,2021-07-24,CNSHA-NLRTM,BAF,410.89,USD
2021-07-009,2021-07-24,CNSHA-NLRTM,THC,221.94,EUR
2021-07-009,2021-07-24,CNSHA-NLRTM,DOC,45.0,USD
2021-07-040,2021-07-24,CNSHA-USLAX,BAS,1965.65,USD
2021-07-040,2021-07-24,CNSHA-USLAX,BAF,429.02,USD
2021-07-040,2021-07-24,CNSHA-USLAX,THC,212.53,EUR
2021-07-040,2021-07-24,CNSHA-USLAX,DOC,45.0,USD
2021-07-052,2021-07-24,CNSHA-USLAX,BAS,1946.9,USD
2021-07-052,2021-07-24,CNSHA-USLAX,BAF,398.01,USD
2021-07-052,2021-07-24,CNSHA-USLAX,THC,218.37,EUR
2021-07-052,2021-07-24,CNSHA-USLAX,DOC,45.0,USD
2021-07-015,2021-07-25,CNSHA-USLAX,BAS,1975.77,USD
2021-07-015,2021-07-25,CNSHA-USLAX,BAF,374.93,USD
2021-07-015,2021-07-25,CNSHA-USLAX,THC,216.09,EUR
2021-07-015,2021-07-25,CNSHA-USLAX,DOC,45.0,USD
2021-07-028,2021-07-27,CNSHA-NLRTM,BAS,2457.82,USD
2021-07-028,2021-07-27,CNSHA-NLRTM,BAF,435.95,USD
2021-07-028,2021-07-27,CNSHA-NLRTM,THC,216.48,EUR
2021-07-028,2021-07-27,CNSHA-NLRTM,DOC,45.0,USD
2021-07-037,2021-07-27,CNSHA-USLAX,BAS,1925.36,USD
2021-07-037,2021-07-27,CNSHA-USLAX,BAF,398.94,USD
2021-07-037,2021-07-27,CNSHA-USLAX,THC,220.43,EUR
2021-07-037,2021-07-27,CNSHA-USLAX,DOC,45.0,USD
2021-07-039,2021-07-27,CNSHA-USLAX,BAS,1950.06,USD
2021-07-039,2021-07-27,CNSHA-USLAX,BAF,407.44,USD
2021-07-039,2021-07-27,CNSHA-USLAX,THC,210.35,EUR
2021-07-039,2021-07-27,CNSHA-USLAX,DOC,45.0,USD
2021-07-048,2021-07-27,CNSHA-NLRTM,BAS,2508.55,USD
2021-07-048,2021-07-27,CNSHA-NLRTM,BAF,417.61,USD
2021-07-048,2021-07-27,CNSHA-NLRTM,THC,214.48,EUR
2021-07-048,2021-07-27,CNSHA-NLRTM,DOC,45.0,USD
2021-07-033,2021-07-28,CNSHA-USLAX,BAS,1963.86,USD
2021-07-033,2021-07-28,CNSHA-USLAX,BAF,447.92,USD
2021-07-033,2021-07-28,CNSHA-USLAX,THC,214.79,EUR
2021-07-033,2021-07-28,CNSHA-USLAX,DOC,45.0,USD
2021-08-029,2021-08-01,CNSHA-USLAX,BAS,1952.98,USD
2021-08-029,2021-08-01,CNSHA-USLAX,BAF,416.49,USD
2021-08-029,2021-08-01,CNSHA-USLAX,THC,226.82,EUR
2021-08-029,2021-08-01,CNSHA-USLAX,DOC,45.0,USD
2021-08-029,2021-08-01,CNSHA-USLAX,PSS,200.0,USD
2021-08-052,2021-08-01,CNSHA-USLAX,BAS,1959.79,USD
2021-08-052,2021-08-01,CNSHA-USLAX,BAF,419.01,USD
2021-08-052,2021-08-01,CNSHA-USLAX,THC,205.37,EUR
2021-08-052,2021-08-01,CNSHA-USLAX,DOC,45.0,USD
2021-08-052,2021-08-01,CNSHA-USLAX,PSS,200.0,USD
2021-08-008,2021-08-02,CNSHA-USLAX,BAS,1932.49,USD
2021-08-008,2021-08-02,CNSHA-USLAX,BAF,378.47,USD
2021-08-008,2021-08-02,CNSHA-USLAX,THC,221.58,EUR
2021-08-008,2021-08-02,CNSHA-USLAX,DOC,45.0,USD
2021-08-008,2021-08-02,CNSHA-USLAX,PSS,200.0,USD
2021-08-011,2021-08-02,CNSHA-USLAX,BAS,1943.72,USD
2021-08-011,2021-08-02,CNSHA-USLAX,BAF,361.24,USD
2021-08-011,2021-08-02,CNSHA-USLAX,THC,222.0,EUR
2021-08-011,2021-08-02,CNSHA-USLAX,DOC,45.0,USD
2021-08-011,2021-08-02,CNSHA-USLAX,PSS,200.0,USD
2021-08-019,2021-08-02,CNSHA-USLAX,BAS,1982.09,USD
2021-08-019,2021-08-02,CNSHA-USLAX,BAF,427.34,USD
2021-08-019,2021-08-02,CNSHA-USLAX,THC,218.04,EUR
2021-08-019,2021-08-02,CNSHA-USLAX,DOC,45.0,USD
2021-08-019,2021-08-02,CNSHA-USLAX,PSS,200.0,USD
2021-08-026,2021-08-02,CNSHA-NLRTM,BAS,2468.1,USD
2021-08-026,2021-08-02,CNSHA-NLRTM,BAF,407.81,USD
2021-08-026,2021-08-02,CNSHA-NLRTM,THC,218.01,EUR
2021-08-026,2021-08-02,CNSHA-NLRTM,DOC,45.0,USD
2021-08-026,2021-08-02,CNSHA-NLRTM,PSS,200.0,USD
2021-08-039,2021-08-02,CNSHA-USLAX,BAS,1961.64,USD
2021-08-039,2021-08-02,CNSHA-USLAX,BAF,438.96,USD
2021-08-039,2021-08-02,CNSHA-USLAX,THC,228.55,EUR
2021-08-039,2021-08-02,CNSHA-USLAX,DOC,45.0,USD
2021-08-039,2021-08-02,CNSHA-USLAX,PSS,200.0,USD
2021-08-049,2021-08-02,CNSHA-NLRTM,BAS,2476.0,USD
2021-08-049,2021-08-02,CNSHA-NLRTM,BAF,449.48,USD
2021-08-049,2021-08-02,CNSHA-NLRTM,THC,216.0,EUR
2021-08-049,2021-08-02,CNSHA-NLRTM,DOC,45.0,USD
2021-08-049,2021-08-02,CNSHA-NLRTM,PSS,200.0,USD
2021-08-060,2021-08-02,CNSHA-NLRTM,BAS,2457.72,USD
2021-08-060,2021-08-02,CNSHA-NLRTM,BAF,431.4,USD
2021-08-060,2021-08-02,CNSHA-NLRTM,THC,213.02,EUR
2021-08-060,2021-08-02,CNSHA-NLRTM,DOC,45.0,USD
2021-08-060,2021-08-02,CNSHA-NLRTM,PSS,200.0,USD
2021-08-043,2021-08-04,CNSHA-USLAX,BAS,1993.04,USD
2021-08-043,2021-08-04,CNSHA-USLAX,BAF,406.27,USD
2021-08-043,2021-08-04,CNSHA-USLAX,THC,229.41,EUR
2021-08-043,2021-08-04,CNSHA-USLAX,DOC,45.0,USD
2021-08-043,2021-08-04,CNSHA-USLAX,PSS,200.0,USD
2021-08-056,2021-08-04,CNSHA-NLRTM,BAS,2456.19,USD
2021-08-056,2021-08-04,CNSHA-NLRTM,BAF,435.11,USD
2021-08-056,2021-08-04,CNSHA-NLRTM,THC,210.22,EUR
2021-08-056,2021-08-04,CNSHA-NLRTM,DOC,45.0,USD
2021-08-056,2021-08-04,CNSHA-NLRTM,PSS,200.0,USD
2021-08-059,2021-08-04,CNSHA-USLAX,BAS,1941.12,USD
2021-08-059,2021-08-04,CNSHA-USLAX,BAF,423.51,USD
2021-08-059,2021-08-04,CNSHA-USLAX,THC,224.28,EUR
2021-08-059,2021-08-04,CNSHA-USLAX,DOC,45.0,USD
2021-08-059,2021-08-04,CNSHA-USLAX,PSS,200.0,USD
2021-08-009,2021-08-05,CNSHA-USLAX,BAS,1963.01,USD
2021-08-009,2021-08-05,CNSHA-USLAX,BAF,423.15,USD
2021-08-009,2021-08-05,CNSHA-USLAX,THC,222.14,EUR
2021-08-009,2021-08-05,CNSHA-USLAX,DOC,45.0,USD
2021-08-009,2021-08-05,CNSHA-USLAX,PSS,200.0,USD
2021-08-006,2021-08-06,CNSHA-USLAX,BAS,1955.96,USD
2021-08-006,2021-08-06,CNSHA-USLAX,BAF,370.94,USD
2021-08-006,2021-08-06,CNSHA-USLAX,THC,214.45,EUR
2021-08-006,2021-08-06,CNSHA-USLAX,DOC,45.0,USD
2021-08-006,2021-08-06,CNSHA-USLAX,PSS,200.0,USD
2021-08-010,2021-08-06,CNSHA-NLRTM,BAS,2489.89,USD
2021-08-010,2021-08-06,CNSHA-NLRTM,BAF,425.86,USD
2021-08-010,2021-08-06,CNSHA-NLRTM,THC,225.84,EUR
2021-08-010,2021-08-06,CNSHA-NLRTM,DOC,45.0,USD
2021-08-010,2021-08-06,CNSHA-NLRTM,PSS,200.0,USD
2021-08-013,2021-08-06,CNSHA-NLRTM,BAS,2444.49,USD
2021-08-013,2021-08-06,CNSHA-NLRTM,BAF,402.76,USD
2021-08-013,2021-08-06,CNSHA-NLRTM,THC,215.9,EUR
2021-08-013,2021-08-06,CNSHA-NLRTM,DOC,45.0,USD
2021-08-013,2021-08-06,CNSHA-NLRTM,PSS,200.0,USD
2021-08-016,2021-08-06,CNSHA-NLRTM,BAS,2454.73,USD
2021-08-016,2021-08-06,CNSHA-NLRTM,BAF,424.13,USD
2021-08-016,2021-08-06,CNSHA-NLRTM,THC,216.23,EUR
2021-08-016,2021-08-06,CNSHA-NLRTM,DOC,45.0,USD
2021-08-016,2021-08-06,CNSHA-NLRTM,PSS,200.0,USD
2021-08-046,2021-08-06,CNSHA-USLAX,BAS,1973.83,USD
2021-08-046,2021-08-06,CNSHA-USLAX,BAF,424.68,USD
2021-08-046,2021-08-06,CNSHA-USLAX,THC,220.34,EUR
2021-08-046,2021-08-06,CNSHA-USLAX,DOC,45.0,USD
2021-08-046,2021-08-06,CNSHA-USLAX,PSS,200.0,USD
2021-08-048,2021-08-06,CNSHA-USLAX,BAS,1989.41,USD
2021-08-048,2021-08-06,CNSHA-USLAX,BAF,413.76,USD
2021-08-048,2021-08-06,CNSHA-USLAX,THC,217.63,EUR
2021-08-048,2021-08-06,CNSHA-USLAX,DOC,45.0,USD
2021-08-048,2021-08-06,CNSHA-USLAX,PSS,200.0,USD
2021-08-017,2021-08-08,CNSHA-USLAX,BAS,1972.4,USD
2021-08-017,2021-08-08,CNSHA-USLAX,BAF,403.85,USD
2021-08-017,2021-08-08,CNSHA-USLAX,THC,214.15,EUR
2021-08-017,2021-08-08,CNSHA-USLAX,DOC,45.0,USD
2021-08-017,2021-08-08,CNSHA-USLAX,PSS,200.0,USD
2021-08-044,2021-08-08,CNSHA-USLAX,BAS,1938.72,USD
2021-08-044,2021-08-08,CNSHA-USLAX,BAF,388.77,USD
2021-08-044,2021-08-08,CNSHA-USLAX,THC,226.41,EUR
2021-08-044,2021-08-08,CNSHA-USLAX,DOC,45.0,USD
2021-08-044,2021-08-08,CNSHA-USLAX,PSS,200.0,USD
2021-08-054,2021-08-08,CNSHA-NLRTM,BAS,2478.96,USD
2021-08-054,2021-08-08,CNSHA-NLRTM,BAF,372.36,USD
2021-08-054,2021-08-08,CNSHA-NLRTM,THC,214.06,EUR
2021-08-054,2021-08-08,CNSHA-NLRTM,DOC,45.0,USD
2021-08-054,2021-08-08,CNSHA-NLRTM,PSS,200.0,USD
2021-08-018,2021-08-10,CNSHA-NLRTM,BAS,2499.03,USD
2021-08-018,2021-08-10,CNSHA-NLRTM,BAF,394.39,USD
2021-08-018,2021-08-10,CNSHA-NLRTM,THC,224.67,EUR
2021-08-018,2021-08-10,CNSHA-NLRTM,DOC,45.0,USD
2021-08-018,2021-08-10,CNSHA-NLRTM,PSS,200.0,USD
2021-08-021,2021-08-11,CNSHA-USLAX,BAS,1969.09,USD
2021-08-021,2021-08-11,CNSHA-USLAX,BAF,421.47,USD
2021-08-021,2021-08-11,CNSHA-USLAX,THC,215.46,EUR
2021-08-021,2021-08-11,CNSHA-USLAX,DOC,45.0,USD
2021-08-021,2021-08-11,CNSHA-USLAX,PSS,200.0,USD
2021-08-000,2021-08-12,CNSHA-NLRTM,BAS,2460.14,USD
2021-08-000,2021-08-12,CNSHA-NLRTM,BAF,420.76,USD
2021-08-000,2021-08-12,CNSHA-NLRTM,THC,221.78,EUR
2021-08-000,2021-08-12,CNSHA-NLRTM,DOC,45.0,USD
2021-08-000,2021-08-12,CNSHA-NLRTM,PSS,200.0,USD
2021-08-020,2021-08-12,CNSHA-NLRTM,BAS,2434.48,USD
2021-08-020,2021-08-12,CNSHA-NLRTM,BAF,405.54,USD
2021-08-020,2021-08-12,CNSHA-NLRTM,THC,211.82,EUR
2021-08-020,2021-08-12,CNSHA-NLRTM,DOC,45.0,USD
2021-08-020,2021-08-12,CNSHA-NLRTM,PSS,200.0,USD
2021-08-031,2021-08-12,CNSHA-USLAX,BAS,1949.53,USD
2021-08-031,2021-08-12,CNSHA-USLAX,BAF,410.17,USD
2021-08-031,2021-08-12,CNSHA-USLAX,THC,231.95,EUR
2021-08-031,2021-08-12,CNSHA-USLAX,DOC,45.0,USD
2021-08-031,2021-08-12,CNSHA-USLAX,PSS,200.0,USD
2021-08-034,2021-08-12,CNSHA-NLRTM,BAS,2451.73,USD
2021-08-034,2021-08-12,CNSHA-NLRTM,BAF,431.49,USD
2021-08-034,2021-08-12,CNSHA-NLRTM,THC,222.54,EUR
2021-08-034,2021-08-12,CNSHA-NLRTM,DOC,45.0,USD
2021-08-034,2021-08-12,CNSHA-NLRTM,PSS,200.0,USD
2021-08-037,2021-08-12,CNSHA-USLAX,BAS,1981.37,USD
2021-08-037,2021-08-12,CNSHA-USLAX,BAF,437.62,USD
2021-08-037,2021-08-12,CNSHA-USLAX,THC,219.67,EUR
2021-08-037,2021-08-12,CNSHA-USLAX,DOC,45.0,USD
2021-08-037,2021-08-12,CNSHA-USLAX,PSS,200.0,USD
2021-08-025,2021-08-13,CNSHA-NLRTM,BAS,2470.2,USD
2021-08-025,2021-08-13,CNSHA-NLRTM,BAF,436.44,USD
2021-08-025,2021-08-13,CNSHA-NLRTM,THC,209.65,EUR
2021-08-025,2021-08-13,CNSHA-NLRTM,DOC,45.0,USD
2021-08-025,2021-08-13,CNSHA-NLRTM,PSS,200.0,USD
2021-08-028,2021-08-13,CNSHA-NLRTM,BAS,2497.66,USD
2021-08-028,2021-08-13,CNSHA-NLRTM,BAF,410.52,USD
2021-08-028,2021-08-13,CNSHA-NLRTM,THC,228.72,EUR
2021-08-028,2021-08-13,CNSHA-NLRTM,DOC,45.0,USD
2021-08-028,2021-08-13,CNSHA-NLRTM,PSS,200.0,USD
2021-08-004,2021-08-14,CNSHA-USLAX,BAS,1949.76,USD
2021-08-004,2021-08-14,CNSHA-USLAX,BAF,412.71,USD
2021-08-004,2021-08-14,CNSHA-USLAX,THC,215.87,EUR
2021-08-004,2021-08-14,CNSHA-USLAX,DOC,45.0,USD
2021-08-004,2021-08-14,CNSHA-USLAX,PSS,200.0,USD
2021-08-050,2021-08-14,CNSHA-USLAX,BAS,1948.05,USD
2021-08-050,2021-08-14,CNSHA-USLAX,BAF,377.77,USD
2021-08-050,2021-08-14,CNSHA-USLAX,THC,217.01,EUR
2021-08-050,2021-08-14,CNSHA-USLAX,DOC,45.0,USD
2021-08-050,2021-08-14,CNSHA-USLAX,PSS,200.0,USD
2021-08-014,2021-08-16,CNSHA-NLRTM,BAS,2451.99,USD
2021-08-014,2021-08-16,CNSHA-NLRTM,BAF,395.06,USD
2021-08-014,2021-08-16,CNSHA-NLRTM,THC,221.53,EUR
2021-08-014,2021-08-16,CNSHA-NLRTM,DOC,45.0,USD
2021-08-014,2021-08-16,CNSHA-NLRTM,PSS,200.0,USD
2021-08-022,2021-08-16,CNSHA-NLRTM,BAS,2477.14,USD
2021-08-022,2021-08-16,CNSHA-NLRTM,BAF,402.39,USD
2021-08-022,2021-08-16,CNSHA-NLRTM,THC,224.34,EUR
2021-08-022,2021-08-16,CNSHA-NLRTM,DOC,45.0,USD
2021-08-022,2021-08-16,CNSHA-NLRTM,PSS,200.0,USD
2021-08-023,2021-08-16,CNSHA-USLAX,BAS,1929.49,USD
2021-08-023,2021-08-16,CNSHA-USLAX,BAF,427.79,USD
2021-08-023,2021-08-16,CNSHA-USLAX,THC,212.32,EUR
2021-08-023,2021-08-16,CNSHA-USLAX,DOC,45.0,USD
2021-08-023,2021-08-16,CNSHA-USLAX,PSS,200.0,USD
2021-08-032,2021-08-16,CNSHA-NLRTM,BAS,2495.29,USD
2021-08-032,2021-08-16,CNSHA-NLRTM,BAF,425.01,USD
2021-08-032,2021-08-16,CNSHA-NLRTM,THC,219.04,EUR
2021-08-032,2021-08-16,CNSHA-NLRTM,DOC,45.0,USD
2021-08-032,2021-08-16,CNSHA-NLRTM,PSS,200.0,USD
2021-08-033,2021-08-17,CNSHA-USLAX,BAS,2000.37,USD
2021-08-033,2021-08-17,CNSHA-USLAX,BAF,393.7,USD
2021-08-033,2021-08-17,CNSHA-USLAX,THC,211.15,EUR
2021-08-033,2021-08-17,CNSHA-USLAX,DOC,45.0,USD
2021-08-033,2021-08-17,CNSHA-USLAX,PSS,200.0,USD
2021-08-035,2021-08-17,CNSHA-NLRTM,BAS,2478.64,USD
2021-08-035,2021-08-17,CNSHA-NLRTM,BAF,451.75,USD
2021-08-035,2021-08-17,CNSHA-NLRTM,THC,225.15,EUR
2021-08-035,2021-08-17,CNSHA-NLRTM,DOC,45.0,USD
2021-08-035,2021-08-17,CNSHA-NLRTM,PSS,200.0,USD
2021-08-012,2021-08-18,CNSHA-NLRTM,BAS,2454.37,USD
2021-08-012,2021-08-18,CNSHA-NLRTM,BAF,415.28,USD
2021-08-012,2021-08-18,CNSHA-NLRTM,THC,226.74,EUR
2021-08-012,2021-08-18,CNSHA-NLRTM,DOC,45.0,USD
2021-08-012,2021-08-18,CNSHA-NLRTM,PSS,200.0,USD
2021-08-024,2021-08-18,CNSHA-USLAX,BAS,1962.0,USD
2021-08-024,2021-08-18,CNSHA-USLAX,BAF,403.94,USD
2021-08-024,2021-08-18,CNSHA-USLAX,THC,219.86,EUR
2021-08-024,2021-08-18,CNSHA-USLAX,DOC,45.0,USD
2021-08-024,2021-08-18,CNSHA-USLAX,PSS,200.0,USD
2021-08-030,2021-08-18,CNSHA-NLRTM,BAS,2464.03,USD
2021-08-030,2021-08-18,CNSHA-NLRTM,BAF,401.67,USD
2021-08-030,2021-08-18,CNSHA-NLRTM,THC,221.39,EUR
2021-08-030,2021-08-18,CNSHA-NLRTM,DOC,45.0,USD
2021-08-030,2021-08-18,CNSHA-NLRTM,PSS,200.0,USD
2021-08-036,2021-08-18,CNSHA-USLAX,BAS,1959.17,USD
2021-08-036,2021-08-18,CNSHA-USLAX,BAF,407.28,USD
2021-08-036,2021-08-18,CNSHA-USLAX,THC,219.33,EUR
2021-08-036,2021-08-18,CNSHA-USLAX,DOC,45.0,USD
2021-08-036,2021-08-18,CNSHA-USLAX,PSS,200.0,USD
2021-08-053,2021-08-18,CNSHA-USLAX,BAS,1990.5,USD
2021-08-053,2021-08-18,CNSHA-USLAX,BAF,448.16,USD
2021-08-053,2021-08-18,CNSHA-USLAX,THC,225.5,EUR
2021-08-053,2021-08-18,CNSHA-USLAX,DOC,45.0,USD
2021-08-053,2021-08-18,CNSHA-USLAX,PSS,200.0,USD
2021-08-007,2021-08-20,CNSHA-USLAX,BAS,1975.45,USD
2021-08-007,2021-08-20,CNSHA-USLAX,BAF,387.74,USD
2021-08-007,2021-08-20,CNSHA-USLAX,THC,231.27,EUR
2021-08-007,2021-08-20,CNSHA-USLAX,DOC,45.0,USD
2021-08-007,2021-08-20,CNSHA-USLAX,PSS,200.0,USD
2021-08-040,2021-08-20,CNSHA-NLRTM,BAS,2496.81,USD
2021-08-040,2021-08-20,CNSHA-NLRTM,BAF,409.93,USD
2021-08-040,2021-08-20,CNSHA-NLRTM,THC,224.35,EUR
2021-08-040,2021-08-20,CNSHA-NLRTM,DOC,45.0,USD
2021-08-040,2021-08-20,CNSHA-NLRTM,PSS,200.0,USD
2021-08-005,2021-08-21,CNSHA-USLAX,BAS,1970.21,USD
2021-08-005,2021-08-21,CNSHA-USLAX,BAF,428.85,USD
2021-08-005,2021-08-21,CNSHA-USLAX,THC,221.51,EUR
2021-08-005,2021-08-21,CNSHA-USLAX,DOC,45.0,USD
2021-08-005,2021-08-21,CNSHA-USLAX,PSS,200.0,USD
2021-08-042,2021-08-21,CNSHA-USLAX,BAS,1939.0,USD
2021-08-042,2021-08-21,CNSHA-USLAX,BAF,429.71,USD
2021-08-042,2021-08-21,CNSHA-USLAX,THC,227.4,EUR
2021-08-042,2021-08-21,CNSHA-USLAX,DOC,45.0,USD
2021-08-042,2021-08-21,CNSHA-USLAX,PSS,200.0,USD
2021-08-058,2021-08-21,CNSHA-USLAX,BAS,1935.18,USD
2021-08-058,2021-08-21,CNSHA-USLAX,BAF,413.3,USD
2021-08-058,2021-08-21,CNSHA-USLAX,THC,216.48,EUR
2021-08-058,2021-08-21,CNSHA-USLAX,DOC,45.0,USD
2021-08-058,2021-08-21,CNSHA-USLAX,PSS,200.0,USD
2021-08-001,2021-08-22,CNSHA-NLRTM,BAS,2454.63,USD
2021-08-001,2021-08-22,CNSHA-NLRTM,BAF,409.27,USD
2021-08-001,2021-08-22,CNSHA-NLRTM,THC,218.2,EUR
2021-08-001,2021-08-22,CNSHA-NLRTM,DOC,45.0,USD
2021-08-001,2021-08-22,CNSHA-NLRTM,PSS,200.0,USD
2021-08-015,2021-08-22,CNSHA-USLAX,BAS,1953.84,USD
2021-08-015,2021-08-22,CNSHA-USLAX,BAF,402.49,USD
2021-08-015,2021-08-22,CNSHA-USLAX,THC,223.62,EUR
2021-08-015,2021-08-22,CNSHA-USLAX,DOC,45.0,USD
2021-08-015,2021-08-22,CNSHA-USLAX,PSS,200.0,USD
2021-08-057,2021-08-23,CNSHA-NLRTM,BAS,2497.58,USD
2021-08-057,2021-08-23,CNSHA-NLRTM,BAF,394.96,USD
2021-08-057,2021-08-23,CNSHA-NLRTM,THC,222.44,EUR
2021-08-057,2021-08-23,CNSHA-NLRTM,DOC,45.0,USD
2021-08-057,2021-08-23,CNSHA-NLRTM,PSS,200.0,USD
2021-08-002,2021-08-24,CNSHA-USLAX,BAS,1984.95,USD
2021-08-002,2021-08-24,CNSHA-USLAX,BAF,426.79,USD
2021-08-002,2021-08-24,CNSHA-USLAX,THC,226.79,EUR
2021-08-002,2021-08-24,CNSHA-USLAX,DOC,45.0,USD
2021-08-002,2021-08-24,CNSHA-USLAX,PSS,200.0,USD
2021-08-003,2021-08-24,CNSHA-NLRTM,BAS,2463.74,USD
2021-08-003,2021-08-24,CNSHA-NLRTM,BAF,387.34,USD
2021-08-003,2021-08-24,CNSHA-NLRTM,THC,220.57,EUR
2021-08-003,2021-08-24,CNSHA-NLRTM,DOC,45.0,USD
2021-08-003,2021-08-24,CNSHA-NLRTM,PSS,200.0,USD
2021-08-027,2021-08-24,CNSHA-USLAX,BAS,1983.75,USD
2021-08-027,2021-08-24,CNSHA-USLAX,BAF,385.56,USD
2021-08-027,2021-08-24,CNSHA-USLAX,THC,212.49,EUR
2021-08-027,2021-08-24,CNSHA-USLAX,DOC,45.0,USD
2021-08-027,2021-08-24,CNSHA-USLAX,PSS,200.0,USD
2021-08-045,2021-08-24,CNSHA-NLRTM,BAS,2454.6,USD
2021-08-045,2021-08-24,CNSHA-NLRTM,BAF,416.69,USD
2021-08-045,2021-08-24,CNSHA-NLRTM,THC,226.72,EUR
2021-08-045,2021-08-24,CNSHA-NLRTM,DOC,45.0,USD
2021-08-045,2021-08-24,CNSHA-NLRTM,PSS,200.0,USD
2021-08-055,2021-08-24,CNSHA-USLAX,BAS,1964.56,USD
2021-08-055,2021-08-24,CNSHA-USLAX,BAF,431.09,USD
2021-08-055,2021-08-24,CNSHA-USLAX,THC,218.09,EUR
2021-08-055,2021-08-24,CNSHA-USLAX,DOC,45.0,USD
2021-08-055,2021-08-24,CNSHA-USLAX,PSS,200.0,USD
2021-08-047,2021-08-26,CNSHA-NLRTM,BAS,2467.09,USD
2021-08-047,2021-08-26,CNSHA-NLRTM,BAF,415.32,USD
2021-08-047,2021-08-26,CNSHA-NLRTM,THC,219.39,EUR
2021-08-047,2021-08-26,CNSHA-NLRTM,DOC,45.0,USD
2021-08-047,2021-08-26,CNSHA-NLRTM,PSS,200.0,USD
2021-08-051,2021-08-26,CNSHA-NLRTM,BAS,2502.66,USD
2021-08-051,2021-08-26,CNSHA-NLRTM,BAF,418.43,USD
2021-08-051,2021-08-26,CNSHA-NLRTM,THC,224.42,EUR
2021-08-051,2021-08-26,CNSHA-NLRTM,DOC,45.0,USD
2021-08-051,2021-08-26,CNSHA-NLRTM,PSS,200.0,USD
2021-08-061,2021-08-26,CNSHA-USLAX,BAS,1963.81,USD
2021-08-061,2021-08-26,CNSHA-USLAX,BAF,389.32,USD
2021-08-061,2021-08-26,CNSHA-USLAX,THC,229.45,EUR
2021-08-061,2021-08-26,CNSHA-USLAX,DOC,45.0,USD
2021-08-061,2021-08-26,CNSHA-USLAX,PSS,200.0,USD
2021-08-038,2021-08-27,CNSHA-NLRTM,BAS,2515.85,USD
2021-08-038,2021-08-27,CNSHA-NLRTM,BAF,401.77,USD
2021-08-038,2021-08-27,CNSHA-NLRTM,THC,212.24,EUR
2021-08-038,2021-08-27,CNSHA-NLRTM,DOC,45.0,USD
2021-08-038,2021-08-27,CNSHA-NLRTM,PSS,200.0,USD
2021-08-041,2021-08-27,CNSHA-USLAX,BAS,1966.67,USD
2021-08-041,2021-08-27,CNSHA-USLAX,BAF,385.93,USD
2021-08-041,2021-08-27,CNSHA-USLAX,THC,232.97,EUR
2021-08-041,2021-08-27,CNSHA-USLAX,DOC,45.0,USD
2021-08-041,2021-08-27,CNSHA-USLAX,PSS,200.0,USD
2021-08-062,2021-08-28,CNSHA-USLAX,BAS,1927.71,USD
2021-08-062,2021-08-28,CNSHA-USLAX,BAF,399.43,USD
2021-08-062,2021-08-28,CNSHA-USLAX,THC,223.27,EUR
2021-08-062,2021-08-28,CNSHA-USLAX,DOC,45.0,USD
2021-08-062,2021-08-28,CNSHA-USLAX,PSS,200.0,USD
2021-09-019,2021-09-01,CNSHA-NLRTM,BAS,2483.07,USD
2021-09-019,2021-09-01,CNSHA-NLRTM,BAF,403.23,USD
2021-09-019,2021-09-01,CNSHA-NLRTM,THC,222.09,EUR
2021-09-019,2021-09-01,CNSHA-NLRTM,DOC,45.0,USD
2021-09-019,2021-09-01,CNSHA-NLRTM,PSS,200.0,USD
2021-09-001,2021-09-03,CNSHA-USLAX,BAS,1956.4,USD
2021-09-001,2021-09-03,CNSHA-USLAX,BAF,384.04,USD
2021-09-001,2021-09-03,CNSHA-USLAX,THC,214.03,EUR
2021-09-001,2021-09-03,CNSHA-USLAX,DOC,45.0,USD
2021-09-001,2021-09-03,CNSHA-USLAX,PSS,200.0,USD
2021-09-030,2021-09-03,CNSHA-NLRTM,BAS,2445.4,USD
2021-09-030,2021-09-03,CNSHA-NLRTM,BAF,444.18,USD
2021-09-030,2021-09-03,CNSHA-NLRTM,THC,215.82,EUR
2021-09-030,2021-09-03,CNSHA-NLRTM,DOC,45.0,USD
2021-09-030,2021-09-03,CNSHA-NLRTM,PSS,200.0,USD
2021-09-044,2021-09-03,CNSHA-USLAX,BAS,1992.21,USD
2021-09-044,2021-09-03,CNSHA-USLAX,BAF,422.17,USD
2021-09-044,2021-09-03,CNSHA-USLAX,THC,214.56,EUR
2021-09-044,2021-09-03,CNSHA-USLAX,DOC,45.0,USD
2021-09-044,2021-09-03,CNSHA-USLAX,PSS,200.0,USD
2021-09-050,2021-09-03,CNSHA-NLRTM,BAS,2447.31,USD
2021-09-050,2021-09-03,CNSHA-NLRTM,BAF,413.7,USD
2021-09-050,2021-09-03,CNSHA-NLRTM,THC,218.55,EUR
2021-09-050,2021-09-03,CNSHA-NLRTM,DOC,45.0,USD
2021-09-050,2021-09-03,CNSHA-NLRTM,PSS,200.0,USD
2021-09-005,2021-09-04,CNSHA-NLRTM,BAS,2491.33,USD
2021-09-005,2021-09-04,CNSHA-NLRTM,BAF,412.97,USD
2021-09-005,2021-09-04,CNSHA-NLRTM,THC,238.61,EUR
2021-09-005,2021-09-04,CNSHA-NLRTM,DOC,45.0,USD
2021-09-005,2021-09-04,CNSHA-NLRTM,PSS,200.0,USD
2021-09-009,2021-09-04,CNSHA-USLAX,BAS,1977.06,USD
2021-09-009,2021-09-04,CNSHA-USLAX,BAF,418.82,USD
2021-09-009,2021-09-04,CNSHA-USLAX,THC,216.92,EUR
2021-09-009,2021-09-04,CNSHA-USLAX,DOC,45.0,USD
2021-09-009,2021-09-04,CNSHA-USLAX,PSS,200.0,USD
2021-09-020,2021-09-04,CNSHA-NLRTM,BAS,2472.69,USD
2021-09-020,2021-09-04,CNSHA-NLRTM,BAF,426.81,USD
2021-09-020,2021-09-04,CNSHA-NLRTM,THC,217.89,EUR
2021-09-020,2021-09-04,CNSHA-NLRTM,DOC,45.0,USD
2021-09-020,2021-09-04,CNSHA-NLRTM,PSS,200.0,USD
2021-09-048,2021-09-05,CNSHA-USLAX,BAS,1989.74,USD
2021-09-048,2021-09-05,CNSHA-USLAX,BAF,451.56,USD
2021-09-048,2021-09-05,CNSHA-USLAX,THC,220.91,EUR
2021-09-048,2021-09-05,CNSHA-USLAX,DOC,45.0,USD
2021-09-048,2021-09-05,CNSHA-USLAX,PSS,200.0,USD
2021-09-012,2021-09-06,CNSHA-NLRTM,BAS,2484.2,USD
2021-09-012,2021-09-06,CNSHA-NLRTM,BAF,474.11,USD
2021-09-012,2021-09-06,CNSHA-NLRTM,THC,211.89,EUR
2021-09-012,2021-09-06,CNSHA-NLRTM,DOC,45.0,USD
2021-09-012,2021-09-06,CNSHA-NLRTM,PSS,200.0,USD
2021-09-015,2021-09-06,CNSHA-NLRTM,BAS,2492.89,USD
2021-09-015,2021-09-06,CNSHA-NLRTM,BAF,424.99,USD
2021-09-015,2021-09-06,CNSHA-NLRTM,THC,211.64,EUR
2021-09-015,2021-09-06,CNSHA-NLRTM,DOC,45.0,USD
2021-09-015,2021-09-06,CNSHA-NLRTM,PSS,200.0,USD
2021-09-031,2021-09-06,CNSHA-NLRTM,BAS,2479.99,USD
2021-09-031,2021-09-06,CNSHA-NLRTM,BAF,403.24,USD
2021-09-031,2021-09-06,CNSHA-NLRTM,THC,228.1,EUR
2021-09-031,2021-09-06,CNSHA-NLRTM,DOC,45.0,USD
2021-09-031,2021-09-06,CNSHA-NLRTM,PSS,200.0,USD
2021-09-047,2021-09-08,CNSHA-USLAX,BAS,1941.83,USD
2021-09-047,2021-09-08,CNSHA-USLAX,BAF,421.61,USD
2021-09-047,2021-09-08,CNSHA-USLAX,THC,216.82,EUR
2021-09-047,2021-09-08,CNSHA-USLAX,DOC,45.0,USD
2021-09-047,2021-09-08,CNSHA-USLAX,PSS,200.0,USD
2021-09-000,2021-09-09,CNSHA-NLRTM,BAS,2485.83,USD
2021-09-000,2021-09-09,CNSHA-NLRTM,BAF,395.27,USD
2021-09-000,2021-09-09,CNSHA-NLRTM,THC,222.76,EUR
2021-09-000,2021-09-09,CNSHA-NLRTM,DOC,45.0,USD
2021-09-000,2021-09-09,CNSHA-NLRTM,PSS,200.0,USD
2021-09-010,2021-09-09,CNSHA-NLRTM,BAS,2465.33,USD
2021-09-010,2021-09-09,CNSHA-NLRTM,BAF,422.15,USD
2021-09-010,2021-09-09,CNSHA-NLRTM,THC,223.2,EUR
2021-09-010,2021-09-09,CNSHA-NLRTM,DOC,45.0,USD
2021-09-010,2021-09-09,CNSHA-NLRTM,PSS,200.0,USD
2021-09-013,2021-09-09,CNSHA-NLRTM,BAS,2514.03,USD
2021-09-013,2021-09-09,CNSHA-NLRTM,BAF,373.0,USD
2021-09-013,2021-09-09,CNSHA-NLRTM,THC,211.14,EUR
2021-09-013,2021-09-09,CNSHA-NLRTM,DOC,45.0,USD
2021-09-013,2021-09-09,CNSHA-NLRTM,PSS,200.0,USD
2021-09-026,2021-09-09,CNSHA-USLAX,BAS,1999.35,USD
2021-09-026,2021-09-09,CNSHA-USLAX,BAF,422.21,USD
2021-09-026,2021-09-09,CNSHA-USLAX,THC,215.8,EUR
2021-09-026,2021-09-09,CNSHA-USLAX,DOC,45.0,USD
2021-09-026,2021-09-09,CNSHA-USLAX,PSS,200.0,USD
2021-09-003,2021-09-10,CNSHA-USLAX,BAS,2004.19,USD
2021-09-003,2021-09-10,CNSHA-USLAX,BAF,397.78,USD
2021-09-003,2021-09-10,CNSHA-USLAX,THC,224.95,EUR
2021-09-003,2021-09-10,CNSHA-USLAX,DOC,45.0,USD
2021-09-003,2021-09-10,CNSHA-USLAX,PSS,200.0,USD
2021-09-008,2021-09-10,CNSHA-NLRTM,BAS,2519.84,USD
2021-09-008,2021-09-10,CNSHA-NLRTM,BAF,390.84,USD
2021-09-008,2021-09-10,CNSHA-NLRTM,THC,226.83,EUR
2021-09-008,2021-09-10,CNSHA-NLRTM,DOC,45.0,USD
2021-09-008,2021-09-10,CNSHA-NLRTM,PSS,200.0,USD
2021-09-022,2021-09-11,CNSHA-USLAX,BAS,1968.89,USD
2021-09-022,2021-09-11,CNSHA-USLAX,BAF,461.42,USD
2021-09-022,2021-09-11,CNSHA-USLAX,THC,216.56,EUR
2021-09-022,2021-09-11,CNSHA-USLAX,DOC,45.0,USD
2021-09-022,2021-09-11,CNSHA-USLAX,PSS,200.0,USD
2021-09-002,2021-09-12,CNSHA-USLAX,BAS,2007.86,USD
2021-09-002,2021-09-12,CNSHA-USLAX,BAF,419.66,USD
2021-09-002,2021-09-12,CNSHA-USLAX,THC,222.29,EUR
2021-09-002,2021-09-12,CNSHA-USLAX,DOC,45.0,USD
2021-09-002,2021-09-12,CNSHA-USLAX,PSS,200.0,USD
2021-09-017,2021-09-12,CNSHA-USLAX,BAS,2002.17,USD
2021-09-017,2021-09-12,CNSHA-USLAX,BAF,377.81,USD
2021-09-017,2021-09-12,CNSHA-USLAX,THC,220.08,EUR
2021-09-017,2021-09-12,CNSHA-USLAX,DOC,45.0,USD
2021-09-017,2021-09-12,CNSHA-USLAX,PSS,200.0,USD
2021-09-025,2021-09-12,CNSHA-NLRTM,BAS,2477.92,USD
2021-09-025,2021-09-12,CNSHA-NLRTM,BAF,412.03,USD
2021-09-025,2021-09-12,CNSHA-NLRTM,THC,209.55,EUR
2021-09-025,2021-09-12,CNSHA-NLRTM,DOC,45.0,USD
2021-09-025,2021-09-12,CNSHA-NLRTM,PSS,200.0,USD
2021-09-038,2021-09-12,CNSHA-USLAX,BAS,1972.11,USD
2021-09-038,2021-09-12,CNSHA-USLAX,BAF,425.35,USD
2021-09-038,2021-09-12,CNSHA-USLAX,THC,210.26,EUR
2021-09-038,2021-09-12,CNSHA-USLAX,DOC,45.0,USD
2021-09-038,2021-09-12,CNSHA-USLAX,PSS,200.0,USD
2021-09-041,2021-09-12,CNSHA-NLRTM,BAS,2470.4,USD
2021-09-041,2021-09-12,CNSHA-NLRTM,BAF,431.93,USD
2021-09-041,2021-09-12,CNSHA-NLRTM,THC,221.14,EUR
2021-09-041,2021-09-12,CNSHA-NLRTM,DOC,45.0,USD
2021-09-041,2021-09-12,CNSHA-NLRTM,PSS,200.0,USD
2021-09-014,2021-09-13,CNSHA-NLRTM,BAS,2485.72,USD
2021-09-014,2021-09-13,CNSHA-NLRTM,BAF,446.18,USD
2021-09-014,2021-09-13,CNSHA-NLRTM,THC,224.65,EUR
2021-09-014,2021-09-13,CNSHA-NLRTM,DOC,45.0,USD
2021-09-014,2021-09-13,CNSHA-NLRTM,PSS,200.0,USD
2021-09-016,2021-09-14,CNSHA-NLRTM,BAS,2477.13,USD
2021-09-016,2021-09-14,CNSHA-NLRTM,BAF,424.38,USD
2021-09-016,2021-09-14,CNSHA-NLRTM,THC,225.87,EUR
2021-09-016,2021-09-14,CNSHA-NLRTM,DOC,45.0,USD
2021-09-016,2021-09-14,CNSHA-NLRTM,PSS,200.0,USD
2021-09-036,2021-09-14,CNSHA-USLAX,BAS,1952.16,USD
2021-09-036,2021-09-14,CNSHA-USLAX,BAF,440.14,USD
2021-09-036,2021-09-14,CNSHA-USLAX,THC,231.34,EUR
2021-09-036,2021-09-14,CNSHA-USLAX,DOC,45.0,USD
2021-09-036,2021-09-14,CNSHA-USLAX,PSS,200.0,USD
2021-09-037,2021-09-14,CNSHA-USLAX,BAS,1968.53,USD
2021-09-037,2021-09-14,CNSHA-USLAX,BAF,402.73,USD
2021-09-037,2021-09-14,CNSHA-USLAX,THC,220.16,EUR
2021-09-037,2021-09-14,CNSHA-USLAX,DOC,45.0,USD
2021-09-037,2021-09-14,CNSHA-USLAX,PSS,200.0,USD
2021-09-040,2021-09-15,CNSHA-NLRTM,BAS,2480.48,USD
2021-09-040,2021-09-15,CNSHA-NLRTM,BAF,405.28,USD
2021-09-040,2021-09-15,CNSHA-NLRTM,THC,205.53,EUR
2021-09-040,2021-09-15,CNSHA-NLRTM,DOC,45.0,USD
2021-09-040,2021-09-15,CNSHA-NLRTM,PSS,200.0,USD
2021-09-049,2021-09-15,CNSHA-NLRTM,BAS,2454.37,USD
2021-09-049,2021-09-15,CNSHA-NLRTM,BAF,402.56,USD
2021-09-049,2021-09-15,CNSHA-NLRTM,THC,227.31,EUR
2021-09-049,2021-09-15,CNSHA-NLRTM,DOC,45.0,USD
2021-09-049,2021-09-15,CNSHA-NLRTM,PSS,200.0,USD
2021-09-055,2021-09-16,CNSHA-NLRTM,BAS,2459.11,USD
2021-09-055,2021-09-16,CNSHA-NLRTM,BAF,425.11,USD
2021-09-055,2021-09-16,CNSHA-NLRTM,THC,223.15,EUR
2021-09-055,2021-09-16,CNSHA-NLRTM,DOC,45.0,USD
2021-09-055,2021-09-16,CNSHA-NLRTM,PSS,200.0,USD
2021-09-056,2021-09-16,CNSHA-USLAX,BAS,1971.11,USD
2021-09-056,2021-09-16,CNSHA-USLAX,BAF,454.91,USD
2021-09-056,2021-09-16,CNSHA-USLAX,THC,221.32,EUR
2021-09-056,2021-09-16,CNSHA-USLAX,DOC,45.0,USD
2021-09-056,2021-09-16,CNSHA-USLAX,PSS,200.0,USD
2021-09-018,2021-09-17,CNSHA-USLAX,BAS,1976.64,USD
2021-09-018,2021-09-17,CNSHA-USLAX,BAF,405.89,USD
2021-09-018,2021-09-17,CNSHA-USLAX,THC,215.17,EUR
2021-09-018,2021-09-17,CNSHA-USLAX,DOC,45.0,USD
2021-09-018,2021-09-17,CNSHA-USLAX,PSS,200.0,USD
2021-09-023,2021-09-17,CNSHA-NLRTM,BAS,2504.59,USD
2021-09-023,2021-09-17,CNSHA-NLRTM,BAF,425.94,USD
2021-09-023,2021-09-17,CNSHA-NLRTM,THC,220.41,EUR
2021-09-023,2021-09-17,CNSHA-NLRTM,DOC,45.0,USD
2021-09-023,2021-09-17,CNSHA-NLRTM,PSS,200.0,USD
2021-09-028,2021-09-18,CNSHA-USLAX,BAS,1990.15,USD
2021-09-028,2021-09-18,CNSHA-USLAX,BAF,409.62,USD
2021-09-028,2021-09-18,CNSHA-USLAX,THC,217.27,EUR
2021-09-028,2021-09-18,CNSHA-USLAX,DOC,45.0,USD
2021-09-028,2021-09-18,CNSHA-USLAX,PSS,200.0,USD
2021-09-045,2021-09-18,CNSHA-NLRTM,BAS,2456.25,USD
2021-09-045,2021-09-18,CNSHA-NLRTM,BAF,386.62,USD
2021-09-045,2021-09-18,CNSHA-NLRTM,THC,221.87,EUR
2021-09-045,2021-09-18,CNSHA-NLRTM,DOC,45.0,USD
2021-09-045,2021-09-18,CNSHA-NLRTM,PSS,200.0,USD
2021-09-051,2021-09-18,CNSHA-USLAX,BAS,1966.45,USD
2021-09-051,2021-09-18,CNSHA-USLAX,BAF,413.18,USD
2021-09-051,2021-09-18,CNSHA-USLAX,THC,220.98,EUR
2021-09-051,2021-09-18,CNSHA-USLAX,DOC,45.0,USD
2021-09-051,2021-09-18,CNSHA-USLAX,PSS,200.0,USD
2021-09-006,2021-09-20,CNSHA-USLAX,BAS,1975.27,USD
2021-09-006,2021-09-20,CNSHA-USLAX,BAF,429.21,USD
2021-09-006,2021-09-20,CNSHA-USLAX,THC,222.26,EUR
2021-09-006,2021-09-20,CNSHA-USLAX,DOC,45.0,USD
2021-09-006,2021-09-20,CNSHA-USLAX,PSS,200.0,USD
2021-09-043,2021-09-20,CNSHA-NLRTM,BAS,2464.5,USD
2021-09-043,2021-09-20,CNSHA-NLRTM,BAF,435.47,USD
2021-09-043,2021-09-20,CNSHA-NLRTM,THC,229.07,EUR
2021-09-043,2021-09-20,CNSHA-NLRTM,DOC,45.0,USD
2021-09-043,2021-09-20,CNSHA-NLRTM,PSS,200.0,USD
2021-09-053,2021-09-20,CNSHA-USLAX,BAS,1962.0,USD
2021-09-053,2021-09-20,CNSHA-USLAX,BAF,382.08,USD
2021-09-053,2021-09-20,CNSHA-USLAX,THC,223.13,EUR
2021-09-053,2021-09-20,CNSHA-USLAX,DOC,45.0,USD
2021-09-053,2021-09-20,CNSHA-USLAX,PSS,200.0,USD
2021-09-027,2021-09-21,CNSHA-USLAX,BAS,2000.94,USD
2021-09-027,2021-09-21,CNSHA-USLAX,BAF,419.9,USD
2021-09-027,2021-09-21,CNSHA-USLAX,THC,219.7,EUR
2021-09-027,2021-09-21,CNSHA-USLAX,DOC,45.0,USD
2021-09-027,2021-09-21,CNSHA-USLAX,PSS,200.0,USD
2021-09-032,2021-09-21,CNSHA-USLAX,BAS,1954.82,USD
2021-09-032,2021-09-21,CNSHA-USLAX,BAF,430.39,USD
2021-09-032,2021-09-21,CNSHA-USLAX,THC,215.19,EUR
2021-09-032,2021-09-21,CNSHA-USLAX,DOC,45.0,USD
2021-09-032,2021-09-21,CNSHA-USLAX,PSS,200.0,USD
2021-09-004,2021-09-23,CNSHA-USLAX,BAS,1982.71,USD
2021-09-004,2021-09-23,CNSHA-USLAX,BAF,389.45,USD
2021-09-004,2021-09-23,CNSHA-USLAX,THC,217.45,EUR
2021-09-004,2021-09-23,CNSHA-USLAX,DOC,45.0,USD
2021-09-004,2021-09-23,CNSHA-USLAX,PSS,200.0,USD
2021-09-042,2021-09-23,CNSHA-USLAX,BAS,1937.29,USD
2021-09-042,2021-09-23,CNSHA-USLAX,BAF,429.53,USD
2021-09-042,2021-09-23,CNSHA-USLAX,THC,231.53,EUR
2021-09-042,2021-09-23,CNSHA-USLAX,DOC,45.0,USD
2021-09-042,2021-09-23,CNSHA-USLAX,PSS,200.0,USD
2021-09-011,2021-09-24,CNSHA-USLAX,BAS,1967.31,USD
2021-09-011,2021-09-24,CNSHA-USLAX,BAF,441.68,USD
2021-09-011,2021-09-24,CNSHA-USLAX,THC,208.78,EUR
2021-09-011,2021-09-24,CNSHA-USLAX,DOC,45.0,USD
2021-09-011,2021-09-24,CNSHA-USLAX,PSS,200.0,USD
2021-09-033,2021-09-24,CNSHA-USLAX,BAS,1939.51,USD
2021-09-033,2021-09-24,CNSHA-USLAX,BAF,431.7,USD
2021-09-033,2021-09-24,CNSHA-USLAX,THC,209.48,EUR
2021-09-033,2021-09-24,CNSHA-USLAX,DOC,45.0,USD
2021-09-033,2021-09-24,CNSHA-USLAX,PSS,200.0,USD
2021-09-035,2021-09-24,CNSHA-USLAX,BAS,1976.38,USD
2021-09-035,2021-09-24,CNSHA-USLAX,BAF,407.22,USD
2021-09-035,2021-09-24,CNSHA-USLAX,THC,220.53,EUR
2021-09-035,2021-09-24,CNSHA-USLAX,DOC,45.0,USD
2021-09-035,2021-09-24,CNSHA-USLAX,PSS,200.0,USD
2021-09-054,2021-09-24,CNSHA-NLRTM,BAS,2459.99,USD
2021-09-054,2021-09-24,CNSHA-NLRTM,BAF,425.05,USD
2021-09-054,2021-09-24,CNSHA-NLRTM,THC,223.41,EUR
2021-09-054,2021-09-24,CNSHA-NLRTM,DOC,45.0,USD
2021-09-054,2021-09-24,CNSHA-NLRTM,PSS,200.0,USD
2021-09-007,2021-09-25,CNSHA-NLRTM,BAS,2407.91,USD
2021-09-007,2021-09-25,CNSHA-NLRTM,BAF,395.21,USD
2021-09-007,2021-09-25,CNSHA-NLRTM,THC,230.18,EUR
2021-09-007,2021-09-25,CNSHA-NLRTM,DOC,45.0,USD
2021-09-007,2021-09-25,CNSHA-NLRTM,PSS,200.0,USD
2021-09-046,2021-09-25,CNSHA-USLAX,BAS,1953.92,USD
2021-09-046,2021-09-25,CNSHA-USLAX,BAF,425.96,USD
2021-09-046,2021-09-25,CNSHA-USLAX,THC,217.41,EUR
2021-09-046,2021-09-25,CNSHA-USLAX,DOC,45.0,USD
2021-09-046,2021-09-25,CNSHA-USLAX,PSS,200.0,USD
2021-09-052,2021-09-25,CNSHA-NLRTM,BAS,2539.94,USD
2021-09-052,2021-09-25,CNSHA-NLRTM,BAF,432.81,USD
2021-09-052,2021-09-25,CNSHA-NLRTM,THC,222.53,EUR
2021-09-052,2021-09-25,CNSHA-NLRTM,DOC,45.0,USD
2021-09-052,2021-09-25,CNSHA-NLRTM,PSS,200.0,USD
2021-09-024,2021-09-26,CNSHA-USLAX,BAS,1970.48,USD
2021-09-024,2021-09-26,CNSHA-USLAX,BAF,419.04,USD
2021-09-024,2021-09-26,CNSHA-USLAX,THC,214.73,EUR
2021-09-024,2021-09-26,CNSHA-USLAX,DOC,45.0,USD
2021-09-024,2021-09-26,CNSHA-USLAX,PSS,200.0,USD
2021-09-034,2021-09-26,CNSHA-NLRTM,BAS,2497.89,USD
2021-09-034,2021-09-26,CNSHA-NLRTM,BAF,392.48,USD
2021-09-034,2021-09-26,CNSHA-NLRTM,THC,215.73,EUR
2021-09-034,2021-09-26,CNSHA-NLRTM,DOC,45.0,USD
2021-09-034,2021-09-26,CNSHA-NLRTM,PSS,200.0,USD
2021-09-021,2021-09-27,CNSHA-USLAX,BAS,2004.55,USD
2021-09-021,2021-09-27,CNSHA-USLAX,BAF,407.47,USD
2021-09-021,2021-09-27,CNSHA-USLAX,THC,228.52,EUR
2021-09-021,2021-09-27,CNSHA-USLAX,DOC,45.0,USD
2021-09-021,2021-09-27,CNSHA-USLAX,PSS,200.0,USD
2021-09-029,2021-09-27,CNSHA-NLRTM,BAS,2476.82,USD
2021-09-029,2021-09-27,CNSHA-NLRTM,BAF,424.45,USD
2021-09-029,2021-09-27,CNSHA-NLRTM,THC,219.35,EUR
2021-09-029,2021-09-27,CNSHA-NLRTM,DOC,45.0,USD
2021-09-029,2021-09-27,CNSHA-NLRTM,PSS,200.0,USD
2021-09-039,2021-09-28,CNSHA-USLAX,BAS,2001.14,USD
2021-09-039,2021-09-28,CNSHA-USLAX,BAF,414.06,USD
2021-09-039,2021-09-28,CNSHA-USLAX,THC,222.81,EUR
2021-09-039,2021-09-28,CNSHA-USLAX,DOC,45.0,USD
2021-09-039,2021-09-28,CNSHA-USLAX,PSS,200.0,USD
2021-10-015,2021-10-01,CNSHA-NLRTM,BAS,2440.09,USD
2021-10-015,2021-10-01,CNSHA-NLRTM,BAF,283.39,USD
2021-10-015,2021-10-01,CNSHA-NLRTM,LSS,128.39,USD
2021-10-015,2021-10-01,CNSHA-NLRTM,THC,219.31,EUR
2021-10-015,2021-10-01,CNSHA-NLRTM,DOC,45.0,USD
2021-10-015,2021-10-01,CNSHA-NLRTM,PSS,200.0,USD
2021-10-049,2021-10-01,CNSHA-NLRTM,BAS,2443.4,USD
2021-10-049,2021-10-01,CNSHA-NLRTM,BAF,284.33,USD
2021-10-049,2021-10-01,CNSHA-NLRTM,LSS,131.8,USD
2021-10-049,2021-10-01,CNSHA-NLRTM,THC,220.22,EUR
2021-10-049,2021-10-01,CNSHA-NLRTM,DOC,45.0,USD
2021-10-049,2021-10-01,CNSHA-NLRTM,PSS,200.0,USD
2021-10-000,2021-10-02,CNSHA-USLAX,BAS,1946.08,USD
2021-10-000,2021-10-02,CNSHA-USLAX,BAF,299.17,USD
2021-10-000,2021-10-02,CNSHA-USLAX,LSS,132.13,USD
2021-10-000,2021-10-02,CNSHA-USLAX,THC,226.22,EUR
2021-10-000,2021-10-02,CNSHA-USLAX,DOC,45.0,USD
2021-10-000,2021-10-02,CNSHA-USLAX,PSS,200.0,USD
2021-10-051,2021-10-02,CNSHA-NLRTM,BAS,2464.86,USD
2021-10-051,2021-10-02,CNSHA-NLRTM,BAF,305.8,USD
2021-10-051,2021-10-02,CNSHA-NLRTM,LSS,125.41,USD
2021-10-051,2021-10-02,CNSHA-NLRTM,THC,213.0,EUR
2021-10-051,2021-10-02,CNSHA-NLRTM,DOC,45.0,USD
2021-10-051,2021-10-02,CNSHA-NLRTM,PSS,200.0,USD
2021-10-007,2021-10-04,CNSHA-USLAX,BAS,1945.14,USD
2021-10-007,2021-10-04,CNSHA-USLAX,BAF,264.25,USD
2021-10-007,2021-10-04,CNSHA-USLAX,LSS,133.66,USD
2021-10-007,2021-10-04,CNSHA-USLAX,THC,217.93,EUR
2021-10-007,2021-10-04,CNSHA-USLAX,DOC,45.0,USD
2021-10-007,2021-10-04,CNSHA-USLAX,PSS,200.0,USD
2021-10-016,2021-10-04,CNSHA-NLRTM,BAS,2466.1,USD
2021-10-016,2021-10-04,CNSHA-NLRTM,BAF,282.26,USD
2021-10-016,2021-10-04,CNSHA-NLRTM,LSS,131.64,USD
2021-10-016,2021-10-04,CNSHA-NLRTM,THC,214.85,EUR
2021-10-016,2021-10-04,CNSHA-NLRTM,DOC,45.0,USD
2021-10-016,2021-10-04,CNSHA-NLRTM,PSS,200.0,USD
2021-10-030,2021-10-04,CNSHA-NLRTM,BAS,2420.69,USD
2021-10-030,2021-10-04,CNSHA-NLRTM,BAF,283.88,USD
2021-10-030,2021-10-04,CNSHA-NLRTM,LSS,131.6,USD
2021-10-030,2021-10-04,CNSHA-NLRTM,THC,211.13,EUR
2021-10-030,2021-10-04,CNSHA-NLRTM,DOC,45.0,USD
2021-10-030,2021-10-04,CNSHA-NLRTM,PSS,200.0,USD
2021-10-041,2021-10-04,CNSHA-USLAX,BAS,1985.82,USD
2021-10-041,2021-10-04,CNSHA-USLAX,BAF,299.22,USD
2021-10-041,2021-10-04,CNSHA-USLAX,LSS,132.14,USD
2021-10-041,2021-10-04,CNSHA-USLAX,THC,218.74,EUR
2021-10-041,2021-10-04,CNSHA-USLAX,DOC,45.0,USD
2021-10-041,2021-10-04,CNSHA-USLAX,PSS,200.0,USD
2021-10-046,2021-10-04,CNSHA-NLRTM,BAS,2446.86,USD
2021-10-046,2021-10-04,CNSHA-NLRTM,BAF,275.0,USD
2021-10-046,2021-10-04,CNSHA-NLRTM,LSS,131.24,USD
2021-10-046,2021-10-04,CNSHA-NLRTM,THC,213.6,EUR
2021-10-046,2021-10-04,CNSHA-NLRTM,DOC,45.0,USD
2021-10-046,2021-10-04,CNSHA-NLRTM,PSS,200.0,USD
2021-10-012,2021-10-05,CNSHA-NLRTM,BAS,2492.16,USD
2021-10-012,2021-10-05,CNSHA-NLRTM,BAF,284.11,USD
2021-10-012,2021-10-05,CNSHA-NLRTM,LSS,130.91,USD
2021-10-012,2021-10-05,CNSHA-NLRTM,THC,207.6,EUR
2021-10-012,2021-10-05,CNSHA-NLRTM,DOC,45.0,USD
2021-10-012,2021-10-05,CNSHA-NLRTM,PSS,200.0,USD
2021-10-050,2021-10-06,CNSHA-NLRTM,BAS,2450.19,USD
2021-10-050,2021-10-06,CNSHA-NLRTM,BAF,280.95,USD
2021-10-050,2021-10-06,CNSHA-NLRTM,LSS,128.41,USD
2021-10-050,2021-10-06,CNSHA-NLRTM,THC,221.5,EUR
2021-10-050,2021-10-06,CNSHA-NLRTM,DOC,45.0,USD
2021-10-050,2021-10-06,CNSHA-NLRTM,PSS,200.0,USD
2021-10-029,2021-10-07,CNSHA-NLRTM,BAS,2461.82,USD
2021-10-029,2021-10-07,CNSHA-NLRTM,BAF,306.16,USD
2021-10-029,2021-10-07,CNSHA-NLRTM,LSS,132.42,USD
2021-10-029,2021-10-07,CNSHA-NLRTM,THC,220.96,EUR
2021-10-029,2021-10-07,CNSHA-NLRTM,DOC,45.0,USD
2021-10-029,2021-10-07,CNSHA-NLRTM,PSS,200.0,USD
2021-10-053,2021-10-07,CNSHA-NLRTM,BAS,2467.88,USD
2021-10-053,2021-10-07,CNSHA-NLRTM,BAF,304.87,USD
2021-10-053,2021-10-07,CNSHA-NLRTM,LSS,136.25,USD
2021-10-053,2021-10-07,CNSHA-NLRTM,THC,218.29,EUR
2021-10-053,2021-10-07,CNSHA-NLRTM,DOC,45.0,USD
2021-10-053,2021-10-07,CNSHA-NLRTM,PSS,200.0,USD
2021-10-001,2021-10-08,CNSHA-NLRTM,BAS,2464.88,USD
2021-10-001,2021-10-08,CNSHA-NLRTM,BAF,260.77,USD
2021-10-001,2021-10-08,CNSHA-NLRTM,LSS,132.19,USD
2021-10-001,2021-10-08,CNSHA-NLRTM,THC,225.37,EUR
2021-10-001,2021-10-08,CNSHA-NLRTM,DOC,45.0,USD
2021-10-001,2021-10-08,CNSHA-NLRTM,PSS,200.0,USD
2021-10-034,2021-10-08,CNSHA-USLAX,BAS,1974.38,USD
2021-10-034,2021-10-08,CNSHA-USLAX,BAF,270.63,USD
2021-10-034,2021-10-08,CNSHA-USLAX,LSS,128.71,USD
2021-10-034,2021-10-08,CNSHA-USLAX,THC,219.05,EUR
2021-10-034,2021-10-08,CNSHA-USLAX,DOC,45.0,USD
2021-10-034,2021-10-08,CNSHA-USLAX,PSS,200.0,USD
2021-10-017,2021-10-09,CNSHA-NLRTM,BAS,2449.03,USD
2021-10-017,2021-10-09,CNSHA-NLRTM,BAF,289.73,USD
2021-10-017,2021-10-09,CNSHA-NLRTM,LSS,133.77,USD
2021-10-017,2021-10-09,CNSHA-NLRTM,THC,224.91,EUR
2021-10-017,2021-10-09,CNSHA-NLRTM,DOC,45.0,USD
2021-10-017,2021-10-09,CNSHA-NLRTM,PSS,200.0,USD
2021-10-023,2021-10-09,CNSHA-NLRTM,BAS,2478.61,USD
2021-10-023,2021-10-09,CNSHA-NLRTM,BAF,300.9,USD
2021-10-023,2021-10-09,CNSHA-NLRTM,LSS,131.95,USD
2021-10-023,2021-10-09,CNSHA-NLRTM,THC,228.46,EUR
2021-10-023,2021-10-09,CNSHA-NLRTM,DOC,45.0,USD
2021-10-023,2021-10-09,CNSHA-NLRTM,PSS,200.0,USD
2021-10-038,2021-10-09,CNSHA-NLRTM,BAS,2465.45,USD
2021-10-038,2021-10-09,CNSHA-NLRTM,BAF,300.65,USD
2021-10-038,2021-10-09,CNSHA-NLRTM,LSS,127.45,USD
2021-10-038,2021-10-09,CNSHA-NLRTM,THC,214.36,EUR
2021-10-038,2021-10-09,CNSHA-NLRTM,DOC,45.0,USD
2021-10-038,2021-10-09,CNSHA-NLRTM,PSS,200.0,USD
2021-10-004,2021-10-10,CNSHA-USLAX,BAS,1985.84,USD
2021-10-004,2021-10-10,CNSHA-USLAX,BAF,279.36,USD
2021-10-004,2021-10-10,CNSHA-USLAX,LSS,130.85,USD
2021-10-004,2021-10-10,CNSHA-USLAX,THC,212.51,EUR
2021-10-004,2021-10-10,CNSHA-USLAX,DOC,45.0,USD
2021-10-004,2021-10-10,CNSHA-USLAX,PSS,200.0,USD
2021-10-025,2021-10-10,CNSHA-NLRTM,BAS,2480.52,USD
2021-10-025,2021-10-10,CNSHA-NLRTM,BAF,288.29,USD
2021-10-025,2021-10-10,CNSHA-NLRTM,LSS,131.93,USD
2021-10-025,2021-10-10,CNSHA-NLRTM,THC,232.0,EUR
2021-10-025,2021-10-10,CNSHA-NLRTM,DOC,45.0,USD
2021-10-025,2021-10-10,CNSHA-NLRTM,PSS,200.0,USD
2021-10-031,2021-10-10,CNSHA-USLAX,BAS,1986.81,USD
2021-10-031,2021-10-10,CNSHA-USLAX,BAF,293.47,USD
2021-10-031,2021-10-10,CNSHA-USLAX,LSS,130.85,USD
2021-10-031,2021-10-10,CNSHA-USLAX,THC,219.09,EUR
2021-10-031,2021-10-10,CNSHA-USLAX,DOC,45.0,USD
2021-10-031,2021-10-10,CNSHA-USLAX,PSS,200.0,USD
2021-10-042,2021-10-10,CNSHA-NLRTM,BAS,2460.22,USD
2021-10-042,2021-10-10,CNSHA-NLRTM,BAF,273.97,USD
2021-10-042,2021-10-10,CNSHA-NLRTM,LSS,130.92,USD
2021-10-042,2021-10-10,CNSHA-NLRTM,THC,217.3,EUR
2021-10-042,2021-10-10,CNSHA-NLRTM,DOC,45.0,USD
2021-10-042,2021-10-10,CNSHA-NLRTM,PSS,200.0,USD
2021-10-045,2021-10-10,CNSHA-USLAX,BAS,1982.23,USD
2021-10-045,2021-10-10,CNSHA-USLAX,BAF,281.22,USD
2021-10-045,2021-10-10,CNSHA-USLAX,LSS,126.95,USD
2021-10-045,2021-10-10,CNSHA-USLAX,THC,233.15,EUR
2021-10-045,2021-10-10,CNSHA-USLAX,DOC,45.0,USD
2021-10-045,2021-10-10,CNSHA-USLAX,PSS,200.0,USD
2021-10-055,2021-10-10,CNSHA-USLAX,BAS,1988.14,USD
2021-10-055,2021-10-10,CNSHA-USLAX,BAF,287.9,USD
2021-10-055,2021-10-10,CNSHA-USLAX,LSS,129.13,USD
2021-10-055,2021-10-10,CNSHA-USLAX,THC,225.23,EUR
2021-10-055,2021-10-10,CNSHA-USLAX,DOC,45.0,USD
2021-10-055,2021-10-10,CNSHA-USLAX,PSS,200.0,USD
2021-10-014,2021-10-11,CNSHA-NLRTM,BAS,2492.01,USD
2021-10-014,2021-10-11,CNSHA-NLRTM,BAF,312.26,USD
2021-10-014,2021-10-11,CNSHA-NLRTM,LSS,131.64,USD
2021-10-014,2021-10-11,CNSHA-NLRTM,THC,224.68,EUR
2021-10-014,2021-10-11,CNSHA-NLRTM,DOC,45.0,USD
2021-10-014,2021-10-11,CNSHA-NLRTM,PSS,200.0,USD
2021-10-019,2021-10-11,CNSHA-USLAX,BAS,1942.79,USD
2021-10-019,2021-10-11,CNSHA-USLAX,BAF,310.84,USD
2021-10-019,2021-10-11,CNSHA-USLAX,LSS,121.39,USD
2021-10-019,2021-10-11,CNSHA-USLAX,THC,214.55,EUR
2021-10-019,2021-10-11,CNSHA-USLAX,DOC,45.0,USD
2021-10-019,2021-10-11,CNSHA-USLAX,PSS,200.0,USD
2021-10-054,2021-10-11,CNSHA-USLAX,BAS,1958.0,USD
2021-10-054,2021-10-11,CNSHA-USLAX,BAF,283.63,USD
2021-10-054,2021-10-11,CNSHA-USLAX,LSS,128.67,USD
2021-10-054,2021-10-11,CNSHA-USLAX,THC,225.83,EUR
2021-10-054,2021-10-11,CNSHA-USLAX,DOC,45.0,USD
2021-10-054,2021-10-11,CNSHA-USLAX,PSS,200.0,USD
2021-10-003,2021-10-12,CNSHA-USLAX,BAS,1967.02,USD
2021-10-003,2021-10-12,CNSHA-USLAX,BAF,308.45,USD
2021-10-003,2021-10-12,CNSHA-USLAX,LSS,123.53,USD
2021-10-003,2021-10-12,CNSHA-USLAX,THC,223.38,EUR
2021-10-003,2021-10-12,CNSHA-USLAX,DOC,45.0,USD
2021-10-003,2021-10-12,CNSHA-USLAX,PSS,200.0,USD
2021-10-005,2021-10-12,CNSHA-USLAX,BAS,1967.99,USD
2021-10-005,2021-10-12,CNSHA-USLAX,BAF,281.19,USD
2021-10-005,2021-10-12,CNSHA-USLAX,LSS,133.84,USD
2021-10-005,2021-10-12,CNSHA-USLAX,THC,233.75,EUR
2021-10-005,2021-10-12,CNSHA-USLAX,DOC,45.0,USD
2021-10-005,2021-10-12,CNSHA-USLAX,PSS,200.0,USD
2021-10-032,2021-10-12,CNSHA-USLAX,BAS,1995.7,USD
2021-10-032,2021-10-12,CNSHA-USLAX,BAF,296.66,USD
2021-10-032,2021-10-12,CNSHA-USLAX,LSS,131.91,USD
2021-10-032,2021-10-12,CNSHA-USLAX,THC,214.71,EUR
2021-10-032,2021-10-12,CNSHA-USLAX,DOC,45.0,USD
2021-10-032,2021-10-12,CNSHA-USLAX,PSS,200.0,USD
2021-10-047,2021-10-12,CNSHA-USLAX,BAS,1971.41,USD
2021-10-047,2021-10-12,CNSHA-USLAX,BAF,297.42,USD
2021-10-047,2021-10-12,CNSHA-USLAX,LSS,134.96,USD
2021-10-047,2021-10-12,CNSHA-USLAX,THC,214.49,EUR
2021-10-047,2021-10-12,CNSHA-USLAX,DOC,45.0,USD
2021-10-047,2021-10-12,CNSHA-USLAX,PSS,200.0,USD
2021-10-010,2021-10-14,CNSHA-USLAX,BAS,1978.16,USD
2021-10-010,2021-10-14,CNSHA-USLAX,BAF,277.67,USD
2021-10-010,2021-10-14,CNSHA-USLAX,LSS,137.26,USD
2021-10-010,2021-10-14,CNSHA-USLAX,THC,223.45,EUR
2021-10-010,2021-10-14,CNSHA-USLAX,DOC,45.0,USD
2021-10-010,2021-10-14,CNSHA-USLAX,PSS,200.0,USD
2021-10-022,2021-10-15,CNSHA-USLAX,BAS,1998.92,USD
2021-10-022,2021-10-15,CNSHA-USLAX,BAF,268.67,USD
2021-10-022,2021-10-15,CNSHA-USLAX,LSS,135.88,USD
2021-10-022,2021-10-15,CNSHA-USLAX,THC,222.96,EUR
2021-10-022,2021-10-15,CNSHA-USLAX,DOC,45.0,USD
2021-10-022,2021-10-15,CNSHA-USLAX,PSS,200.0,USD
2021-10-035,2021-10-15,CNSHA-NLRTM,BAS,2487.02,USD
2021-10-035,2021-10-15,CNSHA-NLRTM,BAF,308.18,USD
2021-10-035,2021-10-15,CNSHA-NLRTM,LSS,133.07,USD
2021-10-035,2021-10-15,CNSHA-NLRTM,THC,211.23,EUR
2021-10-035,2021-10-15,CNSHA-NLRTM,DOC,45.0,USD
2021-10-035,2021-10-15,CNSHA-NLRTM,PSS,200.0,USD
2021-10-011,2021-10-16,CNSHA-NLRTM,BAS,2462.51,USD
2021-10-011,2021-10-16,CNSHA-NLRTM,BAF,277.92,USD
2021-10-011,2021-10-16,CNSHA-NLRTM,LSS,132.99,USD
2021-10-011,2021-10-16,CNSHA-NLRTM,THC,217.16,EUR
2021-10-011,2021-10-16,CNSHA-NLRTM,DOC,45.0,USD
2021-10-011,2021-10-16,CNSHA-NLRTM,PSS,200.0,USD
2021-10-021,2021-10-16,CNSHA-USLAX,BAS,1963.77,USD
2021-10-021,2021-10-16,CNSHA-USLAX,BAF,282.13,USD
2021-10-021,2021-10-16,CNSHA-USLAX,LSS,124.58,USD
2021-10-021,2021-10-16,CNSHA-USLAX,THC,221.26,EUR
2021-10-021,2021-10-16,CNSHA-USLAX,DOC,45.0,USD
2021-10-021,2021-10-16,CNSHA-USLAX,PSS,200.0,USD
2021-10-033,2021-10-16,CNSHA-USLAX,BAS,1999.15,USD
2021-10-033,2021-10-16,CNSHA-USLAX,BAF,270.02,USD
2021-10-033,2021-10-16,CNSHA-USLAX,LSS,128.49,USD
2021-10-033,2021-10-16,CNSHA-USLAX,THC,218.91,EUR
2021-10-033,2021-10-16,CNSHA-USLAX,DOC,45.0,USD
2021-10-033,2021-10-16,CNSHA-USLAX,PSS,200.0,USD
2021-10-008,2021-10-17,CNSHA-USLAX,BAS,2005.29,USD
2021-10-008,2021-10-17,CNSHA-USLAX,BAF,291.23,USD
2021-10-008,2021-10-17,CNSHA-USLAX,LSS,128.32,USD
2021-10-008,2021-10-17,CNSHA-USLAX,THC,214.92,EUR
2021-10-008,2021-10-17,CNSHA-USLAX,DOC,45.0,USD
2021-10-008,2021-10-17,CNSHA-USLAX,PSS,200.0,USD
2021-10-026,2021-10-17,CNSHA-USLAX,BAS,1962.78,USD
2021-10-026,2021-10-17,CNSHA-USLAX,BAF,299.31,USD
2021-10-026,2021-10-17,CNSHA-USLAX,LSS,130.92,USD
2021-10-026,2021-10-17,CNSHA-USLAX,THC,227.33,EUR
2021-10-026,2021-10-17,CNSHA-USLAX,DOC,45.0,USD
2021-10-026,2021-10-17,CNSHA-USLAX,PSS,200.0,USD
2021-10-040,2021-10-17,CNSHA-NLRTM,BAS,2518.06,USD
2021-10-040,2021-10-17,CNSHA-NLRTM,BAF,306.16,USD
2021-10-040,2021-10-17,CNSHA-NLRTM,LSS,126.52,USD
2021-10-040,2021-10-17,CNSHA-NLRTM,THC,214.57,EUR
2021-10-040,2021-10-17,CNSHA-NLRTM,DOC,45.0,USD
2021-10-040,2021-10-17,CNSHA-NLRTM,PSS,200.0,USD
2021-10-037,2021-10-19,CNSHA-USLAX,BAS,1965.58,USD
2021-10-037,2021-10-19,CNSHA-USLAX,BAF,284.86,USD
2021-10-037,2021-10-19,CNSHA-USLAX,LSS,128.34,USD
2021-10-037,2021-10-19,CNSHA-USLAX,THC,205.09,EUR
2021-10-037,2021-10-19,CNSHA-USLAX,DOC,45.0,USD
2021-10-037,2021-10-19,CNSHA-USLAX,PSS,200.0,USD
2021-10-052,2021-10-19,CNSHA-NLRTM,BAS,2507.68,USD
2021-10-052,2021-10-19,CNSHA-NLRTM,BAF,291.62,USD
2021-10-052,2021-10-19,CNSHA-NLRTM,LSS,134.65,USD
2021-10-052,2021-10-19,CNSHA-NLRTM,THC,216.51,EUR
2021-10-052,2021-10-19,CNSHA-NLRTM,DOC,45.0,USD
2021-10-052,2021-10-19,CNSHA-NLRTM,PSS,200.0,USD
2021-10-013,2021-10-20,CNSHA-NLRTM,BAS,2433.97,USD
2021-10-013,2021-10-20,CNSHA-NLRTM,BAF,286.04,USD
2021-10-013,2021-10-20,CNSHA-NLRTM,LSS,128.25,USD
2021-10-013,2021-10-20,CNSHA-NLRTM,THC,231.41,EUR
2021-10-013,2021-10-20,CNSHA-NLRTM,DOC,45.0,USD
2021-10-013,2021-10-20,CNSHA-NLRTM,PSS,200.0,USD
2021-10-027,2021-10-20,CNSHA-NLRTM,BAS,2488.26,USD
2021-10-027,2021-10-20,CNSHA-NLRTM,BAF,301.04,USD
2021-10-027,2021-10-20,CNSHA-NLRTM,LSS,136.48,USD
2021-10-027,2021-10-20,CNSHA-NLRTM,THC,228.5,EUR
2021-10-027,2021-10-20,CNSHA-NLRTM,DOC,45.0,USD
2021-10-027,2021-10-20,CNSHA-NLRTM,PSS,200.0,USD
2021-10-028,2021-10-20,CNSHA-USLAX,BAS,1948.7,USD
2021-10-028,2021-10-20,CNSHA-USLAX,BAF,266.58,USD
2021-10-028,2021-10-20,CNSHA-USLAX,LSS,131.48,USD
2021-10-028,2021-10-20,CNSHA-USLAX,THC,211.68,EUR
2021-10-028,2021-10-20,CNSHA-USLAX,DOC,45.0,USD
2021-10-028,2021-10-20,CNSHA-USLAX,PSS,200.0,USD
2021-10-048,2021-10-21,CNSHA-NLRTM,BAS,2469.99,USD
2021-10-048,2021-10-21,CNSHA-NLRTM,BAF,304.37,USD
2021-10-048,2021-10-21,CNSHA-NLRTM,LSS,128.11,USD
2021-10-048,2021-10-21,CNSHA-NLRTM,THC,211.11,EUR
2021-10-048,2021-10-21,CNSHA-NLRTM,DOC,45.0,USD
2021-10-048,2021-10-21,CNSHA-NLRTM,PSS,200.0,USD
2021-10-002,2021-10-22,CNSHA-USLAX,BAS,1971.56,USD
2021-10-002,2021-10-22,CNSHA-USLAX,BAF,315.6,USD
2021-10-002,2021-10-22,CNSHA-USLAX,LSS,133.54,USD
2021-10-002,2021-10-22,CNSHA-USLAX,THC,227.52,EUR
2021-10-002,2021-10-22,CNSHA-USLAX,DOC,45.0,USD
2021-10-002,2021-10-22,CNSHA-USLAX,PSS,200.0,USD
2021-10-009,2021-10-23,CNSHA-USLAX,BAS,1964.97,USD
2021-10-009,2021-10-23,CNSHA-USLAX,BAF,288.13,USD
2021-10-009,2021-10-23,CNSHA-USLAX,LSS,127.31,USD
2021-10-009,2021-10-23,CNSHA-USLAX,THC,213.49,EUR
2021-10-009,2021-10-23,CNSHA-USLAX,DOC,45.0,USD
2021-10-009,2021-10-23,CNSHA-USLAX,PSS,200.0,USD
2021-10-043,2021-10-23,CNSHA-NLRTM,BAS,2501.65,USD
2021-10-043,2021-10-23,CNSHA-NLRTM,BAF,298.52,USD
2021-10-043,2021-10-23,CNSHA-NLRTM,LSS,135.44,USD
2021-10-043,2021-10-23,CNSHA-NLRTM,THC,219.65,EUR
2021-10-043,2021-10-23,CNSHA-NLRTM,DOC,45.0,USD
2021-10-043,2021-10-23,CNSHA-NLRTM,PSS,200.0,USD
2021-10-024,2021-10-24,CNSHA-NLRTM,BAS,2474.74,USD
2021-10-024,2021-10-24,CNSHA-NLRTM,BAF,311.29,USD
2021-10-024,2021-10-24,CNSHA-NLRTM,LSS,135.74,USD
2021-10-024,2021-10-24,CNSHA-NLRTM,THC,212.3,EUR
2021-10-024,2021-10-24,CNSHA-NLRTM,DOC,45.0,USD
2021-10-024,2021-10-24,CNSHA-NLRTM,PSS,200.0,USD
2021-10-039,2021-10-24,CNSHA-NLRTM,BAS,2499.83,USD
2021-10-039,2021-10-24,CNSHA-NLRTM,BAF,305.02,USD
2021-10-039,2021-10-24,CNSHA-NLRTM,LSS,139.05,USD
2021-10-039,2021-10-24,CNSHA-NLRTM,THC,219.94,EUR
2021-10-039,2021-10-24,CNSHA-NLRTM,DOC,45.0,USD
2021-10-039,2021-10-24,CNSHA-NLRTM,PSS,200.0,USD
2021-10-036,2021-10-25,CNSHA-USLAX,BAS,1964.75,USD
2021-10-036,2021-10-25,CNSHA-USLAX,BAF,313.68,USD
2021-10-036,2021-10-25,CNSHA-USLAX,LSS,127.65,USD
2021-10-036,2021-10-25,CNSHA-USLAX,THC,211.13,EUR
2021-10-036,2021-10-25,CNSHA-USLAX,DOC,45.0,USD
2021-10-036,2021-10-25,CNSHA-USLAX,PSS,200.0,USD
2021-10-018,2021-10-26,CNSHA-USLAX,BAS,1963.83,USD
2021-10-018,2021-10-26,CNSHA-USLAX,BAF,290.22,USD
2021-10-018,2021-10-26,CNSHA-USLAX,LSS,125.04,USD
2021-10-018,2021-10-26,CNSHA-USLAX,THC,220.69,EUR
2021-10-018,2021-10-26,CNSHA-USLAX,DOC,45.0,USD
2021-10-018,2021-10-26,CNSHA-USLAX,PSS,200.0,USD
2021-10-044,2021-10-26,CNSHA-USLAX,BAS,2003.68,USD
2021-10-044,2021-10-26,CNSHA-USLAX,BAF,301.36,USD
2021-10-044,2021-10-26,CNSHA-USLAX,LSS,133.48,USD
2021-10-044,2021-10-26,CNSHA-USLAX,THC,218.34,EUR
2021-10-044,2021-10-26,CNSHA-USLAX,DOC,45.0,USD
2021-10-044,2021-10-26,CNSHA-USLAX,PSS,200.0,USD
2021-10-006,2021-10-27,CNSHA-NLRTM,BAS,2500.83,USD
2021-10-006,2021-10-27,CNSHA-NLRTM,BAF,287.61,USD
2021-10-006,2021-10-27,CNSHA-NLRTM,LSS,131.73,USD
2021-10-006,2021-10-27,CNSHA-NLRTM,THC,207.54,EUR
2021-10-006,2021-10-27,CNSHA-NLRTM,DOC,45.0,USD
2021-10-006,2021-10-27,CNSHA-NLRTM,PSS,200.0,USD
2021-10-020,2021-10-27,CNSHA-NLRTM,BAS,2472.26,USD
2021-10-020,2021-10-27,CNSHA-NLRTM,BAF,309.83,USD
2021-10-020,2021-10-27,CNSHA-NLRTM,LSS,125.87,USD
2021-10-020,2021-10-27,CNSHA-NLRTM,THC,213.54,EUR
2021-10-020,2021-10-27,CNSHA-NLRTM,DOC,45.0,USD
2021-10-020,2021-10-27,CNSHA-NLRTM,PSS,200.0,USD
2021-11-001,2021-11-01,CNSHA-NLRTM,BAS,2469.78,USD
2021-11-001,2021-11-01,CNSHA-NLRTM,BAF,314.43,USD
2021-11-001,2021-11-01,CNSHA-NLRTM,LSS,128.13,USD
2021-11-001,2021-11-01,CNSHA-NLRTM,THC,230.11,EUR
2021-11-001,2021-11-01,CNSHA-NLRTM,DOC,45.0,USD
2021-11-032,2021-11-01,CNSHA-USLAX,BAS,1971.91,USD
2021-11-032,2021-11-01,CNSHA-USLAX,BAF,297.73,USD
2021-11-032,2021-11-01,CNSHA-USLAX,LSS,135.65,USD
2021-11-032,2021-11-01,CNSHA-USLAX,THC,213.11,EUR
2021-11-032,2021-11-01,CNSHA-USLAX,DOC,45.0,USD
2021-11-053,2021-11-01,CNSHA-USLAX,BAS,1998.48,USD
2021-11-053,2021-11-01,CNSHA-USLAX,BAF,295.12,USD
2021-11-053,2021-11-01,CNSHA-USLAX,LSS,127.08,USD
2021-11-053,2021-11-01,CNSHA-USLAX,THC,217.34,EUR
2021-11-053,2021-11-01,CNSHA-USLAX,DOC,45.0,USD
2021-11-035,2021-11-02,CNSHA-NLRTM,BAS,2497.34,USD
2021-11-035,2021-11-02,CNSHA-NLRTM,BAF,303.68,USD
2021-11-035,2021-11-02,CNSHA-NLRTM,LSS,137.74,USD
2021-11-035,2021-11-02,CNSHA-NLRTM,THC,224.61,EUR
2021-11-035,2021-11-02,CNSHA-NLRTM,DOC,45.0,USD
2021-11-048,2021-11-02,CNSHA-NLRTM,BAS,2484.69,USD
2021-11-048,2021-11-02,CNSHA-NLRTM,BAF,290.35,USD
2021-11-048,2021-11-02,CNSHA-NLRTM,LSS,128.62,USD
2021-11-048,2021-11-02,CNSHA-NLRTM,THC,213.78,EUR
2021-11-048,2021-11-02,CNSHA-NLRTM,DOC,45.0,USD
2021-11-038,2021-11-04,CNSHA-USLAX,BAS,1994.58,USD
2021-11-038,2021-11-04,CNSHA-USLAX,BAF,336.59,USD
2021-11-038,2021-11-04,CNSHA-USLAX,LSS,127.16,USD
2021-11-038,2021-11-04,CNSHA-USLAX,THC,211.64,EUR
2021-11-038,2021-11-04,CNSHA-USLAX,DOC,45.0,USD
2021-11-008,2021-11-05,CNSHA-NLRTM,BAS,2412.83,USD
2021-11-008,2021-11-05,CNSHA-NLRTM,BAF,307.85,USD
2021-11-008,2021-11-05,CNSHA-NLRTM,LSS,121.67,USD
2021-11-008,2021-11-05,CNSHA-NLRTM,THC,232.67,EUR
2021-11-008,2021-11-05,CNSHA-NLRTM,DOC,45.0,USD
2021-11-018,2021-11-05,CNSHA-USLAX,BAS,2000.95,USD
2021-11-018,2021-11-05,CNSHA-USLAX,BAF,292.89,USD
2021-11-018,2021-11-05,CNSHA-USLAX,LSS,128.77,USD
2021-11-018,2021-11-05,CNSHA-USLAX,THC,229.69,EUR
2021-11-018,2021-11-05,CNSHA-USLAX,DOC,45.0,USD
2021-11-030,2021-11-05,CNSHA-NLRTM,BAS,2480.36,USD
2021-11-030,2021-11-05,CNSHA-NLRTM,BAF,283.98,USD
2021-11-030,2021-11-05,CNSHA-NLRTM,LSS,139.98,USD
2021-11-030,2021-11-05,CNSHA-NLRTM,THC,216.01,EUR
2021-11-030,2021-11-05,CNSHA-NLRTM,DOC,45.0,USD
2021-11-055,2021-11-05,CNSHA-NLRTM,BAS,2481.94,USD
2021-11-055,2021-11-05,CNSHA-NLRTM,BAF,281.45,USD
2021-11-055,2021-11-05,CNSHA-NLRTM,LSS,131.54,USD
2021-11-055,2021-11-05,CNSHA-NLRTM,THC,223.64,EUR
2021-11-055,2021-11-05,CNSHA-NLRTM,DOC,45.0,USD
2021-11-007,2021-11-06,CNSHA-NLRTM,BAS,2457.99,USD
2021-11-007,2021-11-06,CNSHA-NLRTM,BAF,287.29,USD
2021-11-007,2021-11-06,CNSHA-NLRTM,LSS,132.09,USD
2021-11-007,2021-11-06,CNSHA-NLRTM,THC,227.12,EUR
2021-11-007,2021-11-06,CNSHA-NLRTM,DOC,45.0,USD
2021-11-022,2021-11-06,CNSHA-USLAX,BAS,2002.08,USD
2021-11-022,2021-11-06,CNSHA-USLAX,BAF,281.63,USD
2021-11-022,2021-11-06,CNSHA-USLAX,LSS,138.89,USD
2021-11-022,2021-11-06,CNSHA-USLAX,THC,223.14,EUR
2021-11-022,2021-11-06,CNSHA-USLAX,DOC,45.0,USD
2021-11-036,2021-11-06,CNSHA-USLAX,BAS,1990.42,USD
2021-11-036,2021-11-06,CNSHA-USLAX,BAF,312.06,USD
2021-11-036,2021-11-06,CNSHA-USLAX,LSS,132.02,USD
2021-11-036,2021-11-06,CNSHA-USLAX,THC,215.86,EUR
2021-11-036,2021-11-06,CNSHA-USLAX,DOC,45.0,USD
2021-11-003,2021-11-07,CNSHA-NLRTM,BAS,2529.09,USD
2021-11-003,2021-11-07,CNSHA-NLRTM,BAF,285.77,USD
2021-11-003,2021-11-07,CNSHA-NLRTM,LSS,135.3,USD
2021-11-003,2021-11-07,CNSHA-NLRTM,THC,223.52,EUR
2021-11-003,2021-11-07,CNSHA-NLRTM,DOC,45.0,USD
2021-11-009,2021-11-07,CNSHA-USLAX,BAS,1998.41,USD
2021-11-009,2021-11-07,CNSHA-USLAX,BAF,292.73,USD
2021-11-009,2021-11-07,CNSHA-USLAX,LSS,128.96,USD
2021-11-009,2021-11-07,CNSHA-USLAX,THC,217.43,EUR
2021-11-009,2021-11-07,CNSHA-USLAX,DOC,45.0,USD
2021-11-029,2021-11-07,CNSHA-USLAX,BAS,1986.36,USD
2021-11-029,2021-11-07,CNSHA-USLAX,BAF,321.57,USD
2021-11-029,2021-11-07,CNSHA-USLAX,LSS,130.72,USD
2021-11-029,2021-11-07,CNSHA-USLAX,THC,224.63,EUR
2021-11-029,2021-11-07,CNSHA-USLAX,DOC,45.0,USD
2021-11-043,2021-11-07,CNSHA-NLRTM,BAS,2515.89,USD
2021-11-043,2021-11-07,CNSHA-NLRTM,BAF,275.32,USD
2021-11-043,2021-11-07,CNSHA-NLRTM,LSS,125.58,USD
2021-11-043,2021-11-07,CNSHA-NLRTM,THC,222.45,EUR
2021-11-043,2021-11-07,CNSHA-NLRTM,DOC,45.0,USD
2021-11-005,2021-11-08,CNSHA-NLRTM,BAS,2453.0,USD
2021-11-005,2021-11-08,CNSHA-NLRTM,BAF,302.18,USD
2021-11-005,2021-11-08,CNSHA-NLRTM,LSS,132.59,USD
2021-11-005,2021-11-08,CNSHA-NLRTM,THC,224.68,EUR
2021-11-005,2021-11-08,CNSHA-NLRTM,DOC,45.0,USD
2021-11-014,2021-11-08,CNSHA-USLAX,BAS,2001.75,USD
2021-11-014,2021-11-08,CNSHA-USLAX,BAF,300.93,USD
2021-11-014,2021-11-08,CNSHA-USLAX,LSS,132.41,USD
2021-11-014,2021-11-08,CNSHA-USLAX,THC,225.6,EUR
2021-11-014,2021-11-08,CNSHA-USLAX,DOC,45.0,USD
2021-11-023,2021-11-08,CNSHA-NLRTM,BAS,2459.9,USD
2021-11-023,2021-11-08,CNSHA-NLRTM,BAF,275.93,USD
2021-11-023,2021-11-08,CNSHA-NLRTM,LSS,133.8,USD
2021-11-023,2021-11-08,CNSHA-NLRTM,THC,228.3,EUR
2021-11-023,2021-11-08,CNSHA-NLRTM,DOC,45.0,USD
2021-11-002,2021-11-09,CNSHA-USLAX,BAS,1951.41,USD
2021-11-002,2021-11-09,CNSHA-USLAX,BAF,268.84,USD
2021-11-002,2021-11-09,CNSHA-USLAX,LSS,132.76,USD
2021-11-002,2021-11-09,CNSHA-USLAX,THC,214.0,EUR
2021-11-002,2021-11-09,CNSHA-USLAX,DOC,45.0,USD
2021-11-021,2021-11-09,CNSHA-NLRTM,BAS,2546.76,USD
2021-11-021,2021-11-09,CNSHA-NLRTM,BAF,273.79,USD
2021-11-021,2021-11-09,CNSHA-NLRTM,LSS,124.26,USD
2021-11-021,2021-11-09,CNSHA-NLRTM,THC,212.75,EUR
2021-11-021,2021-11-09,CNSHA-NLRTM,DOC,45.0,USD
2021-11-024,2021-11-09,CNSHA-USLAX,BAS,1978.97,USD
2021-11-024,2021-11-09,CNSHA-USLAX,BAF,298.76,USD
2021-11-024,2021-11-09,CNSHA-USLAX,LSS,130.94,USD
2021-11-024,2021-11-09,CNSHA-USLAX,THC,210.92,EUR
2021-11-024,2021-11-09,CNSHA-USLAX,DOC,45.0,USD
2021-11-034,2021-11-09,CNSHA-NLRTM,BAS,2444.95,USD
2021-11-034,2021-11-09,CNSHA-NLRTM,BAF,277.16,USD
2021-11-034,2021-11-09,CNSHA-NLRTM,LSS,133.03,USD
2021-11-034,2021-11-09,CNSHA-NLRTM,THC,220.69,EUR
2021-11-034,2021-11-09,CNSHA-NLRTM,DOC,45.0,USD
2021-11-027,2021-11-10,CNSHA-USLAX,BAS,2010.29,USD
2021-11-027,2021-11-10,CNSHA-USLAX,BAF,300.05,USD
2021-11-027,2021-11-10,CNSHA-USLAX,LSS,134.32,USD
2021-11-027,2021-11-10,CNSHA-USLAX,THC,230.73,EUR
2021-11-027,2021-11-10,CNSHA-USLAX,DOC,45.0,USD
2021-11-037,2021-11-10,CNSHA-USLAX,BAS,1992.69,USD
2021-11-037,2021-11-10,CNSHA-USLAX,BAF,310.55,USD
2021-11-037,2021-11-10,CNSHA-USLAX,LSS,122.49,USD
2021-11-037,2021-11-10,CNSHA-USLAX,THC,222.31,EUR
2021-11-037,2021-11-10,CNSHA-USLAX,DOC,45.0,USD
2021-11-051,2021-11-10,CNSHA-USLAX,BAS,1955.25,USD
2021-11-051,2021-11-10,CNSHA-USLAX,BAF,292.56,USD
2021-11-051,2021-11-10,CNSHA-USLAX,LSS,126.04,USD
2021-11-051,2021-11-10,CNSHA-USLAX,THC,224.46,EUR
2021-11-051,2021-11-10,CNSHA-USLAX,DOC,45.0,USD
2021-11-010,2021-11-11,CNSHA-NLRTM,BAS,2487.91,USD
2021-11-010,2021-11-11,CNSHA-NLRTM,BAF,300.34,USD
2021-11-010,2021-11-11,CNSHA-NLRTM,LSS,116.98,USD
2021-11-010,2021-11-11,CNSHA-NLRTM,THC,219.33,EUR
2021-11-010,2021-11-11,CNSHA-NLRTM,DOC,45.0,USD
2021-11-028,2021-11-11,CNSHA-USLAX,BAS,1974.29,USD
2021-11-028,2021-11-11,CNSHA-USLAX,BAF,278.65,USD
2021-11-028,2021-11-11,CNSHA-USLAX,LSS,130.25,USD
2021-11-028,2021-11-11,CNSHA-USLAX,THC,229.28,EUR
2021-11-028,2021-11-11,CNSHA-USLAX,DOC,45.0,USD
2021-11-016,2021-11-12,CNSHA-USLAX,BAS,1973.8,USD
2021-11-016,2021-11-12,CNSHA-USLAX,BAF,298.04,USD
2021-11-016,2021-11-12,CNSHA-USLAX,LSS,134.35,USD
2021-11-016,2021-11-12,CNSHA-USLAX,THC,210.79,EUR
2021-11-016,2021-11-12,CNSHA-USLAX,DOC,45.0,USD
2021-11-019,2021-11-13,CNSHA-USLAX,BAS,1999.7,USD
2021-11-019,2021-11-13,CNSHA-USLAX,BAF,267.36,USD
2021-11-019,2021-11-13,CNSHA-USLAX,LSS,131.04,USD
2021-11-019,2021-11-13,CNSHA-USLAX,THC,217.48,EUR
2021-11-019,2021-11-13,CNSHA-USLAX,DOC,45.0,USD
2021-11-042,2021-11-13,CNSHA-USLAX,BAS,1965.5,USD
2021-11-042,2021-11-13,CNSHA-USLAX,BAF,312.24,USD
2021-11-042,2021-11-13,CNSHA-USLAX,LSS,128.6,USD
2021-11-042,2021-11-13,CNSHA-USLAX,THC,220.38,EUR
2021-11-042,2021-11-13,CNSHA-USLAX,DOC,45.0,USD
2021-11-004,2021-11-14,CNSHA-USLAX,BAS,1954.82,USD
2021-11-004,2021-11-14,CNSHA-USLAX,BAF,275.96,USD
2021-11-004,2021-11-14,CNSHA-USLAX,LSS,130.21,USD
2021-11-004,2021-11-14,CNSHA-USLAX,THC,220.81,EUR
2021-11-004,2021-11-14,CNSHA-USLAX,DOC,45.0,USD
2021-11-011,2021-11-15,CNSHA-NLRTM,BAS,2505.66,USD
2021-11-011,2021-11-15,CNSHA-NLRTM,BAF,310.81,USD
2021-11-011,2021-11-15,CNSHA-NLRTM,LSS,131.82,USD
2021-11-011,2021-11-15,CNSHA-NLRTM,THC,224.39,EUR
2021-11-011,2021-11-15,CNSHA-NLRTM,DOC,45.0,USD
2021-11-026,2021-11-15,CNSHA-USLAX,BAS,1943.55,USD
2021-11-026,2021-11-15,CNSHA-USLAX,BAF,300.08,USD
2021-11-026,2021-11-15,CNSHA-USLAX,LSS,129.84,USD
2021-11-026,2021-11-15,CNSHA-USLAX,THC,220.57,EUR
2021-11-026,2021-11-15,CNSHA-USLAX,DOC,45.0,USD
2021-11-031,2021-11-15,CNSHA-NLRTM,BAS,2490.12,USD
2021-11-031,2021-11-15,CNSHA-NLRTM,BAF,301.57,USD
2021-11-031,2021-11-15,CNSHA-NLRTM,LSS,128.69,USD
2021-11-031,2021-11-15,CNSHA-NLRTM,THC,223.43,EUR
2021-11-031,2021-11-15,CNSHA-NLRTM,DOC,45.0,USD
2021-11-033,2021-11-15,CNSHA-USLAX,BAS,1976.38,USD
2021-11-033,2021-11-15,CNSHA-USLAX,BAF,310.9,USD
2021-11-033,2021-11-15,CNSHA-USLAX,LSS,123.37,USD
2021-11-033,2021-11-15,CNSHA-USLAX,THC,215.38,EUR
2021-11-033,2021-11-15,CNSHA-USLAX,DOC,45.0,USD
2021-11-039,2021-11-15,CNSHA-USLAX,BAS,1957.8,USD
2021-11-039,2021-11-15,CNSHA-USLAX,BAF,297.79,USD
2021-11-039,2021-11-15,CNSHA-USLAX,LSS,130.97,USD
2021-11-039,2021-11-15,CNSHA-USLAX,THC,222.9,EUR
2021-11-039,2021-11-15,CNSHA-USLAX,DOC,45.0,USD
2021-11-006,2021-11-16,CNSHA-USLAX,BAS,1967.71,USD
2021-11-006,2021-11-16,CNSHA-USLAX,BAF,320.69,USD
2021-11-006,2021-11-16,CNSHA-USLAX,LSS,126.02,USD
2021-11-006,2021-11-16,CNSHA-USLAX,THC,223.69,EUR
2021-11-006,2021-11-16,CNSHA-USLAX,DOC,45.0,USD
2021-11-041,2021-11-16,CNSHA-NLRTM,BAS,2489.3,USD
2021-11-041,2021-11-16,CNSHA-NLRTM,BAF,304.22,USD
2021-11-041,2021-11-16,CNSHA-NLRTM,LSS,135.41,USD
2021-11-041,2021-11-16,CNSHA-NLRTM,THC,219.64,EUR
2021-11-041,2021-11-16,CNSHA-NLRTM,DOC,45.0,USD
2021-11-049,2021-11-16,CNSHA-USLAX,BAS,1993.23,USD
2021-11-049,2021-11-16,CNSHA-USLAX,BAF,307.71,USD
2021-11-049,2021-11-16,CNSHA-USLAX,LSS,131.42,USD
2021-11-049,2021-11-16,CNSHA-USLAX,THC,221.41,EUR
2021-11-049,2021-11-16,CNSHA-USLAX,DOC,45.0,USD
2021-11-050,2021-11-17,CNSHA-NLRTM,BAS,2458.22,USD
2021-11-050,2021-11-17,CNSHA-NLRTM,BAF,279.76,USD
2021-11-050,2021-11-17,CNSHA-NLRTM,LSS,126.15,USD
2021-11-050,2021-11-17,CNSHA-NLRTM,THC,226.12,EUR
2021-11-050,2021-11-17,CNSHA-NLRTM,DOC,45.0,USD
2021-11-025,2021-11-18,CNSHA-NLRTM,BAS,2440.89,USD
2021-11-025,2021-11-18,CNSHA-NLRTM,BAF,256.05,USD
2021-11-025,2021-11-18,CNSHA-NLRTM,LSS,129.02,USD
2021-11-025,2021-11-18,CNSHA-NLRTM,THC,206.18,EUR
2021-11-025,2021-11-18,CNSHA-NLRTM,DOC,45.0,USD
2021-11-045,2021-11-19,CNSHA-NLRTM,BAS,2508.47,USD
2021-11-045,2021-11-19,CNSHA-NLRTM,BAF,281.57,USD
2021-11-045,2021-11-19,CNSHA-NLRTM,LSS,124.75,USD
2021-11-045,2021-11-19,CNSHA-NLRTM,THC,207.9,EUR
2021-11-045,2021-11-19,CNSHA-NLRTM,DOC,45.0,USD
2021-11-054,2021-11-19,CNSHA-USLAX,BAS,1987.14,USD
2021-11-054,2021-11-19,CNSHA-USLAX,BAF,295.87,USD
2021-11-054,2021-11-19,CNSHA-USLAX,LSS,129.33,USD
2021-11-054,2021-11-19,CNSHA-USLAX,THC,215.85,EUR
2021-11-054,2021-11-19,CNSHA-USLAX,DOC,45.0,USD
2021-11-020,2021-11-20,CNSHA-NLRTM,BAS,2453.79,USD
2021-11-020,2021-11-20,CNSHA-NLRTM,BAF,307.91,USD
2021-11-020,2021-11-20,CNSHA-NLRTM,LSS,134.6,USD
2021-11-020,2021-11-20,CNSHA-NLRTM,THC,212.56,EUR
2021-11-020,2021-11-20,CNSHA-NLRTM,DOC,45.0,USD
2021-11-017,2021-11-21,CNSHA-NLRTM,BAS,2461.89,USD
2021-11-017,2021-11-21,CNSHA-NLRTM,BAF,313.88,USD
2021-11-017,2021-11-21,CNSHA-NLRTM,LSS,127.72,USD
2021-11-017,2021-11-21,CNSHA-NLRTM,THC,220.31,EUR
2021-11-017,2021-11-21,CNSHA-NLRTM,DOC,45.0,USD
2021-11-040,2021-11-21,CNSHA-USLAX,BAS,2027.17,USD
2021-11-040,2021-11-21,CNSHA-USLAX,BAF,288.2,USD
2021-11-040,2021-11-21,CNSHA-USLAX,LSS,128.74,USD
2021-11-040,2021-11-21,CNSHA-USLAX,THC,209.67,EUR
2021-11-040,2021-11-21,CNSHA-USLAX,DOC,45.0,USD
2021-11-044,2021-11-21,CNSHA-USLAX,BAS,1984.32,USD
2021-11-044,2021-11-21,CNSHA-USLAX,BAF,317.2,USD
2021-11-044,2021-11-21,CNSHA-USLAX,LSS,136.24,USD
2021-11-044,2021-11-21,CNSHA-USLAX,THC,219.48,EUR
2021-11-044,2021-11-21,CNSHA-USLAX,DOC,45.0,USD
2021-11-013,2021-11-22,CNSHA-USLAX,BAS,2000.44,USD
2021-11-013,2021-11-22,CNSHA-USLAX,BAF,280.35,USD
2021-11-013,2021-11-22,CNSHA-USLAX,LSS,133.2,USD
2021-11-013,2021-11-22,CNSHA-USLAX,THC,230.08,EUR
2021-11-013,2021-11-22,CNSHA-USLAX,DOC,45.0,USD
2021-11-047,2021-11-22,CNSHA-NLRTM,BAS,2476.54,USD
2021-11-047,2021-11-22,CNSHA-NLRTM,BAF,303.98,USD
2021-11-047,2021-11-22,CNSHA-NLRTM,LSS,130.08,USD
2021-11-047,2021-11-22,CNSHA-NLRTM,THC,224.58,EUR
2021-11-047,2021-11-22,CNSHA-NLRTM,DOC,45.0,USD
2021-11-052,2021-11-24,CNSHA-USLAX,BAS,1953.39,USD
2021-11-052,2021-11-24,CNSHA-USLAX,BAF,301.12,USD
2021-11-052,2021-11-24,CNSHA-USLAX,LSS,126.65,USD
2021-11-052,2021-11-24,CNSHA-USLAX,THC,224.62,EUR
2021-11-052,2021-11-24,CNSHA-USLAX,DOC,45.0,USD
2021-11-000,2021-11-25,CNSHA-NLRTM,BAS,2516.52,USD
2021-11-000,2021-11-25,CNSHA-NLRTM,BAF,311.03,USD
2021-11-000,2021-11-25,CNSHA-NLRTM,LSS,132.49,USD
2021-11-000,2021-11-25,CNSHA-NLRTM,THC,215.27,EUR
2021-11-000,2021-11-25,CNSHA-NLRTM,DOC,45.0,USD
2021-11-015,2021-11-27,CNSHA-NLRTM,BAS,2511.5,USD
2021-11-015,2021-11-27,CNSHA-NLRTM,BAF,318.28,USD
2021-11-015,2021-11-27,CNSHA-NLRTM,LSS,133.42,USD
2021-11-015,2021-11-27,CNSHA-NLRTM,THC,213.85,EUR
2021-11-015,2021-11-27,CNSHA-NLRTM,DOC,45.0,USD
2021-11-046,2021-11-27,CNSHA-NLRTM,BAS,2470.68,USD
2021-11-046,2021-11-27,CNSHA-NLRTM,BAF,286.5,USD
2021-11-046,2021-11-27,CNSHA-NLRTM,LSS,123.76,USD
2021-11-046,2021-11-27,CNSHA-NLRTM,THC,219.58,EUR
2021-11-046,2021-11-27,CNSHA-NLRTM,DOC,45.0,USD
2021-11-057,2021-11-27,CNSHA-NLRTM,BAS,2455.33,USD
2021-11-057,2021-11-27,CNSHA-NLRTM,BAF,326.1,USD
2021-11-057,2021-11-27,CNSHA-NLRTM,LSS,129.44,USD
2021-11-057,2021-11-27,CNSHA-NLRTM,THC,226.16,EUR
2021-11-057,2021-11-27,CNSHA-NLRTM,DOC,45.0,USD
2021-11-012,2021-11-28,CNSHA-NLRTM,BAS,2505.47,USD
2021-11-012,2021-11-28,CNSHA-NLRTM,BAF,309.71,USD
2021-11-012,2021-11-28,CNSHA-NLRTM,LSS,130.68,USD
2021-11-012,2021-11-28,CNSHA-NLRTM,THC,225.07,EUR
2021-11-012,2021-11-28,CNSHA-NLRTM,DOC,45.0,USD
2021-11-056,2021-11-28,CNSHA-NLRTM,BAS,2455.53,USD
2021-11-056,2021-11-28,CNSHA-NLRTM,BAF,301.63,USD
2021-11-056,2021-11-28,CNSHA-NLRTM,LSS,126.65,USD
2021-11-056,2021-11-28,CNSHA-NLRTM,THC,229.33,EUR
2021-11-056,2021-11-28,CNSHA-NLRTM,DOC,45.0,USD
2021-12-006,2021-12-01,CNSHA-NLRTM,BAS,2531.64,USD
2021-12-006,2021-12-01,CNSHA-NLRTM,BAF,269.04,USD
2021-12-006,2021-12-01,CNSHA-NLRTM,LSS,132.57,USD
2021-12-006,2021-12-01,CNSHA-NLRTM,THC,223.55,EUR
2021-12-006,2021-12-01,CNSHA-NLRTM,DOC,45.0,USD
2021-12-018,2021-12-01,CNSHA-NLRTM,BAS,2491.73,USD
2021-12-018,2021-12-01,CNSHA-NLRTM,BAF,276.93,USD
2021-12-018,2021-12-01,CNSHA-NLRTM,LSS,126.47,USD
2021-12-018,2021-12-01,CNSHA-NLRTM,THC,225.27,EUR
2021-12-018,2021-12-01,CNSHA-NLRTM,DOC,45.0,USD
2021-12-030,2021-12-01,CNSHA-USLAX,BAS,1959.77,USD
2021-12-030,2021-12-01,CNSHA-USLAX,BAF,276.31,USD
2021-12-030,2021-12-01,CNSHA-USLAX,LSS,133.18,USD
2021-12-030,2021-12-01,CNSHA-USLAX,THC,227.12,EUR
2021-12-030,2021-12-01,CNSHA-USLAX,DOC,45.0,USD
2021-12-050,2021-12-01,CNSHA-USLAX,BAS,1991.65,USD
2021-12-050,2021-12-01,CNSHA-USLAX,BAF,290.03,USD
2021-12-050,2021-12-01,CNSHA-USLAX,LSS,132.07,USD
2021-12-050,2021-12-01,CNSHA-USLAX,THC,205.49,EUR
2021-12-050,2021-12-01,CNSHA-USLAX,DOC,45.0,USD
2021-12-010,2021-12-02,CNSHA-USLAX,BAS,1984.85,USD
2021-12-010,2021-12-02,CNSHA-USLAX,BAF,295.62,USD
2021-12-010,2021-12-02,CNSHA-USLAX,LSS,130.11,USD
2021-12-010,2021-12-02,CNSHA-USLAX,THC,212.14,EUR
2021-12-010,2021-12-02,CNSHA-USLAX,DOC,45.0,USD
2021-12-019,2021-12-02,CNSHA-USLAX,BAS,1954.54,USD
2021-12-019,2021-12-02,CNSHA-USLAX,BAF,279.86,USD
2021-12-019,2021-12-02,CNSHA-USLAX,LSS,130.21,USD
2021-12-019,2021-12-02,CNSHA-USLAX,THC,216.15,EUR
2021-12-019,2021-12-02,CNSHA-USLAX,DOC,45.0,USD
2021-12-053,2021-12-02,CNSHA-USLAX,BAS,2008.04,USD
2021-12-053,2021-12-02,CNSHA-USLAX,BAF,300.67,USD
2021-12-053,2021-12-02,CNSHA-USLAX,LSS,136.43,USD
2021-12-053,2021-12-02,CNSHA-USLAX,THC,224.71,EUR
2021-12-053,2021-12-02,CNSHA-USLAX,DOC,45.0,USD
2021-12-024,2021-12-03,CNSHA-NLRTM,BAS,2488.9,USD
2021-12-024,2021-12-03,CNSHA-NLRTM,BAF,269.29,USD
2021-12-024,2021-12-03,CNSHA-NLRTM,LSS,133.62,USD
2021-12-024,2021-12-03,CNSHA-NLRTM,THC,212.1,EUR
2021-12-024,2021-12-03,CNSHA-NLRTM,DOC,45.0,USD
2021-12-054,2021-12-03,CNSHA-USLAX,BAS,1973.07,USD
2021-12-054,2021-12-03,CNSHA-USLAX,BAF,298.31,USD
2021-12-054,2021-12-03,CNSHA-USLAX,LSS,133.51,USD
2021-12-054,2021-12-03,CNSHA-USLAX,THC,217.85,EUR
2021-12-054,2021-12-03,CNSHA-USLAX,DOC,45.0,USD
2021-12-016,2021-12-04,CNSHA-USLAX,BAS,2004.53,USD
2021-12-016,2021-12-04,CNSHA-USLAX,BAF,290.89,USD
2021-12-016,2021-12-04,CNSHA-USLAX,LSS,130.53,USD
2021-12-016,2021-12-04,CNSHA-USLAX,THC,215.3,EUR
2021-12-016,2021-12-04,CNSHA-USLAX,DOC,45.0,USD
2021-12-013,2021-12-05,CNSHA-NLRTM,BAS,2496.0,USD
2021-12-013,2021-12-05,CNSHA-NLRTM,BAF,311.41,USD
2021-12-013,2021-12-05,CNSHA-NLRTM,LSS,126.52,USD
2021-12-013,2021-12-05,CNSHA-NLRTM,THC,226.02,EUR
2021-12-013,2021-12-05,CNSHA-NLRTM,DOC,45.0,USD
2021-12-004,2021-12-06,CNSHA-USLAX,BAS,1943.6,USD
2021-12-004,2021-12-06,CNSHA-USLAX,BAF,295.86,USD
2021-12-004,2021-12-06,CNSHA-USLAX,LSS,124.82,USD
2021-12-004,2021-12-06,CNSHA-USLAX,THC,214.9,EUR
2021-12-004,2021-12-06,CNSHA-USLAX,DOC,45.0,USD
2021-12-025,2021-12-06,CNSHA-USLAX,BAS,1975.38,USD
2021-12-025,2021-12-06,CNSHA-USLAX,BAF,296.26,USD
2021-12-025,2021-12-06,CNSHA-USLAX,LSS,126.48,USD
2021-12-025,2021-12-06,CNSHA-USLAX,THC,229.32,EUR
2021-12-025,2021-12-06,CNSHA-USLAX,DOC,45.0,USD
2021-12-026,2021-12-06,CNSHA-USLAX,BAS,1966.2,USD
2021-12-026,2021-12-06,CNSHA-USLAX,BAF,289.44,USD
2021-12-026,2021-12-06,CNSHA-USLAX,LSS,137.56,USD
2021-12-026,2021-12-06,CNSHA-USLAX,THC,211.49,EUR
2021-12-026,2021-12-06,CNSHA-USLAX,DOC,45.0,USD
2021-12-002,2021-12-07,CNSHA-NLRTM,BAS,2488.07,USD
2021-12-002,2021-12-07,CNSHA-NLRTM,BAF,302.97,USD
2021-12-002,2021-12-07,CNSHA-NLRTM,LSS,124.7,USD
2021-12-002,2021-12-07,CNSHA-NLRTM,THC,215.96,EUR
2021-12-002,2021-12-07,CNSHA-NLRTM,DOC,45.0,USD
2021-12-011,2021-12-07,CNSHA-USLAX,BAS,2009.28,USD
2021-12-011,2021-12-07,CNSHA-USLAX,BAF,326.7,USD
2021-12-011,2021-12-07,CNSHA-USLAX,LSS,133.4,USD
2021-12-011,2021-12-07,CNSHA-USLAX,THC,215.42,EUR
2021-12-011,2021-12-07,CNSHA-USLAX,DOC,45.0,USD
2021-12-044,2021-12-07,CNSHA-USLAX,BAS,1987.24,USD
2021-12-044,2021-12-07,CNSHA-USLAX,BAF,282.06,USD
2021-12-044,2021-12-07,CNSHA-USLAX,LSS,129.3,USD
2021-12-044,2021-12-07,CNSHA-USLAX,THC,225.85,EUR
2021-12-044,2021-12-07,CNSHA-USLAX,DOC,45.0,USD
2021-12-035,2021-12-08,CNSHA-NLRTM,BAS,2445.28,USD
2021-12-035,2021-12-08,CNSHA-NLRTM,BAF,307.48,USD
2021-12-035,2021-12-08,CNSHA-NLRTM,LSS,132.08,USD
2021-12-035,2021-12-08,CNSHA-NLRTM,THC,222.25,EUR
2021-12-035,2021-12-08,CNSHA-NLRTM,DOC,45.0,USD
2021-12-046,2021-12-08,CNSHA-USLAX,BAS,1971.14,USD
2021-12-046,2021-12-08,CNSHA-USLAX,BAF,306.34,USD
2021-12-046,2021-12-08,CNSHA-USLAX,LSS,130.14,USD
2021-12-046,2021-12-08,CNSHA-USLAX,THC,222.89,EUR
2021-12-046,2021-12-08,CNSHA-USLAX,DOC,45.0,USD
2021-12-031,2021-12-09,CNSHA-USLAX,BAS,1975.4,USD
2021-12-031,2021-12-09,CNSHA-USLAX,BAF,331.76,USD
2021-12-031,2021-12-09,CNSHA-USLAX,LSS,129.42,USD
2021-12-031,2021-12-09,CNSHA-USLAX,THC,219.48,EUR
2021-12-031,2021-12-09,CNSHA-USLAX,DOC,45.0,USD
2021-12-045,2021-12-09,CNSHA-USLAX,BAS,1986.67,USD
2021-12-045,2021-12-09,CNSHA-USLAX,BAF,312.03,USD
2021-12-045,2021-12-09,CNSHA-USLAX,LSS,131.45,USD
2021-12-045,2021-12-09,CNSHA-USLAX,THC,217.35,EUR
2021-12-045,2021-12-09,CNSHA-USLAX,DOC,45.0,USD
2021-12-049,2021-12-10,CNSHA-NLRTM,BAS,2457.82,USD
2021-12-049,2021-12-10,CNSHA-NLRTM,BAF,280.07,USD
2021-12-049,2021-12-10,CNSHA-NLRTM,LSS,135.62,USD
2021-12-049,2021-12-10,CNSHA-NLRTM,THC,219.12,EUR
2021-12-049,2021-12-10,CNSHA-NLRTM,DOC,45.0,USD
2021-12-001,2021-12-11,CNSHA-NLRTM,BAS,2486.51,USD
2021-12-001,2021-12-11,CNSHA-NLRTM,BAF,296.49,USD
2021-12-001,2021-12-11,CNSHA-NLRTM,LSS,127.52,USD
2021-12-001,2021-12-11,CNSHA-NLRTM,THC,215.82,EUR
2021-12-001,2021-12-11,CNSHA-NLRTM,DOC,45.0,USD
2021-12-007,2021-12-11,CNSHA-USLAX,BAS,1972.41,USD
2021-12-007,2021-12-11,CNSHA-USLAX,BAF,278.92,USD
2021-12-007,2021-12-11,CNSHA-USLAX,LSS,130.38,USD
2021-12-007,2021-12-11,CNSHA-USLAX,THC,223.5,EUR
2021-12-007,2021-12-11,CNSHA-USLAX,DOC,45.0,USD
2021-12-021,2021-12-11,CNSHA-USLAX,BAS,1941.08,USD
2021-12-021,2021-12-11,CNSHA-USLAX,BAF,313.76,USD
2021-12-021,2021-12-11,CNSHA-USLAX,LSS,134.47,USD
2021-12-021,2021-12-11,CNSHA-USLAX,THC,214.43,EUR
2021-12-021,2021-12-11,CNSHA-USLAX,DOC,45.0,USD
2021-12-012,2021-12-12,CNSHA-NLRTM,BAS,2499.8,USD
2021-12-012,2021-12-12,CNSHA-NLRTM,BAF,321.72,USD
2021-12-012,2021-12-12,CNSHA-NLRTM,LSS,120.37,USD
2021-12-012,2021-12-12,CNSHA-NLRTM,THC,222.54,EUR
2021-12-012,2021-12-12,CNSHA-NLRTM,DOC,45.0,USD
2021-12-017,2021-12-12,CNSHA-USLAX,BAS,1976.84,USD
2021-12-017,2021-12-12,CNSHA-USLAX,BAF,317.82,USD
2021-12-017,2021-12-12,CNSHA-USLAX,LSS,127.75,USD
2021-12-017,2021-12-12,CNSHA-USLAX,THC,224.05,EUR
2021-12-017,2021-12-12,CNSHA-USLAX,DOC,45.0,USD
2021-12-032,2021-12-12,CNSHA-USLAX,BAS,1991.69,USD
2021-12-032,2021-12-12,CNSHA-USLAX,BAF,318.1,USD
2021-12-032,2021-12-12,CNSHA-USLAX,LSS,126.28,USD
2021-12-032,2021-12-12,CNSHA-USLAX,THC,225.77,EUR
2021-12-032,2021-12-12,CNSHA-USLAX,DOC,45.0,USD
2021-12-037,2021-12-12,CNSHA-USLAX,BAS,1999.2,USD
2021-12-037,2021-12-12,CNSHA-USLAX,BAF,312.53,USD
2021-12-037,2021-12-12,CNSHA-USLAX,LSS,125.63,USD
2021-12-037,2021-12-12,CNSHA-USLAX,THC,230.62,EUR
2021-12-037,2021-12-12,CNSHA-USLAX,DOC,45.0,USD
2021-12-028,2021-12-13,CNSHA-USLAX,BAS,2011.42,USD
2021-12-028,2021-12-13,CNSHA-USLAX,BAF,292.23,USD
2021-12-028,2021-12-13,CNSHA-USLAX,LSS,130.54,USD
2021-12-028,2021-12-13,CNSHA-USLAX,THC,224.3,EUR
2021-12-028,2021-12-13,CNSHA-USLAX,DOC,45.0,USD
2021-12-042,2021-12-13,CNSHA-NLRTM,BAS,2520.36,USD
2021-12-042,2021-12-13,CNSHA-NLRTM,BAF,328.21,USD
2021-12-042,2021-12-13,CNSHA-NLRTM,LSS,137.75,USD
2021-12-042,2021-12-13,CNSHA-NLRTM,THC,225.59,EUR
2021-12-042,2021-12-13,CNSHA-NLRTM,DOC,45.0,USD
2021-12-014,2021-12-14,CNSHA-NLRTM,BAS,2489.53,USD
2021-12-014,2021-12-14,CNSHA-NLRTM,BAF,294.91,USD
2021-12-014,2021-12-14,CNSHA-NLRTM,LSS,130.26,USD
2021-12-014,2021-12-14,CNSHA-NLRTM,THC,223.67,EUR
2021-12-014,2021-12-14,CNSHA-NLRTM,DOC,45.0,USD
2021-12-034,2021-12-14,CNSHA-NLRTM,BAS,2451.48,USD
2021-12-034,2021-12-14,CNSHA-NLRTM,BAF,310.29,USD
2021-12-034,2021-12-14,CNSHA-NLRTM,LSS,126.14,USD
2021-12-034,2021-12-14,CNSHA-NLRTM,THC,218.65,EUR
2021-12-034,2021-12-14,CNSHA-NLRTM,DOC,45.0,USD
2021-12-000,2021-12-15,CNSHA-USLAX,BAS,1997.43,USD
2021-12-000,2021-12-15,CNSHA-USLAX,BAF,268.52,USD
2021-12-000,2021-12-15,CNSHA-USLAX,LSS,131.12,USD
2021-12-000,2021-12-15,CNSHA-USLAX,THC,228.63,EUR
2021-12-000,2021-12-15,CNSHA-USLAX,DOC,45.0,USD
2021-12-023,2021-12-15,CNSHA-USLAX,BAS,1985.78,USD
2021-12-023,2021-12-15,CNSHA-USLAX,BAF,329.47,USD
2021-12-023,2021-12-15,CNSHA-USLAX,LSS,125.7,USD
2021-12-023,2021-12-15,CNSHA-USLAX,THC,227.48,EUR
2021-12-023,2021-12-15,CNSHA-USLAX,DOC,45.0,USD
2021-12-008,2021-12-16,CNSHA-USLAX,BAS,1994.92,USD
2021-12-008,2021-12-16,CNSHA-USLAX,BAF,289.91,USD
2021-12-008,2021-12-16,CNSHA-USLAX,LSS,133.29,USD
2021-12-008,2021-12-16,CNSHA-USLAX,THC,222.95,EUR
2021-12-008,2021-12-16,CNSHA-USLAX,DOC,45.0,USD
2021-12-036,2021-12-16,CNSHA-USLAX,BAS,1963.09,USD
2021-12-036,2021-12-16,CNSHA-USLAX,BAF,325.46,USD
2021-12-036,2021-12-16,CNSHA-USLAX,LSS,130.71,USD
2021-12-036,2021-12-16,CNSHA-USLAX,THC,228.83,EUR
2021-12-036,2021-12-16,CNSHA-USLAX,DOC,45.0,USD
2021-12-043,2021-12-16,CNSHA-USLAX,BAS,1963.76,USD
2021-12-043,2021-12-16,CNSHA-USLAX,BAF,286.39,USD
2021-12-043,2021-12-16,CNSHA-USLAX,LSS,129.83,USD
2021-12-043,2021-12-16,CNSHA-USLAX,THC,212.04,EUR
2021-12-043,2021-12-16,CNSHA-USLAX,DOC,45.0,USD
2021-12-052,2021-12-16,CNSHA-NLRTM,BAS,2464.2,USD
2021-12-052,2021-12-16,CNSHA-NLRTM,BAF,299.29,USD
2021-12-052,2021-12-16,CNSHA-NLRTM,LSS,131.68,USD
2021-12-052,2021-12-16,CNSHA-NLRTM,THC,222.0,EUR
2021-12-052,2021-12-16,CNSHA-NLRTM,DOC,45.0,USD
2021-12-027,2021-12-18,CNSHA-USLAX,BAS,1975.21,USD
2021-12-027,2021-12-18,CNSHA-USLAX,BAF,297.65,USD
2021-12-027,2021-12-18,CNSHA-USLAX,LSS,124.44,USD
2021-12-027,2021-12-18,CNSHA-USLAX,THC,215.45,EUR
2021-12-027,2021-12-18,CNSHA-USLAX,DOC,45.0,USD
2021-12-047,2021-12-18,CNSHA-USLAX,BAS,1982.51,USD
2021-12-047,2021-12-18,CNSHA-USLAX,BAF,275.49,USD
2021-12-047,2021-12-18,CNSHA-USLAX,LSS,139.36,USD
2021-12-047,2021-12-18,CNSHA-USLAX,THC,225.13,EUR
2021-12-047,2021-12-18,CNSHA-USLAX,DOC,45.0,USD
2021-12-051,2021-12-18,CNSHA-USLAX,BAS,1956.02,USD
2021-12-051,2021-12-18,CNSHA-USLAX,BAF,302.72,USD
2021-12-051,2021-12-18,CNSHA-USLAX,LSS,130.59,USD
2021-12-051,2021-12-18,CNSHA-USLAX,THC,219.36,EUR
2021-12-051,2021-12-18,CNSHA-USLAX,DOC,45.0,USD
2021-12-003,2021-12-20,CNSHA-USLAX,BAS,2005.62,USD
2021-12-003,2021-12-20,CNSHA-USLAX,BAF,320.27,USD
2021-12-003,2021-12-20,CNSHA-USLAX,LSS,129.89,USD
2021-12-003,2021-12-20,CNSHA-USLAX,THC,220.77,EUR
2021-12-003,2021-12-20,CNSHA-USLAX,DOC,45.0,USD
2021-12-040,2021-12-20,CNSHA-NLRTM,BAS,2527.49,USD
2021-12-040,2021-12-20,CNSHA-NLRTM,BAF,292.45,USD
2021-12-040,2021-12-20,CNSHA-NLRTM,LSS,130.58,USD
2021-12-040,2021-12-20,CNSHA-NLRTM,THC,215.47,EUR
2021-12-040,2021-12-20,CNSHA-NLRTM,DOC,45.0,USD
2021-12-005,2021-12-22,CNSHA-USLAX,BAS,1985.63,USD
2021-12-005,2021-12-22,CNSHA-USLAX,BAF,320.9,USD
2021-12-005,2021-12-22,CNSHA-USLAX,LSS,130.85,USD
2021-12-005,2021-12-22,CNSHA-USLAX,THC,216.55,EUR
2021-12-005,2021-12-22,CNSHA-USLAX,DOC,45.0,USD
2021-12-015,2021-12-22,CNSHA-USLAX,BAS,1974.25,USD
2021-12-015,2021-12-22,CNSHA-USLAX,BAF,294.38,USD
2021-12-015,2021-12-22,CNSHA-USLAX,LSS,129.77,USD
2021-12-015,2021-12-22,CNSHA-USLAX,THC,217.97,EUR
2021-12-015,2021-12-22,CNSHA-USLAX,DOC,45.0,USD
2021-12-022,2021-12-22,CNSHA-NLRTM,BAS,2478.06,USD
2021-12-022,2021-12-22,CNSHA-NLRTM,BAF,302.92,USD
2021-12-022,2021-12-22,CNSHA-NLRTM,LSS,126.66,USD
2021-12-022,2021-12-22,CNSHA-NLRTM,THC,220.69,EUR
2021-12-022,2021-12-22,CNSHA-NLRTM,DOC,45.0,USD
2021-12-048,2021-12-22,CNSHA-USLAX,BAS,2002.41,USD
2021-12-048,2021-12-22,CNSHA-USLAX,BAF,309.88,USD
2021-12-048,2021-12-22,CNSHA-USLAX,LSS,132.8,USD
2021-12-048,2021-12-22,CNSHA-USLAX,THC,231.37,EUR
2021-12-048,2021-12-22,CNSHA-USLAX,DOC,45.0,USD
2021-12-020,2021-12-24,CNSHA-NLRTM,BAS,2468.98,USD
2021-12-020,2021-12-24,CNSHA-NLRTM,BAF,289.51,USD
2021-12-020,2021-12-24,CNSHA-NLRTM,LSS,132.77,USD
2021-12-020,2021-12-24,CNSHA-NLRTM,THC,225.51,EUR
2021-12-020,2021-12-24,CNSHA-NLRTM,DOC,45.0,USD
2021-12-033,2021-12-24,CNSHA-NLRTM,BAS,2469.96,USD
2021-12-033,2021-12-24,CNSHA-NLRTM,BAF,310.32,USD
2021-12-033,2021-12-24,CNSHA-NLRTM,LSS,139.96,USD
2021-12-033,2021-12-24,CNSHA-NLRTM,THC,221.54,EUR
2021-12-033,2021-12-24,CNSHA-NLRTM,DOC,45.0,USD
2021-12-039,2021-12-24,CNSHA-USLAX,BAS,2002.56,USD
2021-12-039,2021-12-24,CNSHA-USLAX,BAF,287.62,USD
2021-12-039,2021-12-24,CNSHA-USLAX,LSS,125.17,USD
2021-12-039,2021-12-24,CNSHA-USLAX,THC,215.88,EUR
2021-12-039,2021-12-24,CNSHA-USLAX,DOC,45.0,USD
2021-12-041,2021-12-25,CNSHA-NLRTM,BAS,2482.56,USD
2021-12-041,2021-12-25,CNSHA-NLRTM,BAF,297.69,USD
2021-12-041,2021-12-25,CNSHA-NLRTM,LSS,132.4,USD
2021-12-041,2021-12-25,CNSHA-NLRTM,THC,217.06,EUR
2021-12-041,2021-12-25,CNSHA-NLRTM,DOC,45.0,USD
2021-12-009,2021-12-26,CNSHA-NLRTM,BAS,2508.52,USD
2021-12-009,2021-12-26,CNSHA-NLRTM,BAF,306.3,USD
2021-12-009,2021-12-26,CNSHA-NLRTM,LSS,127.11,USD
2021-12-009,2021-12-26,CNSHA-NLRTM,THC,215.65,EUR
2021-12-009,2021-12-26,CNSHA-NLRTM,DOC,45.0,USD
2021-12-029,2021-12-26,CNSHA-NLRTM,BAS,2485.03,USD
2021-12-029,2021-12-26,CNSHA-NLRTM,BAF,302.86,USD
2021-12-029,2021-12-26,CNSHA-NLRTM,LSS,134.29,USD
2021-12-029,2021-12-26,CNSHA-NLRTM,THC,222.16,EUR
2021-12-029,2021-12-26,CNSHA-NLRTM,DOC,45.0,USD
2021-12-038,2021-12-26,CNSHA-USLAX,BAS,1955.42,USD
2021-12-038,2021-12-26,CNSHA-USLAX,BAF,289.46,USD
2021-12-038,2021-12-26,CNSHA-USLAX,LSS,121.42,USD
2021-12-038,2021-12-26,CNSHA-USLAX,THC,214.82,EUR
2021-12-038,2021-12-26,CNSHA-USLAX,DOC,45.0,USD
2022-01-008,2022-01-01,CNSHA-NLRTM,BAS,2476.32,USD
2022-01-008,2022-01-01,CNSHA-NLRTM,BAF,301.9,USD
2022-01-008,2022-01-01,CNSHA-NLRTM,LSS,136.02,USD
2022-01-008,2022-01-01,CNSHA-NLRTM,THC,218.47,EUR
2022-01-008,2022-01-01,CNSHA-NLRTM,DOC,45.0,USD
2022-01-048,2022-01-01,CNSHA-USLAX,BAS,1994.2,USD
2022-01-048,2022-01-01,CNSHA-USLAX,BAF,305.16,USD
2022-01-048,2022-01-01,CNSHA-USLAX,LSS,129.32,USD
2022-01-048,2022-01-01,CNSHA-USLAX,THC,221.16,EUR
2022-01-048,2022-01-01,CNSHA-USLAX,DOC,45.0,USD
2022-01-025,2022-01-02,CNSHA-NLRTM,BAS,2510.96,USD
2022-01-025,2022-01-02,CNSHA-NLRTM,BAF,313.25,USD
2022-01-025,2022-01-02,CNSHA-NLRTM,LSS,126.08,USD
2022-01-025,2022-01-02,CNSHA-NLRTM,THC,220.63,EUR
2022-01-025,2022-01-02,CNSHA-NLRTM,DOC,45.0,USD
2022-01-005,2022-01-04,CNSHA-USLAX,BAS,1990.42,USD
2022-01-005,2022-01-04,CNSHA-USLAX,BAF,282.36,USD
2022-01-005,2022-01-04,CNSHA-USLAX,LSS,131.96,USD
2022-01-005,2022-01-04,CNSHA-USLAX,THC,220.01,EUR
2022-01-005,2022-01-04,CNSHA-USLAX,DOC,45.0,USD
2022-01-014,2022-01-04,CNSHA-USLAX,BAS,1963.42,USD
2022-01-014,2022-01-04,CNSHA-USLAX,BAF,309.46,USD
2022-01-014,2022-01-04,CNSHA-USLAX,LSS,130.57,USD
2022-01-014,2022-01-04,CNSHA-USLAX,THC,219.53,EUR
2022-01-014,2022-01-04,CNSHA-USLAX,DOC,45.0,USD
2022-01-033,2022-01-04,CNSHA-USLAX,BAS,1959.61,USD
2022-01-033,2022-01-04,CNSHA-USLAX,BAF,308.53,USD
2022-01-033,2022-01-04,CNSHA-USLAX,LSS,132.15,USD
2022-01-033,2022-01-04,CNSHA-USLAX,THC,217.23,EUR
2022-01-033,2022-01-04,CNSHA-USLAX,DOC,45.0,USD
2022-01-003,2022-01-05,CNSHA-NLRTM,BAS,2507.82,USD
2022-01-003,2022-01-05,CNSHA-NLRTM,BAF,321.34,USD
2022-01-003,2022-01-05,CNSHA-NLRTM,LSS,127.02,USD
2022-01-003,2022-01-05,CNSHA-NLRTM,THC,228.89,EUR
2022-01-003,2022-01-05,CNSHA-NLRTM,DOC,45.0,USD
2022-01-022,2022-01-05,CNSHA-NLRTM,BAS,2475.51,USD
2022-01-022,2022-01-05,CNSHA-NLRTM,BAF,330.07,USD
2022-01-022,2022-01-05,CNSHA-NLRTM,LSS,131.56,USD
2022-01-022,2022-01-05,CNSHA-NLRTM,THC,228.83,EUR
2022-01-022,2022-01-05,CNSHA-NLRTM,DOC,45.0,USD
2022-01-011,2022-01-06,CNSHA-USLAX,BAS,2010.02,USD
2022-01-011,2022-01-06,CNSHA-USLAX,BAF,300.87,USD
2022-01-011,2022-01-06,CNSHA-USLAX,LSS,132.91,USD
2022-01-011,2022-01-06,CNSHA-USLAX,THC,222.52,EUR
2022-01-011,2022-01-06,CNSHA-USLAX,DOC,45.0,USD
2022-01-024,2022-01-06,CNSHA-USLAX,BAS,1975.63,USD
2022-01-024,2022-01-06,CNSHA-USLAX,BAF,299.7,USD
2022-01-024,2022-01-06,CNSHA-USLAX,LSS,129.9,USD
2022-01-024,2022-01-06,CNSHA-USLAX,THC,224.58,EUR
2022-01-024,2022-01-06,CNSHA-USLAX,DOC,45.0,USD
2022-01-041,2022-01-08,CNSHA-NLRTM,BAS,2486.78,USD
2022-01-041,2022-01-08,CNSHA-NLRTM,BAF,306.4,USD
2022-01-041,2022-01-08,CNSHA-NLRTM,LSS,133.73,USD
2022-01-041,2022-01-08,CNSHA-NLRTM,THC,220.07,EUR
2022-01-041,2022-01-08,CNSHA-NLRTM,DOC,45.0,USD
2022-01-047,2022-01-08,CNSHA-USLAX,BAS,1987.15,USD
2022-01-047,2022-01-08,CNSHA-USLAX,BAF,318.56,USD
2022-01-047,2022-01-08,CNSHA-USLAX,LSS,133.18,USD
2022-01-047,2022-01-08,CNSHA-USLAX,THC,217.19,EUR
2022-01-047,2022-01-08,CNSHA-USLAX,DOC,45.0,USD
2022-01-020,2022-01-09,CNSHA-NLRTM,BAS,2469.65,USD
2022-01-020,2022-01-09,CNSHA-NLRTM,BAF,330.47,USD
2022-01-020,2022-01-09,CNSHA-NLRTM,LSS,125.34,USD
2022-01-020,2022-01-09,CNSHA-NLRTM,THC,214.11,EUR
2022-01-020,2022-01-09,CNSHA-NLRTM,DOC,45.0,USD
2022-01-036,2022-01-10,CNSHA-USLAX,BAS,1964.79,USD
2022-01-036,2022-01-10,CNSHA-USLAX,BAF,281.41,USD
2022-01-036,2022-01-10,CNSHA-USLAX,LSS,131.52,USD
2022-01-036,2022-01-10,CNSHA-USLAX,THC,226.58,EUR
2022-01-036,2022-01-10,CNSHA-USLAX,DOC,45.0,USD
2022-01-037,2022-01-10,CNSHA-USLAX,BAS,1992.63,USD
2022-01-037,2022-01-10,CNSHA-USLAX,BAF,305.41,USD
2022-01-037,2022-01-10,CNSHA-USLAX,LSS,129.47,USD
2022-01-037,2022-01-10,CNSHA-USLAX,THC,223.5,EUR
2022-01-037,2022-01-10,CNSHA-USLAX,DOC,45.0,USD
2022-01-049,2022-01-10,CNSHA-USLAX,BAS,1974.36,USD
2022-01-049,2022-01-10,CNSHA-USLAX,BAF,317.95,USD
2022-01-049,2022-01-10,CNSHA-USLAX,LSS,124.76,USD
2022-01-049,2022-01-10,CNSHA-USLAX,THC,212.6,EUR
2022-01-049,2022-01-10,CNSHA-USLAX,DOC,45.0,USD
2022-01-021,2022-01-11,CNSHA-NLRTM,BAS,2507.72,USD
2022-01-021,2022-01-11,CNSHA-NLRTM,BAF,312.82,USD
2022-01-021,2022-01-11,CNSHA-NLRTM,LSS,126.43,USD
2022-01-021,2022-01-11,CNSHA-NLRTM,THC,226.36,EUR
2022-01-021,2022-01-11,CNSHA-NLRTM,DOC,45.0,USD
2022-01-053,2022-01-11,CNSHA-NLRTM,BAS,2522.12,USD
2022-01-053,2022-01-11,CNSHA-NLRTM,BAF,297.35,USD
2022-01-053,2022-01-11,CNSHA-NLRTM,LSS,122.98,USD
2022-01-053,2022-01-11,CNSHA-NLRTM,THC,218.92,EUR
2022-01-053,2022-01-11,CNSHA-NLRTM,DOC,45.0,USD
2022-01-027,2022-01-12,CNSHA-USLAX,BAS,2007.45,USD
2022-01-027,2022-01-12,CNSHA-USLAX,BAF,296.57,USD
2022-01-027,2022-01-12,CNSHA-USLAX,LSS,136.36,USD
2022-01-027,2022-01-12,CNSHA-USLAX,THC,224.34,EUR
2022-01-027,2022-01-12,CNSHA-USLAX,DOC,45.0,USD
2022-01-030,2022-01-12,CNSHA-NLRTM,BAS,2517.04,USD
2022-01-030,2022-01-12,CNSHA-NLRTM,BAF,299.4,USD
2022-01-030,2022-01-12,CNSHA-NLRTM,LSS,127.89,USD
2022-01-030,2022-01-12,CNSHA-NLRTM,THC,219.98,EUR
2022-01-030,2022-01-12,CNSHA-NLRTM,DOC,45.0,USD
2022-01-013,2022-01-13,CNSHA-NLRTM,BAS,2474.54,USD
2022-01-013,2022-01-13,CNSHA-NLRTM,BAF,322.92,USD
2022-01-013,2022-01-13,CNSHA-NLRTM,LSS,131.38,USD
2022-01-013,2022-01-13,CNSHA-NLRTM,THC,218.99,EUR
2022-01-013,2022-01-13,CNSHA-NLRTM,DOC,45.0,USD
2022-01-026,2022-01-13,CNSHA-NLRTM,BAS,2504.12,USD
2022-01-026,2022-01-13,CNSHA-NLRTM,BAF,294.67,USD
2022-01-026,2022-01-13,CNSHA-NLRTM,LSS,124.9,USD
2022-01-026,2022-01-13,CNSHA-NLRTM,THC,221.42,EUR
2022-01-026,2022-01-13,CNSHA-NLRTM,DOC,45.0,USD
2022-01-040,2022-01-13,CNSHA-NLRTM,BAS,2501.27,USD
2022-01-040,2022-01-13,CNSHA-NLRTM,BAF,286.28,USD
2022-01-040,2022-01-13,CNSHA-NLRTM,LSS,130.12,USD
2022-01-040,2022-01-13,CNSHA-NLRTM,THC,205.58,EUR
2022-01-040,2022-01-13,CNSHA-NLRTM,DOC,45.0,USD
2022-01-045,2022-01-13,CNSHA-USLAX,BAS,1975.4,USD
2022-01-045,2022-01-13,CNSHA-USLAX,BAF,295.48,USD
2022-01-045,2022-01-13,CNSHA-USLAX,LSS,126.51,USD
2022-01-045,2022-01-13,CNSHA-USLAX,THC,217.36,EUR
2022-01-045,2022-01-13,CNSHA-USLAX,DOC,45.0,USD
2022-01-002,2022-01-14,CNSHA-NLRTM,BAS,2492.65,USD
2022-01-002,2022-01-14,CNSHA-NLRTM,BAF,299.61,USD
2022-01-002,2022-01-14,CNSHA-NLRTM,LSS,127.73,USD
2022-01-002,2022-01-14,CNSHA-NLRTM,THC,214.86,EUR
2022-01-002,2022-01-14,CNSHA-NLRTM,DOC,45.0,USD
2022-01-042,2022-01-14,CNSHA-USLAX,BAS,1997.54,USD
2022-01-042,2022-01-14,CNSHA-USLAX,BAF,318.71,USD
2022-01-042,2022-01-14,CNSHA-USLAX,LSS,128.31,USD
2022-01-042,2022-01-14,CNSHA-USLAX,THC,206.78,EUR
2022-01-042,2022-01-14,CNSHA-USLAX,DOC,45.0,USD
2022-01-004,2022-01-15,CNSHA-USLAX,BAS,2007.35,USD
2022-01-004,2022-01-15,CNSHA-USLAX,BAF,286.37,USD
2022-01-004,2022-01-15,CNSHA-USLAX,LSS,139.32,USD
2022-01-004,2022-01-15,CNSHA-USLAX,THC,224.21,EUR
2022-01-004,2022-01-15,CNSHA-USLAX,DOC,45.0,USD
2022-01-010,2022-01-15,CNSHA-USLAX,BAS,1989.07,USD
2022-01-010,2022-01-15,CNSHA-USLAX,BAF,285.41,USD
2022-01-010,2022-01-15,CNSHA-USLAX,LSS,129.58,USD
2022-01-010,2022-01-15,CNSHA-USLAX,THC,215.77,EUR
2022-01-010,2022-01-15,CNSHA-USLAX,DOC,45.0,USD
2022-01-015,2022-01-15,CNSHA-USLAX,BAS,1996.53,USD
2022-01-015,2022-01-15,CNSHA-USLAX,BAF,278.96,USD
2022-01-015,2022-01-15,CNSHA-USLAX,LSS,125.94,USD
2022-01-015,2022-01-15,CNSHA-USLAX,THC,224.76,EUR
2022-01-015,2022-01-15,CNSHA-USLAX,DOC,45.0,USD
2022-01-018,2022-01-15,CNSHA-NLRTM,BAS,2455.49,USD
2022-01-018,2022-01-15,CNSHA-NLRTM,BAF,277.08,USD
2022-01-018,2022-01-15,CNSHA-NLRTM,LSS,133.91,USD
2022-01-018,2022-01-15,CNSHA-NLRTM,THC,222.72,EUR
2022-01-018,2022-01-15,CNSHA-NLRTM,DOC,45.0,USD
2022-01-029,2022-01-15,CNSHA-USLAX,BAS,1980.07,USD
2022-01-029,2022-01-15,CNSHA-USLAX,BAF,315.29,USD
2022-01-029,2022-01-15,CNSHA-USLAX,LSS,130.76,USD
2022-01-029,2022-01-15,CNSHA-USLAX,THC,212.98,EUR
2022-01-029,2022-01-15,CNSHA-USLAX,DOC,45.0,USD
2022-01-032,2022-01-15,CNSHA-NLRTM,BAS,2525.59,USD
2022-01-032,2022-01-15,CNSHA-NLRTM,BAF,329.72,USD
2022-01-032,2022-01-15,CNSHA-NLRTM,LSS,127.9,USD
2022-01-032,2022-01-15,CNSHA-NLRTM,THC,218.11,EUR
2022-01-032,2022-01-15,CNSHA-NLRTM,DOC,45.0,USD
2022-01-039,2022-01-15,CNSHA-USLAX,BAS,2018.78,USD
2022-01-039,2022-01-15,CNSHA-USLAX,BAF,293.03,USD
2022-01-039,2022-01-15,CNSHA-USLAX,LSS,136.55,USD
2022-01-039,2022-01-15,CNSHA-USLAX,THC,220.51,EUR
2022-01-039,2022-01-15,CNSHA-USLAX,DOC,45.0,USD
2022-01-050,2022-01-15,CNSHA-NLRTM,BAS,2508.77,USD
2022-01-050,2022-01-15,CNSHA-NLRTM,BAF,294.78,USD
2022-01-050,2022-01-15,CNSHA-NLRTM,LSS,130.57,USD
2022-01-050,2022-01-15,CNSHA-NLRTM,THC,226.18,EUR
2022-01-050,2022-01-15,CNSHA-NLRTM,DOC,45.0,USD
2022-01-017,2022-01-16,CNSHA-USLAX,BAS,1972.72,USD
2022-01-017,2022-01-16,CNSHA-USLAX,BAF,309.59,USD
2022-01-017,2022-01-16,CNSHA-USLAX,LSS,129.04,USD
2022-01-017,2022-01-16,CNSHA-USLAX,THC,216.99,EUR
2022-01-017,2022-01-16,CNSHA-USLAX,DOC,45.0,USD
2022-01-052,2022-01-16,CNSHA-USLAX,BAS,1976.0,USD
2022-01-052,2022-01-16,CNSHA-USLAX,BAF,336.39,USD
2022-01-052,2022-01-16,CNSHA-USLAX,LSS,125.04,USD
2022-01-052,2022-01-16,CNSHA-USLAX,THC,216.06,EUR
2022-01-052,2022-01-16,CNSHA-USLAX,DOC,45.0,USD
2022-01-054,2022-01-17,CNSHA-USLAX,BAS,1979.46,USD
2022-01-054,2022-01-17,CNSHA-USLAX,BAF,316.02,USD
2022-01-054,2022-01-17,CNSHA-USLAX,LSS,128.34,USD
2022-01-054,2022-01-17,CNSHA-USLAX,THC,218.52,EUR
2022-01-054,2022-01-17,CNSHA-USLAX,DOC,45.0,USD
2022-01-006,2022-01-19,CNSHA-USLAX,BAS,1924.48,USD
2022-01-006,2022-01-19,CNSHA-USLAX,BAF,305.48,USD
2022-01-006,2022-01-19,CNSHA-USLAX,LSS,128.72,USD
2022-01-006,2022-01-19,CNSHA-USLAX,THC,224.87,EUR
2022-01-006,2022-01-19,CNSHA-USLAX,DOC,45.0,USD
2022-01-019,2022-01-19,CNSHA-NLRTM,BAS,2490.47,USD
2022-01-019,2022-01-19,CNSHA-NLRTM,BAF,313.78,USD
2022-01-019,2022-01-19,CNSHA-NLRTM,LSS,128.12,USD
2022-01-019,2022-01-19,CNSHA-NLRTM,THC,216.63,EUR
2022-01-019,2022-01-19,CNSHA-NLRTM,DOC,45.0,USD
2022-01-012,2022-01-20,CNSHA-USLAX,BAS,1975.46,USD
2022-01-012,2022-01-20,CNSHA-USLAX,BAF,296.11,USD
2022-01-012,2022-01-20,CNSHA-USLAX,LSS,126.64,USD
2022-01-012,2022-01-20,CNSHA-USLAX,THC,226.98,EUR
2022-01-012,2022-01-20,CNSHA-USLAX,DOC,45.0,USD
2022-01-016,2022-01-21,CNSHA-USLAX,BAS,2017.95,USD
2022-01-016,2022-01-21,CNSHA-USLAX,BAF,330.18,USD
2022-01-016,2022-01-21,CNSHA-USLAX,LSS,133.85,USD
2022-01-016,2022-01-21,CNSHA-USLAX,THC,220.69,EUR
2022-01-016,2022-01-21,CNSHA-USLAX,DOC,45.0,USD
2022-01-043,2022-01-21,CNSHA-USLAX,BAS,1984.07,USD
2022-01-043,2022-01-21,CNSHA-USLAX,BAF,315.91,USD
2022-01-043,2022-01-21,CNSHA-USLAX,LSS,126.91,USD
2022-01-043,2022-01-21,CNSHA-USLAX,THC,206.19,EUR
2022-01-043,2022-01-21,CNSHA-USLAX,DOC,45.0,USD
2022-01-044,2022-01-21,CNSHA-NLRTM,BAS,2519.17,USD
2022-01-044,2022-01-21,CNSHA-NLRTM,BAF,301.14,USD
2022-01-044,2022-01-21,CNSHA-NLRTM,LSS,127.81,USD
2022-01-044,2022-01-21,CNSHA-NLRTM,THC,208.07,EUR
2022-01-044,2022-01-21,CNSHA-NLRTM,DOC,45.0,USD
2022-01-000,2022-01-22,CNSHA-USLAX,BAS,1989.7,USD
2022-01-000,2022-01-22,CNSHA-USLAX,BAF,313.74,USD
2022-01-000,2022-01-22,CNSHA-USLAX,LSS,132.82,USD
2022-01-000,2022-01-22,CNSHA-USLAX,THC,233.34,EUR
2022-01-000,2022-01-22,CNSHA-USLAX,DOC,45.0,USD
2022-01-001,2022-01-22,CNSHA-USLAX,BAS,2019.89,USD
2022-01-001,2022-01-22,CNSHA-USLAX,BAF,317.79,USD
2022-01-001,2022-01-22,CNSHA-USLAX,LSS,130.05,USD
2022-01-001,2022-01-22,CNSHA-USLAX,THC,211.23,EUR
2022-01-001,2022-01-22,CNSHA-USLAX,DOC,45.0,USD
2022-01-034,2022-01-22,CNSHA-USLAX,BAS,2004.58,USD
2022-01-034,2022-01-22,CNSHA-USLAX,BAF,292.48,USD
2022-01-034,2022-01-22,CNSHA-USLAX,LSS,128.18,USD
2022-01-034,2022-01-22,CNSHA-USLAX,THC,229.41,EUR
2022-01-034,2022-01-22,CNSHA-USLAX,DOC,45.0,USD
2022-01-035,2022-01-22,CNSHA-USLAX,BAS,2032.08,USD
2022-01-035,2022-01-22,CNSHA-USLAX,BAF,317.8,USD
2022-01-035,2022-01-22,CNSHA-USLAX,LSS,134.53,USD
2022-01-035,2022-01-22,CNSHA-USLAX,THC,224.28,EUR
2022-01-035,2022-01-22,CNSHA-USLAX,DOC,45.0,USD
2022-01-051,2022-01-22,CNSHA-USLAX,BAS,2001.35,USD
2022-01-051,2022-01-22,CNSHA-USLAX,BAF,298.87,USD
2022-01-051,2022-01-22,CNSHA-USLAX,LSS,124.21,USD
2022-01-051,2022-01-22,CNSHA-USLAX,THC,203.57,EUR
2022-01-051,2022-01-22,CNSHA-USLAX,DOC,45.0,USD
2022-01-038,2022-01-23,CNSHA-NLRTM,BAS,2509.09,USD
2022-01-038,2022-01-23,CNSHA-NLRTM,BAF,324.21,USD
2022-01-038,2022-01-23,CNSHA-NLRTM,LSS,134.68,USD
2022-01-038,2022-01-23,CNSHA-NLRTM,THC,227.7,EUR
2022-01-038,2022-01-23,CNSHA-NLRTM,DOC,45.0,USD
2022-01-046,2022-01-23,CNSHA-USLAX,BAS,2011.14,USD
2022-01-046,2022-01-23,CNSHA-USLAX,BAF,316.35,USD
2022-01-046,2022-01-23,CNSHA-USLAX,LSS,131.42,USD
2022-01-046,2022-01-23,CNSHA-USLAX,THC,228.53,EUR
2022-01-046,2022-01-23,CNSHA-USLAX,DOC,45.0,USD
2022-01-028,2022-01-25,CNSHA-USLAX,BAS,1985.1,USD
2022-01-028,2022-01-25,CNSHA-USLAX,BAF,304.74,USD
2022-01-028,2022-01-25,CNSHA-USLAX,LSS,126.58,USD
2022-01-028,2022-01-25,CNSHA-USLAX,THC,208.12,EUR
2022-01-028,2022-01-25,CNSHA-USLAX,DOC,45.0,USD
2022-01-007,2022-01-27,CNSHA-USLAX,BAS,1976.99,USD
2022-01-007,2022-01-27,CNSHA-USLAX,BAF,300.89,USD
2022-01-007,2022-01-27,CNSHA-USLAX,LSS,127.16,USD
2022-01-007,2022-01-27,CNSHA-USLAX,THC,223.75,EUR
2022-01-007,2022-01-27,CNSHA-USLAX,DOC,45.0,USD
2022-01-009,2022-01-27,CNSHA-USLAX,BAS,1986.65,USD
2022-01-009,2022-01-27,CNSHA-USLAX,BAF,318.83,USD
2022-01-009,2022-01-27,CNSHA-USLAX,LSS,130.06,USD
2022-01-009,2022-01-27,CNSHA-USLAX,THC,222.79,EUR
2022-01-009,2022-01-27,CNSHA-USLAX,DOC,45.0,USD
2022-01-023,2022-01-27,CNSHA-USLAX,BAS,1970.46,USD
2022-01-023,2022-01-27,CNSHA-USLAX,BAF,285.73,USD
2022-01-023,2022-01-27,CNSHA-USLAX,LSS,130.99,USD
2022-01-023,2022-01-27,CNSHA-USLAX,THC,227.83,EUR
2022-01-023,2022-01-27,CNSHA-USLAX,DOC,45.0,USD
2022-01-031,2022-01-28,CNSHA-USLAX,BAS,1989.63,USD
2022-01-031,2022-01-28,CNSHA-USLAX,BAF,286.75,USD
2022-01-031,2022-01-28,CNSHA-USLAX,LSS,133.78,USD
2022-01-031,2022-01-28,CNSHA-USLAX,THC,215.63,EUR
2022-01-031,2022-01-28,CNSHA-USLAX,DOC,45.0,USD
2022-02-006,2022-02-01,CNSHA-NLRTM,BAS,2491.82,USD
2022-02-006,2022-02-01,CNSHA-NLRTM,BAF,328.42,USD
2022-02-006,2022-02-01,CNSHA-NLRTM,LSS,132.27,USD
2022-02-006,2022-02-01,CNSHA-NLRTM,THC,213.33,EUR
2022-02-006,2022-02-01,CNSHA-NLRTM,DOC,45.0,USD
2022-02-031,2022-02-01,CNSHA-USLAX,BAS,1976.57,USD
2022-02-031,2022-02-01,CNSHA-USLAX,BAF,316.97,USD
2022-02-031,2022-02-01,CNSHA-USLAX,LSS,132.74,USD
2022-02-031,2022-02-01,CNSHA-USLAX,THC,207.46,EUR
2022-02-031,2022-02-01,CNSHA-USLAX,DOC,45.0,USD
2022-02-033,2022-02-01,CNSHA-USLAX,BAS,1989.22,USD
2022-02-033,2022-02-01,CNSHA-USLAX,BAF,305.96,USD
2022-02-033,2022-02-01,CNSHA-USLAX,LSS,128.09,USD
2022-02-033,2022-02-01,CNSHA-USLAX,THC,217.83,EUR
2022-02-033,2022-02-01,CNSHA-USLAX,DOC,45.0,USD
2022-02-038,2022-02-01,CNSHA-USLAX,BAS,1965.08,USD
2022-02-038,2022-02-01,CNSHA-USLAX,BAF,303.3,USD
2022-02-038,2022-02-01,CNSHA-USLAX,LSS,132.88,USD
2022-02-038,2022-02-01,CNSHA-USLAX,THC,222.11,EUR
2022-02-038,2022-02-01,CNSHA-USLAX,DOC,45.0,USD
2022-02-045,2022-02-01,CNSHA-USLAX,BAS,1948.19,USD
2022-02-045,2022-02-01,CNSHA-USLAX,BAF,327.53,USD
2022-02-045,2022-02-01,CNSHA-USLAX,LSS,127.61,USD
2022-02-045,2022-02-01,CNSHA-USLAX,THC,219.17,EUR
2022-02-045,2022-02-01,CNSHA-USLAX,DOC,45.0,USD
2022-02-051,2022-02-01,CNSHA-NLRTM,BAS,2478.86,USD
2022-02-051,2022-02-01,CNSHA-NLRTM,BAF,341.07,USD
2022-02-051,2022-02-01,CNSHA-NLRTM,LSS,132.14,USD
2022-02-051,2022-02-01,CNSHA-NLRTM,THC,209.29,EUR
2022-02-051,2022-02-01,CNSHA-NLRTM,DOC,45.0,USD
2022-02-022,2022-02-02,CNSHA-USLAX,BAS,1974.73,USD
2022-02-022,2022-02-02,CNSHA-USLAX,BAF,328.15,USD
2022-02-022,2022-02-02,CNSHA-USLAX,LSS,126.29,USD
2022-02-022,2022-02-02,CNSHA-USLAX,THC,237.29,EUR
2022-02-022,2022-02-02,CNSHA-USLAX,DOC,45.0,USD
2022-02-040,2022-02-03,CNSHA-USLAX,BAS,1979.51,USD
2022-02-040,2022-02-03,CNSHA-USLAX,BAF,293.14,USD
2022-02-040,2022-02-03,CNSHA-USLAX,LSS,132.76,USD
2022-02-040,2022-02-03,CNSHA-USLAX,THC,210.05,EUR
2022-02-040,2022-02-03,CNSHA-USLAX,DOC,45.0,USD
2022-02-049,2022-02-03,CNSHA-NLRTM,BAS,2530.8,USD
2022-02-049,2022-02-03,CNSHA-NLRTM,BAF,311.43,USD
2022-02-049,2022-02-03,CNSHA-NLRTM,LSS,130.54,USD
2022-02-049,2022-02-03,CNSHA-NLRTM,THC,227.58,EUR
2022-02-049,2022-02-03,CNSHA-NLRTM,DOC,45.0,USD
2022-02-007,2022-02-04,CNSHA-USLAX,BAS,1981.22,USD
2022-02-007,2022-02-04,CNSHA-USLAX,BAF,302.02,USD
2022-02-007,2022-02-04,CNSHA-USLAX,LSS,132.17,USD
2022-02-007,2022-02-04,CNSHA-USLAX,THC,222.64,EUR
2022-02-007,2022-02-04,CNSHA-USLAX,DOC,45.0,USD
2022-02-010,2022-02-04,CNSHA-USLAX,BAS,1950.16,USD
2022-02-010,2022-02-04,CNSHA-USLAX,BAF,303.53,USD
2022-02-010,2022-02-04,CNSHA-USLAX,LSS,130.2,USD
2022-02-010,2022-02-04,CNSHA-USLAX,THC,218.59,EUR
2022-02-010,2022-02-04,CNSHA-USLAX,DOC,45.0,USD
2022-02-020,2022-02-04,CNSHA-USLAX,BAS,1990.73,USD
2022-02-020,2022-02-04,CNSHA-USLAX,BAF,295.83,USD
2022-02-020,2022-02-04,CNSHA-USLAX,LSS,130.74,USD
2022-02-020,2022-02-04,CNSHA-USLAX,THC,219.41,EUR
2022-02-020,2022-02-04,CNSHA-USLAX,DOC,45.0,USD
2022-02-025,2022-02-04,CNSHA-USLAX,BAS,1973.46,USD
2022-02-025,2022-02-04,CNSHA-USLAX,BAF,297.5,USD
2022-02-025,2022-02-04,CNSHA-USLAX,LSS,129.32,USD
2022-02-025,2022-02-04,CNSHA-USLAX,THC,228.42,EUR
2022-02-025,2022-02-04,CNSHA-USLAX,DOC,45.0,USD
2022-02-047,2022-02-04,CNSHA-USLAX,BAS,2006.2,USD
2022-02-047,2022-02-04,CNSHA-USLAX,BAF,278.17,USD
2022-02-047,2022-02-04,CNSHA-USLAX,LSS,128.12,USD
2022-02-047,2022-02-04,CNSHA-USLAX,THC,214.94,EUR
2022-02-047,2022-02-04,CNSHA-USLAX,DOC,45.0,USD
2022-02-052,2022-02-04,CNSHA-USLAX,BAS,1996.78,USD
2022-02-052,2022-02-04,CNSHA-USLAX,BAF,336.63,USD
2022-02-052,2022-02-04,CNSHA-USLAX,LSS,126.02,USD
2022-02-052,2022-02-04,CNSHA-USLAX,THC,209.69,EUR
2022-02-052,2022-02-04,CNSHA-USLAX,DOC,45.0,USD
2022-02-027,2022-02-05,CNSHA-USLAX,BAS,1975.86,USD
2022-02-027,2022-02-05,CNSHA-USLAX,BAF,319.17,USD
2022-02-027,2022-02-05,CNSHA-USLAX,LSS,127.15,USD
2022-02-027,2022-02-05,CNSHA-USLAX,THC,218.56,EUR
2022-02-027,2022-02-05,CNSHA-USLAX,DOC,45.0,USD
2022-02-062,2022-02-05,CNSHA-USLAX,BAS,1977.2,USD
2022-02-062,2022-02-05,CNSHA-USLAX,BAF,313.57,USD
2022-02-062,2022-02-05,CNSHA-USLAX,LSS,132.13,USD
2022-02-062,2022-02-05,CNSHA-USLAX,THC,229.87,EUR
2022-02-062,2022-02-05,CNSHA-USLAX,DOC,45.0,USD
2022-02-000,2022-02-06,CNSHA-NLRTM,BAS,2479.3,USD
2022-02-000,2022-02-06,CNSHA-NLRTM,BAF,279.72,USD
2022-02-000,2022-02-06,CNSHA-NLRTM,LSS,125.6,USD
2022-02-000,2022-02-06,CNSHA-NLRTM,THC,215.93,EUR
2022-02-000,2022-02-06,CNSHA-NLRTM,DOC,45.0,USD
2022-02-001,2022-02-07,CNSHA-USLAX,BAS,1975.99,USD
2022-02-001,2022-02-07,CNSHA-USLAX,BAF,314.05,USD
2022-02-001,2022-02-07,CNSHA-USLAX,LSS,130.79,USD
2022-02-001,2022-02-07,CNSHA-USLAX,THC,217.52,EUR
2022-02-001,2022-02-07,CNSHA-USLAX,DOC,45.0,USD
2022-02-055,2022-02-07,CNSHA-USLAX,BAS,1965.67,USD
2022-02-055,2022-02-07,CNSHA-USLAX,BAF,321.77,USD
2022-02-055,2022-02-07,CNSHA-USLAX,LSS,128.35,USD
2022-02-055,2022-02-07,CNSHA-USLAX,THC,222.03,EUR
2022-02-055,2022-02-07,CNSHA-USLAX,DOC,45.0,USD
2022-02-058,2022-02-07,CNSHA-NLRTM,BAS,2483.83,USD
2022-02-058,2022-02-07,CNSHA-NLRTM,BAF,275.73,USD
2022-02-058,2022-02-07,CNSHA-NLRTM,LSS,126.88,USD
2022-02-058,2022-02-07,CNSHA-NLRTM,THC,218.67,EUR
2022-02-058,2022-02-07,CNSHA-NLRTM,DOC,45.0,USD
2022-02-011,2022-02-09,CNSHA-NLRTM,BAS,2524.07,USD
2022-02-011,2022-02-09,CNSHA-NLRTM,BAF,311.85,USD
2022-02-011,2022-02-09,CNSHA-NLRTM,LSS,131.59,USD
2022-02-011,2022-02-09,CNSHA-NLRTM,THC,222.37,EUR
2022-02-011,2022-02-09,CNSHA-NLRTM,DOC,45.0,USD
2022-02-017,2022-02-09,CNSHA-USLAX,BAS,2006.89,USD
2022-02-017,2022-02-09,CNSHA-USLAX,BAF,330.19,USD
2022-02-017,2022-02-09,CNSHA-USLAX,LSS,126.2,USD
2022-02-017,2022-02-09,CNSHA-USLAX,THC,222.48,EUR
2022-02-017,2022-02-09,CNSHA-USLAX,DOC,45.0,USD
2022-02-026,2022-02-09,CNSHA-NLRTM,BAS,2478.43,USD
2022-02-026,2022-02-09,CNSHA-NLRTM,BAF,307.05,USD
2022-02-026,2022-02-09,CNSHA-NLRTM,LSS,134.12,USD
2022-02-026,2022-02-09,CNSHA-NLRTM,THC,226.83,EUR
2022-02-026,2022-02-09,CNSHA-NLRTM,DOC,45.0,USD
2022-02-028,2022-02-09,CNSHA-USLAX,BAS,1990.1,USD
2022-02-028,2022-02-09,CNSHA-USLAX,BAF,311.33,USD
2022-02-028,2022-02-09,CNSHA-USLAX,LSS,133.62,USD
2022-02-028,2022-02-09,CNSHA-USLAX,THC,221.78,EUR
2022-02-028,2022-02-09,CNSHA-USLAX,DOC,45.0,USD
2022-02-035,2022-02-09,CNSHA-USLAX,BAS,2014.32,USD
2022-02-035,2022-02-09,CNSHA-USLAX,BAF,290.06,USD
2022-02-035,2022-02-09,CNSHA-USLAX,LSS,122.47,USD
2022-02-035,2022-02-09,CNSHA-USLAX,THC,225.41,EUR
2022-02-035,2022-02-09,CNSHA-USLAX,DOC,45.0,USD
2022-02-043,2022-02-10,CNSHA-USLAX,BAS,2032.59,USD
2022-02-043,2022-02-10,CNSHA-USLAX,BAF,315.98,USD
2022-02-043,2022-02-10,CNSHA-USLAX,LSS,139.6,USD
2022-02-043,2022-02-10,CNSHA-USLAX,THC,227.93,EUR
2022-02-043,2022-02-10,CNSHA-USLAX,DOC,45.0,USD
2022-02-037,2022-02-11,CNSHA-USLAX,BAS,2009.32,USD
2022-02-037,2022-02-11,CNSHA-USLAX,BAF,350.84,USD
2022-02-037,2022-02-11,CNSHA-USLAX,LSS,140.22,USD
2022-02-037,2022-02-11,CNSHA-USLAX,THC,220.5,EUR
2022-02-037,2022-02-11,CNSHA-USLAX,DOC,45.0,USD
2022-02-046,2022-02-11,CNSHA-USLAX,BAS,1960.86,USD
2022-02-046,2022-02-11,CNSHA-USLAX,BAF,310.74,USD
2022-02-046,2022-02-11,CNSHA-USLAX,LSS,131.86,USD
2022-02-046,2022-02-11,CNSHA-USLAX,THC,210.55,EUR
2022-02-046,2022-02-11,CNSHA-USLAX,DOC,45.0,USD
2022-02-050,2022-02-11,CNSHA-NLRTM,BAS,2469.63,USD
2022-02-050,2022-02-11,CNSHA-NLRTM,BAF,310.69,USD
2022-02-050,2022-02-11,CNSHA-NLRTM,LSS,131.36,USD
2022-02-050,2022-02-11,CNSHA-NLRTM,THC,219.21,EUR
2022-02-050,2022-02-11,CNSHA-NLRTM,DOC,45.0,USD
2022-02-061,2022-02-11,CNSHA-USLAX,BAS,1973.25,USD
2022-02-061,2022-02-11,CNSHA-USLAX,BAF,297.28,USD
2022-02-061,2022-02-11,CNSHA-USLAX,LSS,129.21,USD
2022-02-061,2022-02-11,CNSHA-USLAX,THC,225.1,EUR
2022-02-061,2022-02-11,CNSHA-USLAX,DOC,45.0,USD
2022-02-015,2022-02-12,CNSHA-NLRTM,BAS,2506.3,USD
2022-02-015,2022-02-12,CNSHA-NLRTM,BAF,327.86,USD
2022-02-015,2022-02-12,CNSHA-NLRTM,LSS,131.03,USD
2022-02-015,2022-02-12,CNSHA-NLRTM,THC,218.99,EUR
2022-02-015,2022-02-12,CNSHA-NLRTM,DOC,45.0,USD
2022-02-016,2022-02-12,CNSHA-NLRTM,BAS,2521.07,USD
2022-02-016,2022-02-12,CNSHA-NLRTM,BAF,307.62,USD
2022-02-016,2022-02-12,CNSHA-NLRTM,LSS,130.35,USD
2022-02-016,2022-02-12,CNSHA-NLRTM,THC,218.13,EUR
2022-02-016,2022-02-12,CNSHA-NLRTM,DOC,45.0,USD
2022-02-005,2022-02-13,CNSHA-NLRTM,BAS,2479.97,USD
2022-02-005,2022-02-13,CNSHA-NLRTM,BAF,295.34,USD
2022-02-005,2022-02-13,CNSHA-NLRTM,LSS,136.97,USD
2022-02-005,2022-02-13,CNSHA-NLRTM,THC,212.84,EUR
2022-02-005,2022-02-13,CNSHA-NLRTM,DOC,45.0,USD
2022-02-023,2022-02-13,CNSHA-USLAX,BAS,1995.45,USD
2022-02-023,2022-02-13,CNSHA-USLAX,BAF,319.17,USD
2022-02-023,2022-02-13,CNSHA-USLAX,LSS,127.7,USD
2022-02-023,2022-02-13,CNSHA-USLAX,THC,220.04,EUR
2022-02-023,2022-02-13,CNSHA-USLAX,DOC,45.0,USD
2022-02-039,2022-02-14,CNSHA-NLRTM,BAS,2495.46,USD
2022-02-039,2022-02-14,CNSHA-NLRTM,BAF,292.87,USD
2022-02-039,2022-02-14,CNSHA-NLRTM,LSS,128.62,USD
2022-02-039,2022-02-14,CNSHA-NLRTM,THC,227.68,EUR
2022-02-039,2022-02-14,CNSHA-NLRTM,DOC,45.0,USD
2022-02-014,2022-02-15,CNSHA-NLRTM,BAS,2475.99,USD
2022-02-014,2022-02-15,CNSHA-NLRTM,BAF,311.16,USD
2022-02-014,2022-02-15,CNSHA-NLRTM,LSS,128.54,USD
2022-02-014,2022-02-15,CNSHA-NLRTM,THC,214.43,EUR
2022-02-014,2022-02-15,CNSHA-NLRTM,DOC,45.0,USD
2022-02-048,2022-02-15,CNSHA-USLAX,BAS,1987.92,USD
2022-02-048,2022-02-15,CNSHA-USLAX,BAF,289.36,USD
2022-02-048,2022-02-15,CNSHA-USLAX,LSS,130.79,USD
2022-02-048,2022-02-15,CNSHA-USLAX,THC,211.39,EUR
2022-02-048,2022-02-15,CNSHA-USLAX,DOC,45.0,USD
2022-02-003,2022-02-16,CNSHA-USLAX,BAS,1998.11,USD
2022-02-003,2022-02-16,CNSHA-USLAX,BAF,333.82,USD
2022-02-003,2022-02-16,CNSHA-USLAX,LSS,132.61,USD
2022-02-003,2022-02-16,CNSHA-USLAX,THC,222.08,EUR
2022-02-003,2022-02-16,CNSHA-USLAX,DOC,45.0,USD
2022-02-021,2022-02-16,CNSHA-NLRTM,BAS,2542.41,USD
2022-02-021,2022-02-16,CNSHA-NLRTM,BAF,308.5,USD
2022-02-021,2022-02-16,CNSHA-NLRTM,LSS,130.07,USD
2022-02-021,2022-02-16,CNSHA-NLRTM,THC,226.32,EUR
2022-02-021,2022-02-16,CNSHA-NLRTM,DOC,45.0,USD
2022-02-024,2022-02-16,CNSHA-USLAX,BAS,1983.44,USD
2022-02-024,2022-02-16,CNSHA-USLAX,BAF,333.93,USD
2022-02-024,2022-02-16,CNSHA-USLAX,LSS,130.95,USD
2022-02-024,2022-02-16,CNSHA-USLAX,THC,220.44,EUR
2022-02-024,2022-02-16,CNSHA-USLAX,DOC,45.0,USD
2022-02-032,2022-02-16,CNSHA-USLAX,BAS,1981.05,USD
2022-02-032,2022-02-16,CNSHA-USLAX,BAF,281.06,USD
2022-02-032,2022-02-16,CNSHA-USLAX,LSS,126.03,USD
2022-02-032,2022-02-16,CNSHA-USLAX,THC,227.62,EUR
2022-02-032,2022-02-16,CNSHA-USLAX,DOC,45.0,USD
2022-02-009,2022-02-17,CNSHA-NLRTM,BAS,2513.01,USD
2022-02-009,2022-02-17,CNSHA-NLRTM,BAF,307.5,USD
2022-02-009,2022-02-17,CNSHA-NLRTM,LSS,131.68,USD
2022-02-009,2022-02-17,CNSHA-NLRTM,THC,215.05,EUR
2022-02-009,2022-02-17,CNSHA-NLRTM,DOC,45.0,USD
2022-02-012,2022-02-17,CNSHA-NLRTM,BAS,2533.08,USD
2022-02-012,2022-02-17,CNSHA-NLRTM,BAF,327.49,USD
2022-02-012,2022-02-17,CNSHA-NLRTM,LSS,127.52,USD
2022-02-012,2022-02-17,CNSHA-NLRTM,THC,221.5,EUR
2022-02-012,2022-02-17,CNSHA-NLRTM,DOC,45.0,USD
2022-02-013,2022-02-17,CNSHA-USLAX,BAS,1989.32,USD
2022-02-013,2022-02-17,CNSHA-USLAX,BAF,267.9,USD
2022-02-013,2022-02-17,CNSHA-USLAX,LSS,136.82,USD
2022-02-013,2022-02-17,CNSHA-USLAX,THC,222.68,EUR
2022-02-013,2022-02-17,CNSHA-USLAX,DOC,45.0,USD
2022-02-036,2022-02-18,CNSHA-USLAX,BAS,2002.81,USD
2022-02-036,2022-02-18,CNSHA-USLAX,BAF,328.75,USD
2022-02-036,2022-02-18,CNSHA-USLAX,LSS,131.38,USD
2022-02-036,2022-02-18,CNSHA-USLAX,THC,221.12,EUR
2022-02-036,2022-02-18,CNSHA-USLAX,DOC,45.0,USD
2022-02-044,2022-02-18,CNSHA-USLAX,BAS,1996.89,USD
2022-02-044,2022-02-18,CNSHA-USLAX,BAF,347.85,USD
2022-02-044,2022-02-18,CNSHA-USLAX,LSS,127.96,USD
2022-02-044,2022-02-18,CNSHA-USLAX,THC,212.63,EUR
2022-02-044,2022-02-18,CNSHA-USLAX,DOC,45.0,USD
2022-02-060,2022-02-18,CNSHA-USLAX,BAS,1982.58,USD
2022-02-060,2022-02-18,CNSHA-USLAX,BAF,313.27,USD
2022-02-060,2022-02-18,CNSHA-USLAX,LSS,135.74,USD
2022-02-060,2022-02-18,CNSHA-USLAX,THC,209.52,EUR
2022-02-060,2022-02-18,CNSHA-USLAX,DOC,45.0,USD
2022-02-002,2022-02-19,CNSHA-USLAX,BAS,1966.98,USD
2022-02-002,2022-02-19,CNSHA-USLAX,BAF,325.58,USD
2022-02-002,2022-02-19,CNSHA-USLAX,LSS,130.22,USD
2022-02-002,2022-02-19,CNSHA-USLAX,THC,200.96,EUR
2022-02-002,2022-02-19,CNSHA-USLAX,DOC,45.0,USD
2022-02-041,2022-02-19,CNSHA-NLRTM,BAS,2515.47,USD
2022-02-041,2022-02-19,CNSHA-NLRTM,BAF,297.1,USD
2022-02-041,2022-02-19,CNSHA-NLRTM,LSS,131.11,USD
2022-02-041,2022-02-19,CNSHA-NLRTM,THC,206.95,EUR
2022-02-041,2022-02-19,CNSHA-NLRTM,DOC,45.0,USD
2022-02-056,2022-02-19,CNSHA-NLRTM,BAS,2443.42,USD
2022-02-056,2022-02-19,CNSHA-NLRTM,BAF,298.88,USD
2022-02-056,2022-02-19,CNSHA-NLRTM,LSS,132.14,USD
2022-02-056,2022-02-19,CNSHA-NLRTM,THC,230.13,EUR
2022-02-056,2022-02-19,CNSHA-NLRTM,DOC,45.0,USD
2022-02-018,2022-02-21,CNSHA-USLAX,BAS,1985.56,USD
2022-02-018,2022-02-21,CNSHA-USLAX,BAF,281.61,USD
2022-02-018,2022-02-21,CNSHA-USLAX,LSS,141.74,USD
2022-02-018,2022-02-21,CNSHA-USLAX,THC,221.63,EUR
2022-02-018,2022-02-21,CNSHA-USLAX,DOC,45.0,USD
2022-02-034,2022-02-21,CNSHA-NLRTM,BAS,2512.65,USD
2022-02-034,2022-02-21,CNSHA-NLRTM,BAF,307.59,USD
2022-02-034,2022-02-21,CNSHA-NLRTM,LSS,131.57,USD
2022-02-034,2022-02-21,CNSHA-NLRTM,THC,230.24,EUR
2022-02-034,2022-02-21,CNSHA-NLRTM,DOC,45.0,USD
2022-02-029,2022-02-23,CNSHA-USLAX,BAS,1967.1,USD
2022-02-029,2022-02-23,CNSHA-USLAX,BAF,320.15,USD
2022-02-029,2022-02-23,CNSHA-USLAX,LSS,129.86,USD
2022-02-029,2022-02-23,CNSHA-USLAX,THC,216.97,EUR
2022-02-029,2022-02-23,CNSHA-USLAX,DOC,45.0,USD
2022-02-008,2022-02-24,CNSHA-USLAX,BAS,1988.31,USD
2022-02-008,2022-02-24,CNSHA-USLAX,BAF,291.98,USD
2022-02-008,2022-02-24,CNSHA-USLAX,LSS,132.8,USD
2022-02-008,2022-02-24,CNSHA-USLAX,THC,217.87,EUR
2022-02-008,2022-02-24,CNSHA-USLAX,DOC,45.0,USD
2022-02-042,2022-02-24,CNSHA-NLRTM,BAS,2498.93,USD
2022-02-042,2022-02-24,CNSHA-NLRTM,BAF,331.21,USD
2022-02-042,2022-02-24,CNSHA-NLRTM,LSS,131.34,USD
2022-02-042,2022-02-24,CNSHA-NLRTM,THC,224.51,EUR
2022-02-042,2022-02-24,CNSHA-NLRTM,DOC,45.0,USD
2022-02-063,2022-02-24,CNSHA-NLRTM,BAS,2497.43,USD
2022-02-063,2022-02-24,CNSHA-NLRTM,BAF,295.72,USD
2022-02-063,2022-02-24,CNSHA-NLRTM,LSS,131.57,USD
2022-02-063,2022-02-24,CNSHA-NLRTM,THC,209.59,EUR
2022-02-063,2022-02-24,CNSHA-NLRTM,DOC,45.0,USD
2022-02-054,2022-02-25,CNSHA-NLRTM,BAS,2515.56,USD
2022-02-054,2022-02-25,CNSHA-NLRTM,BAF,309.04,USD
2022-02-054,2022-02-25,CNSHA-NLRTM,LSS,127.09,USD
2022-02-054,2022-02-25,CNSHA-NLRTM,THC,206.02,EUR
2022-02-054,2022-02-25,CNSHA-NLRTM,DOC,45.0,USD
2022-02-053,2022-02-26,CNSHA-NLRTM,BAS,2486.68,USD
2022-02-053,2022-02-26,CNSHA-NLRTM,BAF,305.77,USD
2022-02-053,2022-02-26,CNSHA-NLRTM,LSS,133.52,USD
2022-02-053,2022-02-26,CNSHA-NLRTM,THC,213.59,EUR
2022-02-053,2022-02-26,CNSHA-NLRTM,DOC,45.0,USD
2022-02-057,2022-02-26,CNSHA-NLRTM,BAS,2479.22,USD
2022-02-057,2022-02-26,CNSHA-NLRTM,BAF,301.17,USD
2022-02-057,2022-02-26,CNSHA-NLRTM,LSS,130.39,USD
2022-02-057,2022-02-26,CNSHA-NLRTM,THC,211.91,EUR
2022-02-057,2022-02-26,CNSHA-NLRTM,DOC,45.0,USD
2022-02-019,2022-02-27,CNSHA-NLRTM,BAS,2519.54,USD
2022-02-019,2022-02-27,CNSHA-NLRTM,BAF,305.35,USD
2022-02-019,2022-02-27,CNSHA-NLRTM,LSS,132.61,USD
2022-02-019,2022-02-27,CNSHA-NLRTM,THC,217.1,EUR
2022-02-019,2022-02-27,CNSHA-NLRTM,DOC,45.0,USD
2022-02-004,2022-02-28,CNSHA-USLAX,BAS,2009.87,USD
2022-02-004,2022-02-28,CNSHA-USLAX,BAF,293.52,USD
2022-02-004,2022-02-28,CNSHA-USLAX,LSS,129.63,USD
2022-02-004,2022-02-28,CNSHA-USLAX,THC,210.06,EUR
2022-02-004,2022-02-28,CNSHA-USLAX,DOC,45.0,USD
2022-02-030,2022-02-28,CNSHA-NLRTM,BAS,2485.97,USD
2022-02-030,2022-02-28,CNSHA-NLRTM,BAF,322.19,USD
2022-02-030,2022-02-28,CNSHA-NLRTM,LSS,131.3,USD
2022-02-030,2022-02-28,CNSHA-NLRTM,THC,214.2,EUR
2022-02-030,2022-02-28,CNSHA-NLRTM,DOC,45.0,USD
2022-02-059,2022-02-28,CNSHA-USLAX,BAS,2012.52,USD
2022-02-059,2022-02-28,CNSHA-USLAX,BAF,327.37,USD
2022-02-059,2022-02-28,CNSHA-USLAX,LSS,126.73,USD
2022-02-059,2022-02-28,CNSHA-USLAX,THC,228.12,EUR
2022-02-059,2022-02-28,CNSHA-USLAX,DOC,45.0,USD
2022-03-001,2022-03-01,CNSHA-NLRTM,BAS,2510.44,USD
2022-03-001,2022-03-01,CNSHA-NLRTM,BAF,324.86,USD
2022-03-001,2022-03-01,CNSHA-NLRTM,LSS,119.03,USD
2022-03-001,2022-03-01,CNSHA-NLRTM,THC,216.49,EUR
2022-03-001,2022-03-01,CNSHA-NLRTM,DOC,45.0,USD
2022-03-014,2022-03-01,CNSHA-NLRTM,BAS,2477.34,USD
2022-03-014,2022-03-01,CNSHA-NLRTM,BAF,343.4,USD
2022-03-014,2022-03-01,CNSHA-NLRTM,LSS,129.06,USD
2022-03-014,2022-03-01,CNSHA-NLRTM,THC,239.19,EUR
2022-03-014,2022-03-01,CNSHA-NLRTM,DOC,45.0,USD
2022-03-007,2022-03-02,CNSHA-NLRTM,BAS,2497.66,USD
2022-03-007,2022-03-02,CNSHA-NLRTM,BAF,327.13,USD
2022-03-007,2022-03-02,CNSHA-NLRTM,LSS,136.81,USD
2022-03-007,2022-03-02,CNSHA-NLRTM,THC,219.6,EUR
2022-03-007,2022-03-02,CNSHA-NLRTM,DOC,45.0,USD
2022-03-009,2022-03-02,CNSHA-NLRTM,BAS,2513.81,USD
2022-03-009,2022-03-02,CNSHA-NLRTM,BAF,298.12,USD
2022-03-009,2022-03-02,CNSHA-NLRTM,LSS,136.43,USD
2022-03-009,2022-03-02,CNSHA-NLRTM,THC,206.47,EUR
2022-03-009,2022-03-02,CNSHA-NLRTM,DOC,45.0,USD
2022-03-054,2022-03-02,CNSHA-USLAX,BAS,1960.93,USD
2022-03-054,2022-03-02,CNSHA-USLAX,BAF,306.18,USD
2022-03-054,2022-03-02,CNSHA-USLAX,LSS,130.92,USD
2022-03-054,2022-03-02,CNSHA-USLAX,THC,228.27,EUR
2022-03-054,2022-03-02,CNSHA-USLAX,DOC,45.0,USD
2022-03-053,2022-03-03,CNSHA-NLRTM,BAS,2461.06,USD
2022-03-053,2022-03-03,CNSHA-NLRTM,BAF,305.88,USD
2022-03-053,2022-03-03,CNSHA-NLRTM,LSS,130.93,USD
2022-03-053,2022-03-03,CNSHA-NLRTM,THC,210.87,EUR
2022-03-053,2022-03-03,CNSHA-NLRTM,DOC,45.0,USD
2022-03-012,2022-03-04,CNSHA-NLRTM,BAS,2500.28,USD
2022-03-012,2022-03-04,CNSHA-NLRTM,BAF,301.42,USD
2022-03-012,2022-03-04,CNSHA-NLRTM,LSS,128.53,USD
2022-03-012,2022-03-04,CNSHA-NLRTM,THC,209.39,EUR
2022-03-012,2022-03-04,CNSHA-NLRTM,DOC,45.0,USD
2022-03-026,2022-03-04,CNSHA-USLAX,BAS,1974.66,USD
2022-03-026,2022-03-04,CNSHA-USLAX,BAF,325.73,USD
2022-03-026,2022-03-04,CNSHA-USLAX,LSS,131.29,USD
2022-03-026,2022-03-04,CNSHA-USLAX,THC,211.86,EUR
2022-03-026,2022-03-04,CNSHA-USLAX,DOC,45.0,USD
2022-03-027,2022-03-04,CNSHA-NLRTM,BAS,2506.02,USD
2022-03-027,2022-03-04,CNSHA-NLRTM,BAF,292.17,USD
2022-03-027,2022-03-04,CNSHA-NLRTM,LSS,137.05,USD
2022-03-027,2022-03-04,CNSHA-NLRTM,THC,225.88,EUR
2022-03-027,2022-03-04,CNSHA-NLRTM,DOC,45.0,USD
2022-03-020,2022-03-05,CNSHA-NLRTM,BAS,2506.12,USD
2022-03-020,2022-03-05,CNSHA-NLRTM,BAF,336.82,USD
2022-03-020,2022-03-05,CNSHA-NLRTM,LSS,129.66,USD
2022-03-020,2022-03-05,CNSHA-NLRTM,THC,228.47,EUR
2022-03-020,2022-03-05,CNSHA-NLRTM,DOC,45.0,USD
2022-03-049,2022-03-05,CNSHA-USLAX,BAS,1989.86,USD
2022-03-049,2022-03-05,CNSHA-USLAX,BAF,323.83,USD
2022-03-049,2022-03-05,CNSHA-USLAX,LSS,129.14,USD
2022-03-049,2022-03-05,CNSHA-USLAX,THC,204.79,EUR
2022-03-049,2022-03-05,CNSHA-USLAX,DOC,45.0,USD
2022-03-032,2022-03-06,CNSHA-NLRTM,BAS,2489.84,USD
2022-03-032,2022-03-06,CNSHA-NLRTM,BAF,323.25,USD
2022-03-032,2022-03-06,CNSHA-NLRTM,LSS,128.69,USD
2022-03-032,2022-03-06,CNSHA-NLRTM,THC,218.66,EUR
2022-03-032,2022-03-06,CNSHA-NLRTM,DOC,45.0,USD
2022-03-036,2022-03-08,CNSHA-USLAX,BAS,2000.58,USD
2022-03-036,2022-03-08,CNSHA-USLAX,BAF,353.37,USD
2022-03-036,2022-03-08,CNSHA-USLAX,LSS,127.53,USD
2022-03-036,2022-03-08,CNSHA-USLAX,THC,213.72,EUR
2022-03-036,2022-03-08,CNSHA-USLAX,DOC,45.0,USD
2022-03-003,2022-03-09,CNSHA-USLAX,BAS,2005.58,USD
2022-03-003,2022-03-09,CNSHA-USLAX,BAF,326.32,USD
2022-03-003,2022-03-09,CNSHA-USLAX,LSS,125.26,USD
2022-03-003,2022-03-09,CNSHA-USLAX,THC,221.05,EUR
2022-03-003,2022-03-09,CNSHA-USLAX,DOC,45.0,USD
2022-03-004,2022-03-10,CNSHA-USLAX,BAS,1970.32,USD
2022-03-004,2022-03-10,CNSHA-USLAX,BAF,310.55,USD
2022-03-004,2022-03-10,CNSHA-USLAX,LSS,127.41,USD
2022-03-004,2022-03-10,CNSHA-USLAX,THC,228.12,EUR
2022-03-004,2022-03-10,CNSHA-USLAX,DOC,45.0,USD
2022-03-013,2022-03-10,CNSHA-NLRTM,BAS,2516.7,USD
2022-03-013,2022-03-10,CNSHA-NLRTM,BAF,309.19,USD
2022-03-013,2022-03-10,CNSHA-NLRTM,LSS,124.94,USD
2022-03-013,2022-03-10,CNSHA-NLRTM,THC,219.71,EUR
2022-03-013,2022-03-10,CNSHA-NLRTM,DOC,45.0,USD
2022-03-017,2022-03-10,CNSHA-USLAX,BAS,1986.41,USD
2022-03-017,2022-03-10,CNSHA-USLAX,BAF,300.8,USD
2022-03-017,2022-03-10,CNSHA-USLAX,LSS,130.58,USD
2022-03-017,2022-03-10,CNSHA-USLAX,THC,231.7,EUR
2022-03-017,2022-03-10,CNSHA-USLAX,DOC,45.0,USD
2022-03-030,2022-03-11,CNSHA-USLAX,BAS,1985.56,USD
2022-03-030,2022-03-11,CNSHA-USLAX,BAF,313.13,USD
2022-03-030,2022-03-11,CNSHA-USLAX,LSS,126.76,USD
2022-03-030,2022-03-11,CNSHA-USLAX,THC,216.43,EUR
2022-03-030,2022-03-11,CNSHA-USLAX,DOC,45.0,USD
2022-03-022,2022-03-12,CNSHA-NLRTM,BAS,2523.78,USD
2022-03-022,2022-03-12,CNSHA-NLRTM,BAF,326.46,USD
2022-03-022,2022-03-12,CNSHA-NLRTM,LSS,129.71,USD
2022-03-022,2022-03-12,CNSHA-NLRTM,THC,229.22,EUR
2022-03-022,2022-03-12,CNSHA-NLRTM,DOC,45.0,USD
2022-03-000,2022-03-13,CNSHA-USLAX,BAS,1967.62,USD
2022-03-000,2022-03-13,CNSHA-USLAX,BAF,321.0,USD
2022-03-000,2022-03-13,CNSHA-USLAX,LSS,126.67,USD
2022-03-000,2022-03-13,CNSHA-USLAX,THC,204.45,EUR
2022-03-000,2022-03-13,CNSHA-USLAX,DOC,45.0,USD
2022-03-044,2022-03-13,CNSHA-NLRTM,BAS,2520.32,USD
2022-03-044,2022-03-13,CNSHA-NLRTM,BAF,319.79,USD
2022-03-044,2022-03-13,CNSHA-NLRTM,LSS,134.8,USD
2022-03-044,2022-03-13,CNSHA-NLRTM,THC,202.66,EUR
2022-03-044,2022-03-13,CNSHA-NLRTM,DOC,45.0,USD
2022-03-008,2022-03-14,CNSHA-NLRTM,BAS,2521.21,USD
2022-03-008,2022-03-14,CNSHA-NLRTM,BAF,312.06,USD
2022-03-008,2022-03-14,CNSHA-NLRTM,LSS,132.02,USD
2022-03-008,2022-03-14,CNSHA-NLRTM,THC,217.86,EUR
2022-03-008,2022-03-14,CNSHA-NLRTM,DOC,45.0,USD
2022-03-048,2022-03-14,CNSHA-NLRTM,BAS,2427.31,USD
2022-03-048,2022-03-14,CNSHA-NLRTM,BAF,301.94,USD
2022-03-048,2022-03-14,CNSHA-NLRTM,LSS,130.92,USD
2022-03-048,2022-03-14,CNSHA-NLRTM,THC,210.86,EUR
2022-03-048,2022-03-14,CNSHA-NLRTM,DOC,45.0,USD
2022-03-041,2022-03-15,CNSHA-NLRTM,BAS,2486.65,USD
2022-03-041,2022-03-15,CNSHA-NLRTM,BAF,338.56,USD
2022-03-041,2022-03-15,CNSHA-NLRTM,LSS,126.28,USD
2022-03-041,2022-03-15,CNSHA-NLRTM,THC,222.35,EUR
2022-03-041,2022-03-15,CNSHA-NLRTM,DOC,45.0,USD
2022-03-037,2022-03-17,CNSHA-NLRTM,BAS,2526.54,USD
2022-03-037,2022-03-17,CNSHA-NLRTM,BAF,316.58,USD
2022-03-037,2022-03-17,CNSHA-NLRTM,LSS,123.23,USD
2022-03-037,2022-03-17,CNSHA-NLRTM,THC,218.37,EUR
2022-03-037,2022-03-17,CNSHA-NLRTM,DOC,45.0,USD
2022-03-042,2022-03-17,CNSHA-NLRTM,BAS,2532.67,USD
2022-03-042,2022-03-17,CNSHA-NLRTM,BAF,314.1,USD
2022-03-042,2022-03-17,CNSHA-NLRTM,LSS,132.99,USD
2022-03-042,2022-03-17,CNSHA-NLRTM,THC,215.51,EUR
2022-03-042,2022-03-17,CNSHA-NLRTM,DOC,45.0,USD
2022-03-052,2022-03-17,CNSHA-USLAX,BAS,1996.42,USD
2022-03-052,2022-03-17,CNSHA-USLAX,BAF,325.85,USD
2022-03-052,2022-03-17,CNSHA-USLAX,LSS,131.13,USD
2022-03-052,2022-03-17,CNSHA-USLAX,THC,228.39,EUR
2022-03-052,2022-03-17,CNSHA-USLAX,DOC,45.0,USD
2022-03-005,2022-03-18,CNSHA-NLRTM,BAS,2499.28,USD
2022-03-005,2022-03-18,CNSHA-NLRTM,BAF,324.4,USD
2022-03-005,2022-03-18,CNSHA-NLRTM,LSS,129.8,USD
2022-03-005,2022-03-18,CNSHA-NLRTM,THC,214.05,EUR
2022-03-005,2022-03-18,CNSHA-NLRTM,DOC,45.0,USD
2022-03-006,2022-03-18,CNSHA-NLRTM,BAS,2549.49,USD
2022-03-006,2022-03-18,CNSHA-NLRTM,BAF,323.31,USD
2022-03-006,2022-03-18,CNSHA-NLRTM,LSS,134.11,USD
2022-03-006,2022-03-18,CNSHA-NLRTM,THC,209.33,EUR
2022-03-006,2022-03-18,CNSHA-NLRTM,DOC,45.0,USD
2022-03-035,2022-03-18,CNSHA-NLRTM,BAS,2449.09,USD
2022-03-035,2022-03-18,CNSHA-NLRTM,BAF,321.25,USD
2022-03-035,2022-03-18,CNSHA-NLRTM,LSS,124.52,USD
2022-03-035,2022-03-18,CNSHA-NLRTM,THC,220.2,EUR
2022-03-035,2022-03-18,CNSHA-NLRTM,DOC,45.0,USD
2022-03-015,2022-03-19,CNSHA-NLRTM,BAS,2494.23,USD
2022-03-015,2022-03-19,CNSHA-NLRTM,BAF,302.79,USD
2022-03-015,2022-03-19,CNSHA-NLRTM,LSS,132.96,USD
2022-03-015,2022-03-19,CNSHA-NLRTM,THC,216.65,EUR
2022-03-015,2022-03-19,CNSHA-NLRTM,DOC,45.0,USD
2022-03-024,2022-03-19,CNSHA-NLRTM,BAS,2505.24,USD
2022-03-024,2022-03-19,CNSHA-NLRTM,BAF,329.3,USD
2022-03-024,2022-03-19,CNSHA-NLRTM,LSS,125.47,USD
2022-03-024,2022-03-19,CNSHA-NLRTM,THC,222.17,EUR
2022-03-024,2022-03-19,CNSHA-NLRTM,DOC,45.0,USD
2022-03-018,2022-03-20,CNSHA-NLRTM,BAS,2537.98,USD
2022-03-018,2022-03-20,CNSHA-NLRTM,BAF,302.65,USD
2022-03-018,2022-03-20,CNSHA-NLRTM,LSS,129.47,USD
2022-03-018,2022-03-20,CNSHA-NLRTM,THC,227.09,EUR
2022-03-018,2022-03-20,CNSHA-NLRTM,DOC,45.0,USD
2022-03-040,2022-03-20,CNSHA-USLAX,BAS,1984.63,USD
2022-03-040,2022-03-20,CNSHA-USLAX,BAF,322.66,USD
2022-03-040,2022-03-20,CNSHA-USLAX,LSS,132.88,USD
2022-03-040,2022-03-20,CNSHA-USLAX,THC,226.94,EUR
2022-03-040,2022-03-20,CNSHA-USLAX,DOC,45.0,USD
2022-03-047,2022-03-20,CNSHA-NLRTM,BAS,2541.64,USD
2022-03-047,2022-03-20,CNSHA-NLRTM,BAF,330.91,USD
2022-03-047,2022-03-20,CNSHA-NLRTM,LSS,127.25,USD
2022-03-047,2022-03-20,CNSHA-NLRTM,THC,226.2,EUR
2022-03-047,2022-03-20,CNSHA-NLRTM,DOC,45.0,USD
2022-03-050,2022-03-20,CNSHA-NLRTM,BAS,2483.11,USD
2022-03-050,2022-03-20,CNSHA-NLRTM,BAF,321.36,USD
2022-03-050,2022-03-20,CNSHA-NLRTM,LSS,122.57,USD
2022-03-050,2022-03-20,CNSHA-NLRTM,THC,221.55,EUR
2022-03-050,2022-03-20,CNSHA-NLRTM,DOC,45.0,USD
2022-03-023,2022-03-21,CNSHA-USLAX,BAS,2023.96,USD
2022-03-023,2022-03-21,CNSHA-USLAX,BAF,341.42,USD
2022-03-023,2022-03-21,CNSHA-USLAX,LSS,137.85,USD
2022-03-023,2022-03-21,CNSHA-USLAX,THC,212.03,EUR
2022-03-023,2022-03-21,CNSHA-USLAX,DOC,45.0,USD
2022-03-025,2022-03-21,CNSHA-USLAX,BAS,1958.66,USD
2022-03-025,2022-03-21,CNSHA-USLAX,BAF,326.37,USD
2022-03-025,2022-03-21,CNSHA-USLAX,LSS,122.62,USD
2022-03-025,2022-03-21,CNSHA-USLAX,THC,222.79,EUR
2022-03-025,2022-03-21,CNSHA-USLAX,DOC,45.0,USD
2022-03-045,2022-03-21,CNSHA-NLRTM,BAS,2531.01,USD
2022-03-045,2022-03-21,CNSHA-NLRTM,BAF,314.06,USD
2022-03-045,2022-03-21,CNSHA-NLRTM,LSS,133.2,USD
2022-03-045,2022-03-21,CNSHA-NLRTM,THC,221.46,EUR
2022-03-045,2022-03-21,CNSHA-NLRTM,DOC,45.0,USD
2022-03-046,2022-03-21,CNSHA-USLAX,BAS,2008.19,USD
2022-03-046,2022-03-21,CNSHA-USLAX,BAF,317.21,USD
2022-03-046,2022-03-21,CNSHA-USLAX,LSS,132.31,USD
2022-03-046,2022-03-21,CNSHA-USLAX,THC,220.6,EUR
2022-03-046,2022-03-21,CNSHA-USLAX,DOC,45.0,USD
2022-03-034,2022-03-22,CNSHA-NLRTM,BAS,2484.99,USD
2022-03-034,2022-03-22,CNSHA-NLRTM,BAF,331.15,USD
2022-03-034,2022-03-22,CNSHA-NLRTM,LSS,133.84,USD
2022-03-034,2022-03-22,CNSHA-NLRTM,THC,214.06,EUR
2022-03-034,2022-03-22,CNSHA-NLRTM,DOC,45.0,USD
2022-03-010,2022-03-23,CNSHA-USLAX,BAS,1995.42,USD
2022-03-010,2022-03-23,CNSHA-USLAX,BAF,318.84,USD
2022-03-010,2022-03-23,CNSHA-USLAX,LSS,133.12,USD
2022-03-010,2022-03-23,CNSHA-USLAX,THC,221.07,EUR
2022-03-010,2022-03-23,CNSHA-USLAX,DOC,45.0,USD
2022-03-016,2022-03-23,CNSHA-NLRTM,BAS,2520.86,USD
2022-03-016,2022-03-23,CNSHA-NLRTM,BAF,314.46,USD
2022-03-016,2022-03-23,CNSHA-NLRTM,LSS,130.82,USD
2022-03-016,2022-03-23,CNSHA-NLRTM,THC,216.18,EUR
2022-03-016,2022-03-23,CNSHA-NLRTM,DOC,45.0,USD
2022-03-031,2022-03-23,CNSHA-NLRTM,BAS,2491.08,USD
2022-03-031,2022-03-23,CNSHA-NLRTM,BAF,313.07,USD
2022-03-031,2022-03-23,CNSHA-NLRTM,LSS,130.43,USD
2022-03-031,2022-03-23,CNSHA-NLRTM,THC,218.93,EUR
2022-03-031,2022-03-23,CNSHA-NLRTM,DOC,45.0,USD
2022-03-011,2022-03-24,CNSHA-NLRTM,BAS,2515.51,USD
2022-03-011,2022-03-24,CNSHA-NLRTM,BAF,305.31,USD
2022-03-011,2022-03-24,CNSHA-NLRTM,LSS,134.56,USD
2022-03-011,2022-03-24,CNSHA-NLRTM,THC,218.67,EUR
2022-03-011,2022-03-24,CNSHA-NLRTM,DOC,45.0,USD
2022-03-021,2022-03-24,CNSHA-NLRTM,BAS,2517.82,USD
2022-03-021,2022-03-24,CNSHA-NLRTM,BAF,324.57,USD
2022-03-021,2022-03-24,CNSHA-NLRTM,LSS,129.43,USD
2022-03-021,2022-03-24,CNSHA-NLRTM,THC,207.45,EUR
2022-03-021,2022-03-24,CNSHA-NLRTM,DOC,45.0,USD
2022-03-033,2022-03-25,CNSHA-USLAX,BAS,2000.81,USD
2022-03-033,2022-03-25,CNSHA-USLAX,BAF,287.16,USD
2022-03-033,2022-03-25,CNSHA-USLAX,LSS,130.78,USD
2022-03-033,2022-03-25,CNSHA-USLAX,THC,224.26,EUR
2022-03-033,2022-03-25,CNSHA-USLAX,DOC,45.0,USD
2022-03-038,2022-03-25,CNSHA-USLAX,BAS,2002.15,USD
2022-03-038,2022-03-25,CNSHA-USLAX,BAF,307.95,USD
2022-03-038,2022-03-25,CNSHA-USLAX,LSS,131.54,USD
2022-03-038,2022-03-25,CNSHA-USLAX,THC,219.28,EUR
2022-03-038,2022-03-25,CNSHA-USLAX,DOC,45.0,USD
2022-03-028,2022-03-26,CNSHA-NLRTM,BAS,2523.08,USD
2022-03-028,2022-03-26,CNSHA-NLRTM,BAF,294.56,USD
2022-03-028,2022-03-26,CNSHA-NLRTM,LSS,136.17,USD
2022-03-028,2022-03-26,CNSHA-NLRTM,THC,231.27,EUR
2022-03-028,2022-03-26,CNSHA-NLRTM,DOC,45.0,USD
2022-03-029,2022-03-26,CNSHA-USLAX,BAS,1983.39,USD
2022-03-029,2022-03-26,CNSHA-USLAX,BAF,295.71,USD
2022-03-029,2022-03-26,CNSHA-USLAX,LSS,126.23,USD
2022-03-029,2022-03-26,CNSHA-USLAX,THC,233.71,EUR
2022-03-029,2022-03-26,CNSHA-USLAX,DOC,45.0,USD
2022-03-039,2022-03-26,CNSHA-NLRTM,BAS,2533.23,USD
2022-03-039,2022-03-26,CNSHA-NLRTM,BAF,321.53,USD
2022-03-039,2022-03-26,CNSHA-NLRTM,LSS,130.73,USD
2022-03-039,2022-03-26,CNSHA-NLRTM,THC,219.86,EUR
2022-03-039,2022-03-26,CNSHA-NLRTM,DOC,45.0,USD
2022-03-051,2022-03-26,CNSHA-USLAX,BAS,1995.82,USD
2022-03-051,2022-03-26,CNSHA-USLAX,BAF,296.02,USD
2022-03-051,2022-03-26,CNSHA-USLAX,LSS,130.37,USD
2022-03-051,2022-03-26,CNSHA-USLAX,THC,207.56,EUR
2022-03-051,2022-03-26,CNSHA-USLAX,DOC,45.0,USD
2022-03-002,2022-03-27,CNSHA-USLAX,BAS,1984.8,USD
2022-03-002,2022-03-27,CNSHA-USLAX,BAF,328.88,USD
2022-03-002,2022-03-27,CNSHA-USLAX,LSS,131.97,USD
2022-03-002,2022-03-27,CNSHA-USLAX,THC,216.29,EUR
2022-03-002,2022-03-27,CNSHA-USLAX,DOC,45.0,USD
2022-03-043,2022-03-27,CNSHA-NLRTM,BAS,2540.58,USD
2022-03-043,2022-03-27,CNSHA-NLRTM,BAF,311.96,USD
2022-03-043,2022-03-27,CNSHA-NLRTM,LSS,133.73,USD
2022-03-043,2022-03-27,CNSHA-NLRTM,THC,225.03,EUR
2022-03-043,2022-03-27,CNSHA-NLRTM,DOC,45.0,USD
2022-03-019,2022-03-28,CNSHA-USLAX,BAS,2025.83,USD
2022-03-019,2022-03-28,CNSHA-USLAX,BAF,315.93,USD
2022-03-019,2022-03-28,CNSHA-USLAX,LSS,130.64,USD
2022-03-019,2022-03-28,CNSHA-USLAX,THC,218.6,EUR
2022-03-019,2022-03-28,CNSHA-USLAX,DOC,45.0,USD
2022-04-004,2022-04-01,CNSHA-USLAX,BAS,2001.49,USD
2022-04-004,2022-04-01,CNSHA-USLAX,BAF,318.0,USD
2022-04-004,2022-04-01,CNSHA-USLAX,LSS,126.8,USD
2022-04-004,2022-04-01,CNSHA-USLAX,THC,218.97,EUR
2022-04-004,2022-04-01,CNSHA-USLAX,DOC,45.0,USD
2022-04-004,2022-04-01,CNSHA-USLAX,PSS,200.0,USD
2022-04-011,2022-04-01,CNSHA-USLAX,BAS,1992.51,USD
2022-04-011,2022-04-01,CNSHA-USLAX,BAF,319.91,USD
2022-04-011,2022-04-01,CNSHA-USLAX,LSS,130.01,USD
2022-04-011,2022-04-01,CNSHA-USLAX,THC,223.92,EUR
2022-04-011,2022-04-01,CNSHA-USLAX,DOC,45.0,USD
2022-04-011,2022-04-01,CNSHA-USLAX,PSS,200.0,USD
2022-04-058,2022-04-01,CNSHA-USLAX,BAS,1974.09,USD
2022-04-058,2022-04-01,CNSHA-USLAX,BAF,304.55,USD
2022-04-058,2022-04-01,CNSHA-USLAX,LSS,127.51,USD
2022-04-058,2022-04-01,CNSHA-USLAX,THC,229.7,EUR
2022-04-058,2022-04-01,CNSHA-USLAX,DOC,45.0,USD
2022-04-058,2022-04-01,CNSHA-USLAX,PSS,200.0,USD
2022-04-003,2022-04-02,CNSHA-NLRTM,BAS,2539.34,USD
2022-04-003,2022-04-02,CNSHA-NLRTM,BAF,329.65,USD
2022-04-003,2022-04-02,CNSHA-NLRTM,LSS,137.74,USD
2022-04-003,2022-04-02,CNSHA-NLRTM,THC,222.67,EUR
2022-04-003,2022-04-02,CNSHA-NLRTM,DOC,45.0,USD
2022-04-003,2022-04-02,CNSHA-NLRTM,PSS,200.0,USD
2022-04-021,2022-04-03,CNSHA-NLRTM,BAS,2528.86,USD
2022-04-021,2022-04-03,CNSHA-NLRTM,BAF,307.66,USD
2022-04-021,2022-04-03,CNSHA-NLRTM,LSS,129.38,USD
2022-04-021,2022-04-03,CNSHA-NLRTM,THC,211.07,EUR
2022-04-021,2022-04-03,CNSHA-NLRTM,DOC,45.0,USD
2022-04-021,2022-04-03,CNSHA-NLRTM,PSS,200.0,USD
2022-04-055,2022-04-04,CNSHA-NLRTM,BAS,2530.49,USD
2022-04-055,2022-04-04,CNSHA-NLRTM,BAF,308.59,USD
2022-04-055,2022-04-04,CNSHA-NLRTM,LSS,128.12,USD
2022-04-055,2022-04-04,CNSHA-NLRTM,THC,222.41,EUR
2022-04-055,2022-04-04,CNSHA-NLRTM,DOC,45.0,USD
2022-04-055,2022-04-04,CNSHA-NLRTM,PSS,200.0,USD
2022-04-001,2022-04-05,CNSHA-USLAX,BAS,1999.2,USD
2022-04-001,2022-04-05,CNSHA-USLAX,BAF,323.3,USD
2022-04-001,2022-04-05,CNSHA-USLAX,LSS,135.0,USD
2022-04-001,2022-04-05,CNSHA-USLAX,THC,216.01,EUR
2022-04-001,2022-04-05,CNSHA-USLAX,DOC,45.0,USD
2022-04-001,2022-04-05,CNSHA-USLAX,PSS,200.0,USD
2022-04-040,2022-04-05,CNSHA-NLRTM,BAS,2493.98,USD
2022-04-040,2022-04-05,CNSHA-NLRTM,BAF,324.98,USD
2022-04-040,2022-04-05,CNSHA-NLRTM,LSS,128.85,USD
2022-04-040,2022-04-05,CNSHA-NLRTM,THC,216.75,EUR
2022-04-040,2022-04-05,CNSHA-NLRTM,DOC,45.0,USD
2022-04-040,2022-04-05,CNSHA-NLRTM,PSS,200.0,USD
2022-04-039,2022-04-06,CNSHA-USLAX,BAS,2030.75,USD
2022-04-039,2022-04-06,CNSHA-USLAX,BAF,323.23,USD
2022-04-039,2022-04-06,CNSHA-USLAX,LSS,127.6,USD
2022-04-039,2022-04-06,CNSHA-USLAX,THC,224.18,EUR
2022-04-039,2022-04-06,CNSHA-USLAX,DOC,45.0,USD
2022-04-039,2022-04-06,CNSHA-USLAX,PSS,200.0,USD
2022-04-056,2022-04-06,CNSHA-NLRTM,BAS,2514.49,USD
2022-04-056,2022-04-06,CNSHA-NLRTM,BAF,323.34,USD
2022-04-056,2022-04-06,CNSHA-NLRTM,LSS,126.34,USD
2022-04-056,2022-04-06,CNSHA-NLRTM,THC,218.81,EUR
2022-04-056,2022-04-06,CNSHA-NLRTM,DOC,45.0,USD
2022-04-056,2022-04-06,CNSHA-NLRTM,PSS,200.0,USD
2022-04-062,2022-04-06,CNSHA-NLRTM,BAS,2527.12,USD
2022-04-062,2022-04-06,CNSHA-NLRTM,BAF,272.28,USD
2022-04-062,2022-04-06,CNSHA-NLRTM,LSS,133.78,USD
2022-04-062,2022-04-06,CNSHA-NLRTM,THC,223.31,EUR
2022-04-062,2022-04-06,CNSHA-NLRTM,DOC,45.0,USD
2022-04-062,2022-04-06,CNSHA-NLRTM,PSS,200.0,USD
2022-04-023,2022-04-07,CNSHA-NLRTM,BAS,2541.04,USD
2022-04-023,2022-04-07,CNSHA-NLRTM,BAF,324.57,USD
2022-04-023,2022-04-07,CNSHA-NLRTM,LSS,142.51,USD
2022-04-023,2022-04-07,CNSHA-NLRTM,THC,232.64,EUR
2022-04-023,2022-04-07,CNSHA-NLRTM,DOC,45.0,USD
2022-04-023,2022-04-07,CNSHA-NLRTM,PSS,200.0,USD
2022-04-024,2022-04-07,CNSHA-USLAX,BAS,1998.62,USD
2022-04-024,2022-04-07,CNSHA-USLAX,BAF,316.54,USD
2022-04-024,2022-04-07,CNSHA-USLAX,LSS,125.93,USD
2022-04-024,2022-04-07,CNSHA-USLAX,THC,216.15,EUR
2022-04-024,2022-04-07,CNSHA-USLAX,DOC,45.0,USD
2022-04-024,2022-04-07,CNSHA-USLAX,PSS,200.0,USD
2022-04-031,2022-04-07,CNSHA-NLRTM,BAS,2440.57,USD
2022-04-031,2022-04-07,CNSHA-NLRTM,BAF,337.08,USD
2022-04-031,2022-04-07,CNSHA-NLRTM,LSS,131.4,USD
2022-04-031,2022-04-07,CNSHA-NLRTM,THC,206.03,EUR
2022-04-031,2022-04-07,CNSHA-NLRTM,DOC,45.0,USD
2022-04-031,2022-04-07,CNSHA-NLRTM,PSS,200.0,USD
2022-04-060,2022-04-07,CNSHA-USLAX,BAS,1996.85,USD
2022-04-060,2022-04-07,CNSHA-USLAX,BAF,327.09,USD
2022-04-060,2022-04-07,CNSHA-USLAX,LSS,127.61,USD
2022-04-060,2022-04-07,CNSHA-USLAX,THC,223.02,EUR
2022-04-060,2022-04-07,CNSHA-USLAX,DOC,45.0,USD
2022-04-060,2022-04-07,CNSHA-USLAX,PSS,200.0,USD
2022-04-022,2022-04-08,CNSHA-USLAX,BAS,2009.02,USD
2022-04-022,2022-04-08,CNSHA-USLAX,BAF,329.47,USD
2022-04-022,2022-04-08,CNSHA-USLAX,LSS,135.34,USD
2022-04-022,2022-04-08,CNSHA-USLAX,THC,227.19,EUR
2022-04-022,2022-04-08,CNSHA-USLAX,DOC,45.0,USD
2022-04-022,2022-04-08,CNSHA-USLAX,PSS,200.0,USD
2022-04-029,2022-04-08,CNSHA-USLAX,BAS,1969.3,USD
2022-04-029,2022-04-08,CNSHA-USLAX,BAF,330.23,USD
2022-04-029,2022-04-08,CNSHA-USLAX,LSS,127.63,USD
2022-04-029,2022-04-08,CNSHA-USLAX,THC,225.6,EUR
2022-04-029,2022-04-08,CNSHA-USLAX,DOC,45.0,USD
2022-04-029,2022-04-08,CNSHA-USLAX,PSS,200.0,USD
2022-04-048,2022-04-08,CNSHA-NLRTM,BAS,2493.5,USD
2022-04-048,2022-04-08,CNSHA-NLRTM,BAF,333.33,USD
2022-04-048,2022-04-08,CNSHA-NLRTM,LSS,137.37,USD
2022-04-048,2022-04-08,CNSHA-NLRTM,THC,223.23,EUR
2022-04-048,2022-04-08,CNSHA-NLRTM,DOC,45.0,USD
2022-04-048,2022-04-08,CNSHA-NLRTM,PSS,200.0,USD
2022-04-017,2022-04-09,CNSHA-NLRTM,BAS,2527.43,USD
2022-04-017,2022-04-09,CNSHA-NLRTM,BAF,330.65,USD
2022-04-017,2022-04-09,CNSHA-NLRTM,LSS,129.95,USD
2022-04-017,2022-04-09,CNSHA-NLRTM,THC,232.93,EUR
2022-04-017,2022-04-09,CNSHA-NLRTM,DOC,45.0,USD
2022-04-017,2022-04-09,CNSHA-NLRTM,PSS,200.0,USD
2022-04-018,2022-04-09,CNSHA-USLAX,BAS,1985.68,USD
2022-04-018,2022-04-09,CNSHA-USLAX,BAF,317.44,USD
2022-04-018,2022-04-09,CNSHA-USLAX,LSS,134.55,USD
2022-04-018,2022-04-09,CNSHA-USLAX,THC,214.88,EUR
2022-04-018,2022-04-09,CNSHA-USLAX,DOC,45.0,USD
2022-04-018,2022-04-09,CNSHA-USLAX,PSS,200.0,USD
2022-04-016,2022-04-10,CNSHA-USLAX,BAS,1976.21,USD
2022-04-016,2022-04-10,CNSHA-USLAX,BAF,311.99,USD
2022-04-016,2022-04-10,CNSHA-USLAX,LSS,128.01,USD
2022-04-016,2022-04-10,CNSHA-USLAX,THC,214.94,EUR
2022-04-016,2022-04-10,CNSHA-USLAX,DOC,45.0,USD
2022-04-016,2022-04-10,CNSHA-USLAX,PSS,200.0,USD
2022-04-049,2022-04-10,CNSHA-NLRTM,BAS,2492.22,USD
2022-04-049,2022-04-10,CNSHA-NLRTM,BAF,309.15,USD
2022-04-049,2022-04-10,CNSHA-NLRTM,LSS,127.02,USD
2022-04-049,2022-04-10,CNSHA-NLRTM,THC,221.55,EUR
2022-04-049,2022-04-10,CNSHA-NLRTM,DOC,45.0,USD
2022-04-049,2022-04-10,CNSHA-NLRTM,PSS,200.0,USD
2022-04-025,2022-04-11,CNSHA-NLRTM,BAS,2497.43,USD
2022-04-025,2022-04-11,CNSHA-NLRTM,BAF,338.42,USD
2022-04-025,2022-04-11,CNSHA-NLRTM,LSS,126.22,USD
2022-04-025,2022-04-11,CNSHA-NLRTM,THC,218.77,EUR
2022-04-025,2022-04-11,CNSHA-NLRTM,DOC,45.0,USD
2022-04-025,2022-04-11,CNSHA-NLRTM,PSS,200.0,USD
2022-04-057,2022-04-11,CNSHA-NLRTM,BAS,2490.29,USD
2022-04-057,2022-04-11,CNSHA-NLRTM,BAF,333.15,USD
2022-04-057,2022-04-11,CNSHA-NLRTM,LSS,128.43,USD
2022-04-057,2022-04-11,CNSHA-NLRTM,THC,215.91,EUR
2022-04-057,2022-04-11,CNSHA-NLRTM,DOC,45.0,USD
2022-04-057,2022-04-11,CNSHA-NLRTM,PSS,200.0,USD
2022-04-036,2022-04-12,CNSHA-NLRTM,BAS,2506.89,USD
2022-04-036,2022-04-12,CNSHA-NLRTM,BAF,334.3,USD
2022-04-036,2022-04-12,CNSHA-NLRTM,LSS,129.2,USD
2022-04-036,2022-04-12,CNSHA-NLRTM,THC,220.59,EUR
2022-04-036,2022-04-12,CNSHA-NLRTM,DOC,45.0,USD
2022-04-036,2022-04-12,CNSHA-NLRTM,PSS,200.0,USD
2022-04-010,2022-04-13,CNSHA-USLAX,BAS,1979.76,USD
2022-04-010,2022-04-13,CNSHA-USLAX,BAF,336.71,USD
2022-04-010,2022-04-13,CNSHA-USLAX,LSS,129.23,USD
2022-04-010,2022-04-13,CNSHA-USLAX,THC,221.26,EUR
2022-04-010,2022-04-13,CNSHA-USLAX,DOC,45.0,USD
2022-04-010,2022-04-13,CNSHA-USLAX,PSS,200.0,USD
2022-04-028,2022-04-13,CNSHA-NLRTM,BAS,2498.27,USD
2022-04-028,2022-04-13,CNSHA-NLRTM,BAF,326.17,USD
2022-04-028,2022-04-13,CNSHA-NLRTM,LSS,130.38,USD
2022-04-028,2022-04-13,CNSHA-NLRTM,THC,214.1,EUR
2022-04-028,2022-04-13,CNSHA-NLRTM,DOC,45.0,USD
2022-04-028,2022-04-13,CNSHA-NLRTM,PSS,200.0,USD
2022-04-059,2022-04-13,CNSHA-NLRTM,BAS,2459.88,USD
2022-04-059,2022-04-13,CNSHA-NLRTM,BAF,333.65,USD
2022-04-059,2022-04-13,CNSHA-NLRTM,LSS,132.69,USD
2022-04-059,2022-04-13,CNSHA-NLRTM,THC,208.97,EUR
2022-04-059,2022-04-13,CNSHA-NLRTM,DOC,45.0,USD
2022-04-059,2022-04-13,CNSHA-NLRTM,PSS,200.0,USD
2022-04-005,2022-04-15,CNSHA-NLRTM,BAS,2512.16,USD
2022-04-005,2022-04-15,CNSHA-NLRTM,BAF,335.55,USD
2022-04-005,2022-04-15,CNSHA-NLRTM,LSS,132.61,USD
2022-04-005,2022-04-15,CNSHA-NLRTM,THC,224.52,EUR
2022-04-005,2022-04-15,CNSHA-NLRTM,DOC,45.0,USD
2022-04-005,2022-04-15,CNSHA-NLRTM,PSS,200.0,USD
2022-04-033,2022-04-15,CNSHA-USLAX,BAS,1995.88,USD
2022-04-033,2022-04-15,CNSHA-USLAX,BAF,327.61,USD
2022-04-033,2022-04-15,CNSHA-USLAX,LSS,127.73,USD
2022-04-033,2022-04-15,CNSHA-USLAX,THC,206.52,EUR
2022-04-033,2022-04-15,CNSHA-USLAX,DOC,45.0,USD
2022-04-033,2022-04-15,CNSHA-USLAX,PSS,200.0,USD
2022-04-032,2022-04-16,CNSHA-USLAX,BAS,1988.48,USD
2022-04-032,2022-04-16,CNSHA-USLAX,BAF,341.86,USD
2022-04-032,2022-04-16,CNSHA-USLAX,LSS,132.82,USD
2022-04-032,2022-04-16,CNSHA-USLAX,THC,225.4,EUR
2022-04-032,2022-04-16,CNSHA-USLAX,DOC,45.0,USD
2022-04-032,2022-04-16,CNSHA-USLAX,PSS,200.0,USD
2022-04-045,2022-04-16,CNSHA-NLRTM,BAS,2505.94,USD
2022-04-045,2022-04-16,CNSHA-NLRTM,BAF,310.5,USD
2022-04-045,2022-04-16,CNSHA-NLRTM,LSS,131.93,USD
2022-04-045,2022-04-16,CNSHA-NLRTM,THC,219.93,EUR
2022-04-045,2022-04-16,CNSHA-NLRTM,DOC,45.0,USD
2022-04-045,2022-04-16,CNSHA-NLRTM,PSS,200.0,USD
2022-04-002,2022-04-17,CNSHA-USLAX,BAS,1983.72,USD
2022-04-002,2022-04-17,CNSHA-USLAX,BAF,338.19,USD
2022-04-002,2022-04-17,CNSHA-USLAX,LSS,127.07,USD
2022-04-002,2022-04-17,CNSHA-USLAX,THC,225.51,EUR
2022-04-002,2022-04-17,CNSHA-USLAX,DOC,45.0,USD
2022-04-002,2022-04-17,CNSHA-USLAX,PSS,200.0,USD
2022-04-037,2022-04-17,CNSHA-USLAX,BAS,2010.68,USD
2022-04-037,2022-04-17,CNSHA-USLAX,BAF,321.82,USD
2022-04-037,2022-04-17,CNSHA-USLAX,LSS,134.01,USD
2022-04-037,2022-04-17,CNSHA-USLAX,THC,227.77,EUR
2022-04-037,2022-04-17,CNSHA-USLAX,DOC,45.0,USD
2022-04-037,2022-04-17,CNSHA-USLAX,PSS,200.0,USD
2022-04-053,2022-04-17,CNSHA-NLRTM,BAS,2492.13,USD
2022-04-053,2022-04-17,CNSHA-NLRTM,BAF,320.73,USD
2022-04-053,2022-04-17,CNSHA-NLRTM,LSS,132.11,USD
2022-04-053,2022-04-17,CNSHA-NLRTM,THC,216.33,EUR
2022-04-053,2022-04-17,CNSHA-NLRTM,DOC,45.0,USD
2022-04-053,2022-04-17,CNSHA-NLRTM,PSS,200.0,USD
2022-04-000,2022-04-18,CNSHA-NLRTM,BAS,2479.37,USD
2022-04-000,2022-04-18,CNSHA-NLRTM,BAF,342.61,USD
2022-04-000,2022-04-18,CNSHA-NLRTM,LSS,131.22,USD
2022-04-000,2022-04-18,CNSHA-NLRTM,THC,225.18,EUR
2022-04-000,2022-04-18,CNSHA-NLRTM,DOC,45.0,USD
2022-04-000,2022-04-18,CNSHA-NLRTM,PSS,200.0,USD
2022-04-019,2022-04-18,CNSHA-USLAX,BAS,2007.84,USD
2022-04-019,2022-04-18,CNSHA-USLAX,BAF,308.89,USD
2022-04-019,2022-04-18,CNSHA-USLAX,LSS,137.52,USD
2022-04-019,2022-04-18,CNSHA-USLAX,THC,217.41,EUR
2022-04-019,2022-04-18,CNSHA-USLAX,DOC,45.0,USD
2022-04-019,2022-04-18,CNSHA-USLAX,PSS,200.0,USD
2022-04-046,2022-04-18,CNSHA-NLRTM,BAS,2502.1,USD
2022-04-046,2022-04-18,CNSHA-NLRTM,BAF,326.93,USD
2022-04-046,2022-04-18,CNSHA-NLRTM,LSS,130.33,USD
2022-04-046,2022-04-18,CNSHA-NLRTM,THC,225.83,EUR
2022-04-046,2022-04-18,CNSHA-NLRTM,DOC,45.0,USD
2022-04-046,2022-04-18,CNSHA-NLRTM,PSS,200.0,USD
2022-04-020,2022-04-20,CNSHA-NLRTM,BAS,2516.5,USD
2022-04-020,2022-04-20,CNSHA-NLRTM,BAF,307.95,USD
2022-04-020,2022-04-20,CNSHA-NLRTM,LSS,129.65,USD
2022-04-020,2022-04-20,CNSHA-NLRTM,THC,203.89,EUR
2022-04-020,2022-04-20,CNSHA-NLRTM,DOC,45.0,USD
2022-04-020,2022-04-20,CNSHA-NLRTM,PSS,200.0,USD
2022-04-026,2022-04-20,CNSHA-NLRTM,BAS,2508.2,USD
2022-04-026,2022-04-20,CNSHA-NLRTM,BAF,305.91,USD
2022-04-026,2022-04-20,CNSHA-NLRTM,LSS,128.39,USD
2022-04-026,2022-04-20,CNSHA-NLRTM,THC,204.89,EUR
2022-04-026,2022-04-20,CNSHA-NLRTM,DOC,45.0,USD
2022-04-026,2022-04-20,CNSHA-NLRTM,PSS,200.0,USD
2022-04-042,2022-04-20,CNSHA-USLAX,BAS,2009.42,USD
2022-04-042,2022-04-20,CNSHA-USLAX,BAF,303.11,USD
2022-04-042,2022-04-20,CNSHA-USLAX,LSS,124.39,USD
2022-04-042,2022-04-20,CNSHA-USLAX,THC,220.01,EUR
2022-04-042,2022-04-20,CNSHA-USLAX,DOC,45.0,USD
2022-04-042,2022-04-20,CNSHA-USLAX,PSS,200.0,USD
2022-04-052,2022-04-20,CNSHA-NLRTM,BAS,2493.98,USD
2022-04-052,2022-04-20,CNSHA-NLRTM,BAF,280.89,USD
2022-04-052,2022-04-20,CNSHA-NLRTM,LSS,134.51,USD
2022-04-052,2022-04-20,CNSHA-NLRTM,THC,221.23,EUR
2022-04-052,2022-04-20,CNSHA-NLRTM,DOC,45.0,USD
2022-04-052,2022-04-20,CNSHA-NLRTM,PSS,200.0,USD
2022-04-013,2022-04-21,CNSHA-USLAX,BAS,1966.42,USD
2022-04-013,2022-04-21,CNSHA-USLAX,BAF,300.08,USD
2022-04-013,2022-04-21,CNSHA-USLAX,LSS,133.55,USD
2022-04-013,2022-04-21,CNSHA-USLAX,THC,226.81,EUR
2022-04-013,2022-04-21,CNSHA-USLAX,DOC,45.0,USD
2022-04-013,2022-04-21,CNSHA-USLAX,PSS,200.0,USD
2022-04-006,2022-04-22,CNSHA-NLRTM,BAS,2497.94,USD
2022-04-006,2022-04-22,CNSHA-NLRTM,BAF,289.83,USD
2022-04-006,2022-04-22,CNSHA-NLRTM,LSS,132.47,USD
2022-04-006,2022-04-22,CNSHA-NLRTM,THC,220.19,EUR
2022-04-006,2022-04-22,CNSHA-NLRTM,DOC,45.0,USD
2022-04-006,2022-04-22,CNSHA-NLRTM,PSS,200.0,USD
2022-04-008,2022-04-22,CNSHA-NLRTM,BAS,2493.29,USD
2022-04-008,2022-04-22,CNSHA-NLRTM,BAF,342.22,USD
2022-04-008,2022-04-22,CNSHA-NLRTM,LSS,131.36,USD
2022-04-008,2022-04-22,CNSHA-NLRTM,THC,222.61,EUR
2022-04-008,2022-04-22,CNSHA-NLRTM,DOC,45.0,USD
2022-04-008,2022-04-22,CNSHA-NLRTM,PSS,200.0,USD
2022-04-034,2022-04-22,CNSHA-USLAX,BAS,1989.45,USD
2022-04-034,2022-04-22,CNSHA-USLAX,BAF,296.64,USD
2022-04-034,2022-04-22,CNSHA-USLAX,LSS,129.11,USD
2022-04-034,2022-04-22,CNSHA-USLAX,THC,227.6,EUR
2022-04-034,2022-04-22,CNSHA-USLAX,DOC,45.0,USD
2022-04-034,2022-04-22,CNSHA-USLAX,PSS,200.0,USD
2022-04-012,2022-04-23,CNSHA-NLRTM,BAS,2537.54,USD
2022-04-012,2022-04-23,CNSHA-NLRTM,BAF,312.19,USD
2022-04-012,2022-04-23,CNSHA-NLRTM,LSS,129.53,USD
2022-04-012,2022-04-23,CNSHA-NLRTM,THC,217.08,EUR
2022-04-012,2022-04-23,CNSHA-NLRTM,DOC,45.0,USD
2022-04-012,2022-04-23,CNSHA-NLRTM,PSS,200.0,USD
2022-04-014,2022-04-23,CNSHA-NLRTM,BAS,2467.37,USD
2022-04-014,2022-04-23,CNSHA-NLRTM,BAF,311.46,USD
2022-04-014,2022-04-23,CNSHA-NLRTM,LSS,127.46,USD
2022-04-014,2022-04-23,CNSHA-NLRTM,THC,218.28,EUR
2022-04-014,2022-04-23,CNSHA-NLRTM,DOC,45.0,USD
2022-04-014,2022-04-23,CNSHA-NLRTM,PSS,200.0,USD
2022-04-038,2022-04-23,CNSHA-NLRTM,BAS,2515.86,USD
2022-04-038,2022-04-23,CNSHA-NLRTM,BAF,351.72,USD
2022-04-038,2022-04-23,CNSHA-NLRTM,LSS,127.06,USD
2022-04-038,2022-04-23,CNSHA-NLRTM,THC,222.66,EUR
2022-04-038,2022-04-23,CNSHA-NLRTM,DOC,45.0,USD
2022-04-038,2022-04-23,CNSHA-NLRTM,PSS,200.0,USD
2022-04-050,2022-04-23,CNSHA-USLAX,BAS,1999.87,USD
2022-04-050,2022-04-23,CNSHA-USLAX,BAF,316.38,USD
2022-04-050,2022-04-23,CNSHA-USLAX,LSS,132.61,USD
2022-04-050,2022-04-23,CNSHA-USLAX,THC,218.16,EUR
2022-04-050,2022-04-23,CNSHA-USLAX,DOC,45.0,USD
2022-04-050,2022-04-23,CNSHA-USLAX,PSS,200.0,USD
2022-04-043,2022-04-24,CNSHA-USLAX,BAS,2022.39,USD
2022-04-043,2022-04-24,CNSHA-USLAX,BAF,334.66,USD
2022-04-043,2022-04-24,CNSHA-USLAX,LSS,128.95,USD
2022-04-043,2022-04-24,CNSHA-USLAX,THC,223.8,EUR
2022-04-043,2022-04-24,CNSHA-USLAX,DOC,45.0,USD
2022-04-043,2022-04-24,CNSHA-USLAX,PSS,200.0,USD
2022-04-030,2022-04-25,CNSHA-USLAX,BAS,1970.53,USD
2022-04-030,2022-04-25,CNSHA-USLAX,BAF,329.15,USD
2022-04-030,2022-04-25,CNSHA-USLAX,LSS,128.08,USD
2022-04-030,2022-04-25,CNSHA-USLAX,THC,221.87,EUR
2022-04-030,2022-04-25,CNSHA-USLAX,DOC,45.0,USD
2022-04-030,2022-04-25,CNSHA-USLAX,PSS,200.0,USD
2022-04-035,2022-04-25,CNSHA-USLAX,BAS,1983.88,USD
2022-04-035,2022-04-25,CNSHA-USLAX,BAF,306.78,USD
2022-04-035,2022-04-25,CNSHA-USLAX,LSS,127.28,USD
2022-04-035,2022-04-25,CNSHA-USLAX,THC,218.6,EUR
2022-04-035,2022-04-25,CNSHA-USLAX,DOC,45.0,USD
2022-04-035,2022-04-25,CNSHA-USLAX,PSS,200.0,USD
2022-04-007,2022-04-26,CNSHA-USLAX,BAS,1999.62,USD
2022-04-007,2022-04-26,CNSHA-USLAX,BAF,288.27,USD
2022-04-007,2022-04-26,CNSHA-USLAX,LSS,131.37,USD
2022-04-007,2022-04-26,CNSHA-USLAX,THC,231.73,EUR
2022-04-007,2022-04-26,CNSHA-USLAX,DOC,45.0,USD
2022-04-007,2022-04-26,CNSHA-USLAX,PSS,200.0,USD
2022-04-061,2022-04-26,CNSHA-USLAX,BAS,1985.41,USD
2022-04-061,2022-04-26,CNSHA-USLAX,BAF,330.4,USD
2022-04-061,2022-04-26,CNSHA-USLAX,LSS,126.49,USD
2022-04-061,2022-04-26,CNSHA-USLAX,THC,225.79,EUR
2022-04-061,2022-04-26,CNSHA-USLAX,DOC,45.0,USD
2022-04-061,2022-04-26,CNSHA-USLAX,PSS,200.0,USD
2022-04-009,2022-04-27,CNSHA-USLAX,BAS,1980.48,USD
2022-04-009,2022-04-27,CNSHA-USLAX,BAF,307.32,USD
2022-04-009,2022-04-27,CNSHA-USLAX,LSS,134.42,USD
2022-04-009,2022-04-27,CNSHA-USLAX,THC,209.35,EUR
2022-04-009,2022-04-27,CNSHA-USLAX,DOC,45.0,USD
2022-04-009,2022-04-27,CNSHA-USLAX,PSS,200.0,USD
2022-04-027,2022-04-27,CNSHA-USLAX,BAS,2006.95,USD
2022-04-027,2022-04-27,CNSHA-USLAX,BAF,338.66,USD
2022-04-027,2022-04-27,CNSHA-USLAX,LSS,126.06,USD
2022-04-027,2022-04-27,CNSHA-USLAX,THC,222.04,EUR
2022-04-027,2022-04-27,CNSHA-USLAX,DOC,45.0,USD
2022-04-027,2022-04-27,CNSHA-USLAX,PSS,200.0,USD
2022-04-047,2022-04-27,CNSHA-NLRTM,BAS,2493.67,USD
2022-04-047,2022-04-27,CNSHA-NLRTM,BAF,326.83,USD
2022-04-047,2022-04-27,CNSHA-NLRTM,LSS,133.56,USD
2022-04-047,2022-04-27,CNSHA-NLRTM,THC,221.86,EUR
2022-04-047,2022-04-27,CNSHA-NLRTM,DOC,45.0,USD
2022-04-047,2022-04-27,CNSHA-NLRTM,PSS,200.0,USD
2022-04-051,2022-04-27,CNSHA-USLAX,BAS,2001.02,USD
2022-04-051,2022-04-27,CNSHA-USLAX,BAF,306.56,USD
2022-04-051,2022-04-27,CNSHA-USLAX,LSS,123.99,USD
2022-04-051,2022-04-27,CNSHA-USLAX,THC,223.69,EUR
2022-04-051,2022-04-27,CNSHA-USLAX,DOC,45.0,USD
2022-04-051,2022-04-27,CNSHA-USLAX,PSS,200.0,USD
2022-04-015,2022-04-28,CNSHA-USLAX,BAS,1979.49,USD
2022-04-015,2022-04-28,CNSHA-USLAX,BAF,311.88,USD
2022-04-015,2022-04-28,CNSHA-USLAX,LSS,121.82,USD
2022-04-015,2022-04-28,CNSHA-USLAX,THC,231.1,EUR
2022-04-015,2022-04-28,CNSHA-USLAX,DOC,45.0,USD
2022-04-015,2022-04-28,CNSHA-USLAX,PSS,200.0,USD
2022-04-041,2022-04-28,CNSHA-NLRTM,BAS,2485.7,USD
2022-04-041,2022-04-28,CNSHA-NLRTM,BAF,319.11,USD
2022-04-041,2022-04-28,CNSHA-NLRTM,LSS,138.07,USD
2022-04-041,2022-04-28,CNSHA-NLRTM,THC,224.22,EUR
2022-04-041,2022-04-28,CNSHA-NLRTM,DOC,45.0,USD
2022-04-041,2022-04-28,CNSHA-NLRTM,PSS,200.0,USD
2022-04-044,2022-04-28,CNSHA-NLRTM,BAS,2555.78,USD
2022-04-044,2022-04-28,CNSHA-NLRTM,BAF,296.59,USD
2022-04-044,2022-04-28,CNSHA-NLRTM,LSS,131.47,USD
2022-04-044,2022-04-28,CNSHA-NLRTM,THC,216.1,EUR
2022-04-044,2022-04-28,CNSHA-NLRTM,DOC,45.0,USD
2022-04-044,2022-04-28,CNSHA-NLRTM,PSS,200.0,USD
2022-04-054,2022-04-28,CNSHA-NLRTM,BAS,2521.71,USD
2022-04-054,2022-04-28,CNSHA-NLRTM,BAF,309.03,USD
2022-04-054,2022-04-28,CNSHA-NLRTM,LSS,135.55,USD
2022-04-054,2022-04-28,CNSHA-NLRTM,THC,211.97,EUR
2022-04-054,2022-04-28,CNSHA-NLRTM,DOC,45.0,USD
2022-04-054,2022-04-28,CNSHA-NLRTM,PSS,200.0,USD
2022-05-033,2022-05-01,CNSHA-NLRTM,BAS,2496.37,USD
2022-05-033,2022-05-01,CNSHA-NLRTM,BAF,321.26,USD
2022-05-033,2022-05-01,CNSHA-NLRTM,LSS,127.2,USD
2022-05-033,2022-05-01,CNSHA-NLRTM,THC,204.94,EUR
2022-05-033,2022-05-01,CNSHA-NLRTM,DOC,45.0,USD
2022-05-033,2022-05-01,CNSHA-NLRTM,PSS,200.0,USD
2022-05-046,2022-05-01,CNSHA-USLAX,BAS,1997.67,USD
2022-05-046,2022-05-01,CNSHA-USLAX,BAF,335.6,USD
2022-05-046,2022-05-01,CNSHA-USLAX,LSS,127.18,USD
2022-05-046,2022-05-01,CNSHA-USLAX,THC,225.74,EUR
2022-05-046,2022-05-01,CNSHA-USLAX,DOC,45.0,USD
2022-05-046,2022-05-01,CNSHA-USLAX,PSS,200.0,USD
2022-05-012,2022-05-03,CNSHA-NLRTM,BAS,2515.87,USD
2022-05-012,2022-05-03,CNSHA-NLRTM,BAF,344.95,USD
2022-05-012,2022-05-03,CNSHA-NLRTM,LSS,128.93,USD
2022-05-012,2022-05-03,CNSHA-NLRTM,THC,220.81,EUR
2022-05-012,2022-05-03,CNSHA-NLRTM,DOC,45.0,USD
2022-05-012,2022-05-03,CNSHA-NLRTM,PSS,200.0,USD
2022-05-056,2022-05-03,CNSHA-USLAX,BAS,2037.91,USD
2022-05-056,2022-05-03,CNSHA-USLAX,BAF,334.09,USD
2022-05-056,2022-05-03,CNSHA-USLAX,LSS,130.76,USD
2022-05-056,2022-05-03,CNSHA-USLAX,THC,223.75,EUR
2022-05-056,2022-05-03,CNSHA-USLAX,DOC,45.0,USD
2022-05-056,2022-05-03,CNSHA-USLAX,PSS,200.0,USD
2022-05-015,2022-05-04,CNSHA-NLRTM,BAS,2496.33,USD
2022-05-015,2022-05-04,CNSHA-NLRTM,BAF,317.05,USD
2022-05-015,2022-05-04,CNSHA-NLRTM,LSS,127.39,USD
2022-05-015,2022-05-04,CNSHA-NLRTM,THC,228.4,EUR
2022-05-015,2022-05-04,CNSHA-NLRTM,DOC,45.0,USD
2022-05-015,2022-05-04,CNSHA-NLRTM,PSS,200.0,USD
2022-05-037,2022-05-04,CNSHA-USLAX,BAS,1989.67,USD
2022-05-037,2022-05-04,CNSHA-USLAX,BAF,305.17,USD
2022-05-037,2022-05-04,CNSHA-USLAX,LSS,130.56,USD
2022-05-037,2022-05-04,CNSHA-USLAX,THC,209.06,EUR
2022-05-037,2022-05-04,CNSHA-USLAX,DOC,45.0,USD
2022-05-037,2022-05-04,CNSHA-USLAX,PSS,200.0,USD
2022-05-004,2022-05-05,CNSHA-NLRTM,BAS,2538.44,USD
2022-05-004,2022-05-05,CNSHA-NLRTM,BAF,306.55,USD
2022-05-004,2022-05-05,CNSHA-NLRTM,LSS,132.7,USD
2022-05-004,2022-05-05,CNSHA-NLRTM,THC,215.12,EUR
2022-05-004,2022-05-05,CNSHA-NLRTM,DOC,45.0,USD
2022-05-004,2022-05-05,CNSHA-NLRTM,PSS,200.0,USD
2022-05-003,2022-05-06,CNSHA-USLAX,BAS,1976.12,USD
2022-05-003,2022-05-06,CNSHA-USLAX,BAF,329.99,USD
2022-05-003,2022-05-06,CNSHA-USLAX,LSS,130.91,USD
2022-05-003,2022-05-06,CNSHA-USLAX,THC,216.08,EUR
2022-05-003,2022-05-06,CNSHA-USLAX,DOC,45.0,USD
2022-05-003,2022-05-06,CNSHA-USLAX,PSS,200.0,USD
2022-05-005,2022-05-07,CNSHA-USLAX,BAS,2013.54,USD
2022-05-005,2022-05-07,CNSHA-USLAX,BAF,320.33,USD
2022-05-005,2022-05-07,CNSHA-USLAX,LSS,126.31,USD
2022-05-005,2022-05-07,CNSHA-USLAX,THC,233.14,EUR
2022-05-005,2022-05-07,CNSHA-USLAX,DOC,45.0,USD
2022-05-005,2022-05-07,CNSHA-USLAX,PSS,200.0,USD
2022-05-027,2022-05-07,CNSHA-NLRTM,BAS,2508.78,USD
2022-05-027,2022-05-07,CNSHA-NLRTM,BAF,319.88,USD
2022-05-027,2022-05-07,CNSHA-NLRTM,LSS,131.62,USD
2022-05-027,2022-05-07,CNSHA-NLRTM,THC,221.89,EUR
2022-05-027,2022-05-07,CNSHA-NLRTM,DOC,45.0,USD
2022-05-027,2022-05-07,CNSHA-NLRTM,PSS,200.0,USD
2022-05-039,2022-05-07,CNSHA-NLRTM,BAS,2508.29,USD
2022-05-039,2022-05-07,CNSHA-NLRTM,BAF,330.12,USD
2022-05-039,2022-05-07,CNSHA-NLRTM,LSS,126.85,USD
2022-05-039,2022-05-07,CNSHA-NLRTM,THC,221.21,EUR
2022-05-039,2022-05-07,CNSHA-NLRTM,DOC,45.0,USD
2022-05-039,2022-05-07,CNSHA-NLRTM,PSS,200.0,USD
2022-05-017,2022-05-08,CNSHA-USLAX,BAS,1999.01,USD
2022-05-017,2022-05-08,CNSHA-USLAX,BAF,336.63,USD
2022-05-017,2022-05-08,CNSHA-USLAX,LSS,128.63,USD
2022-05-017,2022-05-08,CNSHA-USLAX,THC,217.09,EUR
2022-05-017,2022-05-08,CNSHA-USLAX,DOC,45.0,USD
2022-05-017,2022-05-08,CNSHA-USLAX,PSS,200.0,USD
2022-05-021,2022-05-08,CNSHA-NLRTM,BAS,2515.34,USD
2022-05-021,2022-05-08,CNSHA-NLRTM,BAF,329.21,USD
2022-05-021,2022-05-08,CNSHA-NLRTM,LSS,124.46,USD
2022-05-021,2022-05-08,CNSHA-NLRTM,THC,226.65,EUR
2022-05-021,2022-05-08,CNSHA-NLRTM,DOC,45.0,USD
2022-05-021,2022-05-08,CNSHA-NLRTM,PSS,200.0,USD
2022-05-028,2022-05-08,CNSHA-USLAX,BAS,1996.8,USD
2022-05-028,2022-05-08,CNSHA-USLAX,BAF,330.85,USD
2022-05-028,2022-05-08,CNSHA-USLAX,LSS,127.72,USD
2022-05-028,2022-05-08,CNSHA-USLAX,THC,226.63,EUR
2022-05-028,2022-05-08,CNSHA-USLAX,DOC,45.0,USD
2022-05-028,2022-05-08,CNSHA-USLAX,PSS,200.0,USD
2022-05-040,2022-05-08,CNSHA-NLRTM,BAS,2467.35,USD
2022-05-040,2022-05-08,CNSHA-NLRTM,BAF,343.26,USD
2022-05-040,2022-05-08,CNSHA-NLRTM,LSS,141.59,USD
2022-05-040,2022-05-08,CNSHA-NLRTM,THC,221.16,EUR
2022-05-040,2022-05-08,CNSHA-NLRTM,DOC,45.0,USD
2022-05-040,2022-05-08,CNSHA-NLRTM,PSS,200.0,USD
2022-05-059,2022-05-08,CNSHA-NLRTM,BAS,2470.03,USD
2022-05-059,2022-05-08,CNSHA-NLRTM,BAF,314.05,USD
2022-05-059,2022-05-08,CNSHA-NLRTM,LSS,133.27,USD
2022-05-059,2022-05-08,CNSHA-NLRTM,THC,226.7,EUR
2022-05-059,2022-05-08,CNSHA-NLRTM,DOC,45.0,USD
2022-05-059,2022-05-08,CNSHA-NLRTM,PSS,200.0,USD
2022-05-010,2022-05-09,CNSHA-USLAX,BAS,1984.52,USD
2022-05-010,2022-05-09,CNSHA-USLAX,BAF,340.8,USD
2022-05-010,2022-05-09,CNSHA-USLAX,LSS,127.69,USD
2022-05-010,2022-05-09,CNSHA-USLAX,THC,222.12,EUR
2022-05-010,2022-05-09,CNSHA-USLAX,DOC,45.0,USD
2022-05-010,2022-05-09,CNSHA-USLAX,PSS,200.0,USD
2022-05-030,2022-05-09,CNSHA-NLRTM,BAS,2476.48,USD
2022-05-030,2022-05-09,CNSHA-NLRTM,BAF,334.5,USD
2022-05-030,2022-05-09,CNSHA-NLRTM,LSS,130.46,USD
2022-05-030,2022-05-09,CNSHA-NLRTM,THC,220.16,EUR
2022-05-030,2022-05-09,CNSHA-NLRTM,DOC,45.0,USD
2022-05-030,2022-05-09,CNSHA-NLRTM,PSS,200.0,USD
2022-05-058,2022-05-09,CNSHA-USLAX,BAS,2007.25,USD
2022-05-058,2022-05-09,CNSHA-USLAX,BAF,348.43,USD
2022-05-058,2022-05-09,CNSHA-USLAX,LSS,125.44,USD
2022-05-058,2022-05-09,CNSHA-USLAX,THC,225.89,EUR
2022-05-058,2022-05-09,CNSHA-USLAX,DOC,45.0,USD
2022-05-058,2022-05-09,CNSHA-USLAX,PSS,200.0,USD
2022-05-018,2022-05-10,CNSHA-USLAX,BAS,1988.0,USD
2022-05-018,2022-05-10,CNSHA-USLAX,BAF,318.39,USD
2022-05-018,2022-05-10,CNSHA-USLAX,LSS,131.97,USD
2022-05-018,2022-05-10,CNSHA-USLAX,THC,210.87,EUR
2022-05-018,2022-05-10,CNSHA-USLAX,DOC,45.0,USD
2022-05-018,2022-05-10,CNSHA-USLAX,PSS,200.0,USD
2022-05-023,2022-05-10,CNSHA-USLAX,BAS,2037.95,USD
2022-05-023,2022-05-10,CNSHA-USLAX,BAF,337.32,USD
2022-05-023,2022-05-10,CNSHA-USLAX,LSS,130.01,USD
2022-05-023,2022-05-10,CNSHA-USLAX,THC,217.26,EUR
2022-05-023,2022-05-10,CNSHA-USLAX,DOC,45.0,USD
2022-05-023,2022-05-10,CNSHA-USLAX,PSS,200.0,USD
2022-05-048,2022-05-10,CNSHA-NLRTM,BAS,2482.72,USD
2022-05-048,2022-05-10,CNSHA-NLRTM,BAF,344.82,USD
2022-05-048,2022-05-10,CNSHA-NLRTM,LSS,124.43,USD
2022-05-048,2022-05-10,CNSHA-NLRTM,THC,231.98,EUR
2022-05-048,2022-05-10,CNSHA-NLRTM,DOC,45.0,USD
2022-05-048,2022-05-10,CNSHA-NLRTM,PSS,200.0,USD
2022-05-052,2022-05-10,CNSHA-USLAX,BAS,1999.45,USD
2022-05-052,2022-05-10,CNSHA-USLAX,BAF,336.85,USD
2022-05-052,2022-05-10,CNSHA-USLAX,LSS,127.68,USD
2022-05-052,2022-05-10,CNSHA-USLAX,THC,213.67,EUR
2022-05-052,2022-05-10,CNSHA-USLAX,DOC,45.0,USD
2022-05-052,2022-05-10,CNSHA-USLAX,PSS,200.0,USD
2022-05-025,2022-05-11,CNSHA-USLAX,BAS,2016.47,USD
2022-05-025,2022-05-11,CNSHA-USLAX,BAF,327.64,USD
2022-05-025,2022-05-11,CNSHA-USLAX,LSS,131.47,USD
2022-05-025,2022-05-11,CNSHA-USLAX,THC,221.13,EUR
2022-05-025,2022-05-11,CNSHA-USLAX,DOC,45.0,USD
2022-05-025,2022-05-11,CNSHA-USLAX,PSS,200.0,USD
2022-05-057,2022-05-12,CNSHA-USLAX,BAS,1983.34,USD
2022-05-057,2022-05-12,CNSHA-USLAX,BAF,333.31,USD
2022-05-057,2022-05-12,CNSHA-USLAX,LSS,131.33,USD
2022-05-057,2022-05-12,CNSHA-USLAX,THC,230.49,EUR
2022-05-057,2022-05-12,CNSHA-USLAX,DOC,45.0,USD
2022-05-057,2022-05-12,CNSHA-USLAX,PSS,200.0,USD
2022-05-000,2022-05-13,CNSHA-USLAX,BAS,2029.46,USD
2022-05-000,2022-05-13,CNSHA-USLAX,BAF,313.2,USD
2022-05-000,2022-05-13,CNSHA-USLAX,LSS,133.7,USD
2022-05-000,2022-05-13,CNSHA-USLAX,THC,219.55,EUR
2022-05-000,2022-05-13,CNSHA-USLAX,DOC,45.0,USD
2022-05-000,2022-05-13,CNSHA-USLAX,PSS,200.0,USD
2022-05-026,2022-05-13,CNSHA-NLRTM,BAS,2501.77,USD
2022-05-026,2022-05-13,CNSHA-NLRTM,BAF,336.2,USD
2022-05-026,2022-05-13,CNSHA-NLRTM,LSS,124.89,USD
2022-05-026,2022-05-13,CNSHA-NLRTM,THC,216.73,EUR
2022-05-026,2022-05-13,CNSHA-NLRTM,DOC,45.0,USD
2022-05-026,2022-05-13,CNSHA-NLRTM,PSS,200.0,USD
2022-05-044,2022-05-13,CNSHA-NLRTM,BAS,2539.31,USD
2022-05-044,2022-05-13,CNSHA-NLRTM,BAF,320.16,USD
2022-05-044,2022-05-13,CNSHA-NLRTM,LSS,125.86,USD
2022-05-044,2022-05-13,CNSHA-NLRTM,THC,212.57,EUR
2022-05-044,2022-05-13,CNSHA-NLRTM,DOC,45.0,USD
2022-05-044,2022-05-13,CNSHA-NLRTM,PSS,200.0,USD
2022-05-016,2022-05-15,CNSHA-USLAX,BAS,1944.7,USD
2022-05-016,2022-05-15,CNSHA-USLAX,BAF,341.6,USD
2022-05-016,2022-05-15,CNSHA-USLAX,LSS,131.85,USD
2022-05-016,2022-05-15,CNSHA-USLAX,THC,201.73,EUR
2022-05-016,2022-05-15,CNSHA-USLAX,DOC,45.0,USD
2022-05-016,2022-05-15,CNSHA-USLAX,PSS,200.0,USD
2022-05-036,2022-05-16,CNSHA-NLRTM,BAS,2501.47,USD
2022-05-036,2022-05-16,CNSHA-NLRTM,BAF,319.31,USD
2022-05-036,2022-05-16,CNSHA-NLRTM,LSS,128.58,USD
2022-05-036,2022-05-16,CNSHA-NLRTM,THC,224.13,EUR
2022-05-036,2022-05-16,CNSHA-NLRTM,DOC,45.0,USD
2022-05-036,2022-05-16,CNSHA-NLRTM,PSS,200.0,USD
2022-05-043,2022-05-17,CNSHA-USLAX,BAS,1991.36,USD
2022-05-043,2022-05-17,CNSHA-USLAX,BAF,323.16,USD
2022-05-043,2022-05-17,CNSHA-USLAX,LSS,129.53,USD
2022-05-043,2022-05-17,CNSHA-USLAX,THC,223.71,EUR
2022-05-043,2022-05-17,CNSHA-USLAX,DOC,45.0,USD
2022-05-043,2022-05-17,CNSHA-USLAX,PSS,200.0,USD
2022-05-053,2022-05-17,CNSHA-USLAX,BAS,2008.46,USD
2022-05-053,2022-05-17,CNSHA-USLAX,BAF,350.53,USD
2022-05-053,2022-05-17,CNSHA-USLAX,LSS,131.19,USD
2022-05-053,2022-05-17,CNSHA-USLAX,THC,230.5,EUR
2022-05-053,2022-05-17,CNSHA-USLAX,DOC,45.0,USD
2022-05-053,2022-05-17,CNSHA-USLAX,PSS,200.0,USD
2022-05-029,2022-05-18,CNSHA-USLAX,BAS,1949.85,USD
2022-05-029,2022-05-18,CNSHA-USLAX,BAF,306.09,USD
2022-05-029,2022-05-18,CNSHA-USLAX,LSS,132.8,USD
2022-05-029,2022-05-18,CNSHA-USLAX,THC,213.63,EUR
2022-05-029,2022-05-18,CNSHA-USLAX,DOC,45.0,USD
2022-05-029,2022-05-18,CNSHA-USLAX,PSS,200.0,USD
2022-05-007,2022-05-19,CNSHA-NLRTM,BAS,2494.21,USD
2022-05-007,2022-05-19,CNSHA-NLRTM,BAF,328.74,USD
2022-05-007,2022-05-19,CNSHA-NLRTM,LSS,138.35,USD
2022-05-007,2022-05-19,CNSHA-NLRTM,THC,216.96,EUR
2022-05-007,2022-05-19,CNSHA-NLRTM,DOC,45.0,USD
2022-05-007,2022-05-19,CNSHA-NLRTM,PSS,200.0,USD
2022-05-013,2022-05-19,CNSHA-USLAX,BAS,1988.26,USD
2022-05-013,2022-05-19,CNSHA-USLAX,BAF,320.59,USD
2022-05-013,2022-05-19,CNSHA-USLAX,LSS,136.22,USD
2022-05-013,2022-05-19,CNSHA-USLAX,THC,220.69,EUR
2022-05-013,2022-05-19,CNSHA-USLAX,DOC,45.0,USD
2022-05-013,2022-05-19,CNSHA-USLAX,PSS,200.0,USD
2022-05-050,2022-05-19,CNSHA-USLAX,BAS,2003.82,USD
2022-05-050,2022-05-19,CNSHA-USLAX,BAF,323.01,USD
2022-05-050,2022-05-19,CNSHA-USLAX,LSS,127.01,USD
2022-05-050,2022-05-19,CNSHA-USLAX,THC,226.94,EUR
2022-05-050,2022-05-19,CNSHA-USLAX,DOC,45.0,USD
2022-05-050,2022-05-19,CNSHA-USLAX,PSS,200.0,USD
2022-05-051,2022-05-19,CNSHA-USLAX,BAS,2010.04,USD
2022-05-051,2022-05-19,CNSHA-USLAX,BAF,309.55,USD
2022-05-051,2022-05-19,CNSHA-USLAX,LSS,130.4,USD
2022-05-051,2022-05-19,CNSHA-USLAX,THC,213.68,EUR
2022-05-051,2022-05-19,CNSHA-USLAX,DOC,45.0,USD
2022-05-051,2022-05-19,CNSHA-USLAX,PSS,200.0,USD
2022-05-047,2022-05-20,CNSHA-USLAX,BAS,1964.95,USD
2022-05-047,2022-05-20,CNSHA-USLAX,BAF,317.68,USD
2022-05-047,2022-05-20,CNSHA-USLAX,LSS,129.67,USD
2022-05-047,2022-05-20,CNSHA-USLAX,THC,229.94,EUR
2022-05-047,2022-05-20,CNSHA-USLAX,DOC,45.0,USD
2022-05-047,2022-05-20,CNSHA-USLAX,PSS,200.0,USD
2022-05-006,2022-05-21,CNSHA-USLAX,BAS,2000.31,USD
2022-05-006,2022-05-21,CNSHA-USLAX,BAF,328.03,USD
2022-05-006,2022-05-21,CNSHA-USLAX,LSS,133.01,USD
2022-05-006,2022-05-21,CNSHA-USLAX,THC,216.53,EUR
2022-05-006,2022-05-21,CNSHA-USLAX,DOC,45.0,USD
2022-05-006,2022-05-21,CNSHA-USLAX,PSS,200.0,USD
2022-05-014,2022-05-21,CNSHA-USLAX,BAS,2005.35,USD
2022-05-014,2022-05-21,CNSHA-USLAX,BAF,325.97,USD
2022-05-014,2022-05-21,CNSHA-USLAX,LSS,130.77,USD
2022-05-014,2022-05-21,CNSHA-USLAX,THC,226.48,EUR
2022-05-014,2022-05-21,CNSHA-USLAX,DOC,45.0,USD
2022-05-014,2022-05-21,CNSHA-USLAX,PSS,200.0,USD
2022-05-001,2022-05-22,CNSHA-USLAX,BAS,1997.14,USD
2022-05-001,2022-05-22,CNSHA-USLAX,BAF,313.25,USD
2022-05-001,2022-05-22,CNSHA-USLAX,LSS,129.43,USD
2022-05-001,2022-05-22,CNSHA-USLAX,THC,238.25,EUR
2022-05-001,2022-05-22,CNSHA-USLAX,DOC,45.0,USD
2022-05-001,2022-05-22,CNSHA-USLAX,PSS,200.0,USD
2022-05-009,2022-05-22,CNSHA-USLAX,BAS,2006.72,USD
2022-05-009,2022-05-22,CNSHA-USLAX,BAF,321.96,USD
2022-05-009,2022-05-22,CNSHA-USLAX,LSS,128.85,USD
2022-05-009,2022-05-22,CNSHA-USLAX,THC,214.87,EUR
2022-05-009,2022-05-22,CNSHA-USLAX,DOC,45.0,USD
2022-05-009,2022-05-22,CNSHA-USLAX,PSS,200.0,USD
2022-05-019,2022-05-22,CNSHA-USLAX,BAS,1960.41,USD
2022-05-019,2022-05-22,CNSHA-USLAX,BAF,323.14,USD
2022-05-019,2022-05-22,CNSHA-USLAX,LSS,128.37,USD
2022-05-019,2022-05-22,CNSHA-USLAX,THC,214.85,EUR
2022-05-019,2022-05-22,CNSHA-USLAX,DOC,45.0,USD
2022-05-019,2022-05-22,CNSHA-USLAX,PSS,200.0,USD
2022-05-032,2022-05-23,CNSHA-USLAX,BAS,1999.66,USD
2022-05-032,2022-05-23,CNSHA-USLAX,BAF,313.97,USD
2022-05-032,2022-05-23,CNSHA-USLAX,LSS,131.93,USD
2022-05-032,2022-05-23,CNSHA-USLAX,THC,226.16,EUR
2022-05-032,2022-05-23,CNSHA-USLAX,DOC,45.0,USD
2022-05-032,2022-05-23,CNSHA-USLAX,PSS,200.0,USD
2022-05-038,2022-05-24,CNSHA-USLAX,BAS,2016.17,USD
2022-05-038,2022-05-24,CNSHA-USLAX,BAF,351.23,USD
2022-05-038,2022-05-24,CNSHA-USLAX,LSS,131.78,USD
2022-05-038,2022-05-24,CNSHA-USLAX,THC,221.0,EUR
2022-05-038,2022-05-24,CNSHA-USLAX,DOC,45.0,USD
2022-05-038,2022-05-24,CNSHA-USLAX,PSS,200.0,USD
2022-05-049,2022-05-24,CNSHA-NLRTM,BAS,2513.51,USD
2022-05-049,2022-05-24,CNSHA-NLRTM,BAF,311.47,USD
2022-05-049,2022-05-24,CNSHA-NLRTM,LSS,130.27,USD
2022-05-049,2022-05-24,CNSHA-NLRTM,THC,222.77,EUR
2022-05-049,2022-05-24,CNSHA-NLRTM,DOC,45.0,USD
2022-05-049,2022-05-24,CNSHA-NLRTM,PSS,200.0,USD
2022-05-011,2022-05-25,CNSHA-NLRTM,BAS,2485.1,USD
2022-05-011,2022-05-25,CNSHA-NLRTM,BAF,326.17,USD
2022-05-011,2022-05-25,CNSHA-NLRTM,LSS,127.91,USD
2022-05-011,2022-05-25,CNSHA-NLRTM,THC,226.53,EUR
2022-05-011,2022-05-25,CNSHA-NLRTM,DOC,45.0,USD
2022-05-011,2022-05-25,CNSHA-NLRTM,PSS,200.0,USD
2022-05-041,2022-05-25,CNSHA-USLAX,BAS,1969.1,USD
2022-05-041,2022-05-25,CNSHA-USLAX,BAF,299.6,USD
2022-05-041,2022-05-25,CNSHA-USLAX,LSS,132.78,USD
2022-05-041,2022-05-25,CNSHA-USLAX,THC,229.3,EUR
2022-05-041,2022-05-25,CNSHA-USLAX,DOC,45.0,USD
2022-05-041,2022-05-25,CNSHA-USLAX,PSS,200.0,USD
2022-05-042,2022-05-25,CNSHA-USLAX,BAS,1991.82,USD
2022-05-042,2022-05-25,CNSHA-USLAX,BAF,354.05,USD
2022-05-042,2022-05-25,CNSHA-USLAX,LSS,127.98,USD
2022-05-042,2022-05-25,CNSHA-USLAX,THC,219.09,EUR
2022-05-042,2022-05-25,CNSHA-USLAX,DOC,45.0,USD
2022-05-042,2022-05-25,CNSHA-USLAX,PSS,200.0,USD
2022-05-002,2022-05-26,CNSHA-NLRTM,BAS,2533.06,USD
2022-05-002,2022-05-26,CNSHA-NLRTM,BAF,322.89,USD
2022-05-002,2022-05-26,CNSHA-NLRTM,LSS,130.79,USD
2022-05-002,2022-05-26,CNSHA-NLRTM,THC,226.37,EUR
2022-05-002,2022-05-26,CNSHA-NLRTM,DOC,45.0,USD
2022-05-002,2022-05-26,CNSHA-NLRTM,PSS,200.0,USD
2022-05-045,2022-05-26,CNSHA-NLRTM,BAS,2517.64,USD
2022-05-045,2022-05-26,CNSHA-NLRTM,BAF,327.23,USD
2022-05-045,2022-05-26,CNSHA-NLRTM,LSS,134.27,USD
2022-05-045,2022-05-26,CNSHA-NLRTM,THC,216.85,EUR
2022-05-045,2022-05-26,CNSHA-NLRTM,DOC,45.0,USD
2022-05-045,2022-05-26,CNSHA-NLRTM,PSS,200.0,USD
2022-05-054,2022-05-26,CNSHA-NLRTM,BAS,2499.0,USD
2022-05-054,2022-05-26,CNSHA-NLRTM,BAF,309.43,USD
2022-05-054,2022-05-26,CNSHA-NLRTM,LSS,130.65,USD
2022-05-054,2022-05-26,CNSHA-NLRTM,THC,213.85,EUR
2022-05-054,2022-05-26,CNSHA-NLRTM,DOC,45.0,USD
2022-05-054,2022-05-26,CNSHA-NLRTM,PSS,200.0,USD
2022-05-020,2022-05-27,CNSHA-NLRTM,BAS,2483.67,USD
2022-05-020,2022-05-27,CNSHA-NLRTM,BAF,313.64,USD
2022-05-020,2022-05-27,CNSHA-NLRTM,LSS,126.7,USD
2022-05-020,2022-05-27,CNSHA-NLRTM,THC,218.14,EUR
2022-05-020,2022-05-27,CNSHA-NLRTM,DOC,45.0,USD
2022-05-020,2022-05-27,CNSHA-NLRTM,PSS,200.0,USD
2022-05-022,2022-05-27,CNSHA-NLRTM,BAS,2521.59,USD
2022-05-022,2022-05-27,CNSHA-NLRTM,BAF,313.4,USD
2022-05-022,2022-05-27,CNSHA-NLRTM,LSS,125.82,USD
2022-05-022,2022-05-27,CNSHA-NLRTM,THC,220.11,EUR
2022-05-022,2022-05-27,CNSHA-NLRTM,DOC,45.0,USD
2022-05-022,2022-05-27,CNSHA-NLRTM,PSS,200.0,USD
2022-05-031,2022-05-27,CNSHA-USLAX,BAS,1973.04,USD
2022-05-031,2022-05-27,CNSHA-USLAX,BAF,330.4,USD
2022-05-031,2022-05-27,CNSHA-USLAX,LSS,129.05,USD
2022-05-031,2022-05-27,CNSHA-USLAX,THC,230.72,EUR
2022-05-031,2022-05-27,CNSHA-USLAX,DOC,45.0,USD
2022-05-031,2022-05-27,CNSHA-USLAX,PSS,200.0,USD
2022-05-055,2022-05-27,CNSHA-USLAX,BAS,1996.02,USD
2022-05-055,2022-05-27,CNSHA-USLAX,BAF,329.46,USD
2022-05-055,2022-05-27,CNSHA-USLAX,LSS,131.2,USD
2022-05-055,2022-05-27,CNSHA-USLAX,THC,218.05,EUR
2022-05-055,2022-05-27,CNSHA-USLAX,DOC,45.0,USD
2022-05-055,2022-05-27,CNSHA-USLAX,PSS,200.0,USD
2022-05-008,2022-05-28,CNSHA-USLAX,BAS,1987.37,USD
2022-05-008,2022-05-28,CNSHA-USLAX,BAF,313.26,USD
2022-05-008,2022-05-28,CNSHA-USLAX,LSS,131.17,USD
2022-05-008,2022-05-28,CNSHA-USLAX,THC,229.9,EUR
2022-05-008,2022-05-28,CNSHA-USLAX,DOC,45.0,USD
2022-05-008,2022-05-28,CNSHA-USLAX,PSS,200.0,USD
2022-05-024,2022-05-28,CNSHA-USLAX,BAS,1991.56,USD
2022-05-024,2022-05-28,CNSHA-USLAX,BAF,311.74,USD
2022-05-024,2022-05-28,CNSHA-USLAX,LSS,127.6,USD
2022-05-024,2022-05-28,CNSHA-USLAX,THC,228.57,EUR
2022-05-024,2022-05-28,CNSHA-USLAX,DOC,45.0,USD
2022-05-024,2022-05-28,CNSHA-USLAX,PSS,200.0,USD
2022-05-034,2022-05-28,CNSHA-USLAX,BAS,1970.27,USD
2022-05-034,2022-05-28,CNSHA-USLAX,BAF,298.03,USD
2022-05-034,2022-05-28,CNSHA-USLAX,LSS,134.37,USD
2022-05-034,2022-05-28,CNSHA-USLAX,THC,227.13,EUR
2022-05-034,2022-05-28,CNSHA-USLAX,DOC,45.0,USD
2022-05-034,2022-05-28,CNSHA-USLAX,PSS,200.0,USD
2022-05-035,2022-05-28,CNSHA-USLAX,BAS,2018.1,USD
2022-05-035,2022-05-28,CNSHA-USLAX,BAF,326.59,USD
2022-05-035,2022-05-28,CNSHA-USLAX,LSS,128.94,USD
2022-05-035,2022-05-28,CNSHA-USLAX,THC,214.45,EUR
2022-05-035,2022-05-28,CNSHA-USLAX,DOC,45.0,USD
2022-05-035,2022-05-28,CNSHA-USLAX,PSS,200.0,USD
2022-06-012,2022-06-02,CNSHA-USLAX,BAS,2023.17,USD
2022-06-012,2022-06-02,CNSHA-USLAX,BAF,353.02,USD
2022-06-012,2022-06-02,CNSHA-USLAX,LSS,133.33,USD
2022-06-012,2022-06-02,CNSHA-USLAX,THC,221.01,EUR
2022-06-012,2022-06-02,CNSHA-USLAX,DOC,45.0,USD
2022-06-012,2022-06-02,CNSHA-USLAX,PSS,200.0,USD
2022-06-002,2022-06-03,CNSHA-NLRTM,BAS,2471.93,USD
2022-06-002,2022-06-03,CNSHA-NLRTM,BAF,319.87,USD
2022-06-002,2022-06-03,CNSHA-NLRTM,LSS,129.88,USD
2022-06-002,2022-06-03,CNSHA-NLRTM,THC,211.77,EUR
2022-06-002,2022-06-03,CNSHA-NLRTM,DOC,45.0,USD
2022-06-002,2022-06-03,CNSHA-NLRTM,PSS,200.0,USD
2022-06-031,2022-06-03,CNSHA-USLAX,BAS,1988.82,USD
2022-06-031,2022-06-03,CNSHA-USLAX,BAF,313.5,USD
2022-06-031,2022-06-03,CNSHA-USLAX,LSS,134.29,USD
2022-06-031,2022-06-03,CNSHA-USLAX,THC,229.36,EUR
2022-06-031,2022-06-03,CNSHA-USLAX,DOC,45.0,USD
2022-06-031,2022-06-03,CNSHA-USLAX,PSS,200.0,USD
2022-06-049,2022-06-03,CNSHA-NLRTM,BAS,2535.52,USD
2022-06-049,2022-06-03,CNSHA-NLRTM,BAF,328.73,USD
2022-06-049,2022-06-03,CNSHA-NLRTM,LSS,136.69,USD
2022-06-049,2022-06-03,CNSHA-NLRTM,THC,214.43,EUR
2022-06-049,2022-06-03,CNSHA-NLRTM,DOC,45.0,USD
2022-06-049,2022-06-03,CNSHA-NLRTM,PSS,200.0,USD
2022-06-050,2022-06-03,CNSHA-NLRTM,BAS,2511.63,USD
2022-06-050,2022-06-03,CNSHA-NLRTM,BAF,356.5,USD
2022-06-050,2022-06-03,CNSHA-NLRTM,LSS,132.88,USD
2022-06-050,2022-06-03,CNSHA-NLRTM,THC,220.94,EUR
2022-06-050,2022-06-03,CNSHA-NLRTM,DOC,45.0,USD
2022-06-050,2022-06-03,CNSHA-NLRTM,PSS,200.0,USD
2022-06-020,2022-06-04,CNSHA-NLRTM,BAS,2497.12,USD
2022-06-020,2022-06-04,CNSHA-NLRTM,BAF,316.1,USD
2022-06-020,2022-06-04,CNSHA-NLRTM,LSS,126.2,USD
2022-06-020,2022-06-04,CNSHA-NLRTM,THC,217.34,EUR
2022-06-020,2022-06-04,CNSHA-NLRTM,DOC,45.0,USD
2022-06-020,2022-06-04,CNSHA-NLRTM,PSS,200.0,USD
2022-06-042,2022-06-05,CNSHA-USLAX,BAS,1985.57,USD
2022-06-042,2022-06-05,CNSHA-USLAX,BAF,341.5,USD
2022-06-042,2022-06-05,CNSHA-USLAX,LSS,126.66,USD
2022-06-042,2022-06-05,CNSHA-USLAX,THC,219.01,EUR
2022-06-042,2022-06-05,CNSHA-USLAX,DOC,45.0,USD
2022-06-042,2022-06-05,CNSHA-USLAX,PSS,200.0,USD
2022-06-040,2022-06-06,CNSHA-USLAX,BAS,1989.65,USD
2022-06-040,2022-06-06,CNSHA-USLAX,BAF,336.65,USD
2022-06-040,2022-06-06,CNSHA-USLAX,LSS,130.6,USD
2022-06-040,2022-06-06,CNSHA-USLAX,THC,224.76,EUR
2022-06-040,2022-06-06,CNSHA-USLAX,DOC,45.0,USD
2022-06-040,2022-06-06,CNSHA-USLAX,PSS,200.0,USD
2022-06-041,2022-06-06,CNSHA-USLAX,BAS,2009.19,USD
2022-06-041,2022-06-06,CNSHA-USLAX,BAF,343.39,USD
2022-06-041,2022-06-06,CNSHA-USLAX,LSS,133.05,USD
2022-06-041,2022-06-06,CNSHA-USLAX,THC,224.95,EUR
2022-06-041,2022-06-06,CNSHA-USLAX,DOC,45.0,USD
2022-06-041,2022-06-06,CNSHA-USLAX,PSS,200.0,USD
2022-06-016,2022-06-08,CNSHA-NLRTM,BAS,2485.98,USD
2022-06-016,2022-06-08,CNSHA-NLRTM,BAF,299.99,USD
2022-06-016,2022-06-08,CNSHA-NLRTM,LSS,126.89,USD
2022-06-016,2022-06-08,CNSHA-NLRTM,THC,218.97,EUR
2022-06-016,2022-06-08,CNSHA-NLRTM,DOC,45.0,USD
2022-06-016,2022-06-08,CNSHA-NLRTM,PSS,200.0,USD
2022-06-023,2022-06-08,CNSHA-USLAX,BAS,1977.46,USD
2022-06-023,2022-06-08,CNSHA-USLAX,BAF,360.5,USD
2022-06-023,2022-06-08,CNSHA-USLAX,LSS,128.22,USD
2022-06-023,2022-06-08,CNSHA-USLAX,THC,214.11,EUR
2022-06-023,2022-06-08,CNSHA-USLAX,DOC,45.0,USD
2022-06-023,2022-06-08,CNSHA-USLAX,PSS,200.0,USD
2022-06-026,2022-06-08,CNSHA-NLRTM,BAS,2530.14,USD
2022-06-026,2022-06-08,CNSHA-NLRTM,BAF,330.59,USD
2022-06-026,2022-06-08,CNSHA-NLRTM,LSS,132.75,USD
2022-06-026,2022-06-08,CNSHA-NLRTM,THC,219.29,EUR
2022-06-026,2022-06-08,CNSHA-NLRTM,DOC,45.0,USD
2022-06-026,2022-06-08,CNSHA-NLRTM,PSS,200.0,USD
2022-06-051,2022-06-08,CNSHA-NLRTM,BAS,2530.84,USD
2022-06-051,2022-06-08,CNSHA-NLRTM,BAF,371.12,USD
2022-06-051,2022-06-08,CNSHA-NLRTM,LSS,130.79,USD
2022-06-051,2022-06-08,CNSHA-NLRTM,THC,212.46,EUR
2022-06-051,2022-06-08,CNSHA-NLRTM,DOC,45.0,USD
2022-06-051,2022-06-08,CNSHA-NLRTM,PSS,200.0,USD
2022-06-006,2022-06-09,CNSHA-USLAX,BAS,2010.43,USD
2022-06-006,2022-06-09,CNSHA-USLAX,BAF,317.81,USD
2022-06-006,2022-06-09,CNSHA-USLAX,LSS,126.01,USD
2022-06-006,2022-06-09,CNSHA-USLAX,THC,223.79,EUR
2022-06-006,2022-06-09,CNSHA-USLAX,DOC,45.0,USD
2022-06-006,2022-06-09,CNSHA-USLAX,PSS,200.0,USD
2022-06-009,2022-06-09,CNSHA-NLRTM,BAS,2479.19,USD
2022-06-009,2022-06-09,CNSHA-NLRTM,BAF,338.61,USD
2022-06-009,2022-06-09,CNSHA-NLRTM,LSS,130.48,USD
2022-06-009,2022-06-09,CNSHA-NLRTM,THC,226.31,EUR
2022-06-009,2022-06-09,CNSHA-NLRTM,DOC,45.0,USD
2022-06-009,2022-06-09,CNSHA-NLRTM,PSS,200.0,USD
2022-06-018,2022-06-09,CNSHA-NLRTM,BAS,2514.94,USD
2022-06-018,2022-06-09,CNSHA-NLRTM,BAF,338.89,USD
2022-06-018,2022-06-09,CNSHA-NLRTM,LSS,124.94,USD
2022-06-018,2022-06-09,CNSHA-NLRTM,THC,216.69,EUR
2022-06-018,2022-06-09,CNSHA-NLRTM,DOC,45.0,USD
2022-06-018,2022-06-09,CNSHA-NLRTM,PSS,200.0,USD
2022-06-017,2022-06-10,CNSHA-USLAX,BAS,1965.32,USD
2022-06-017,2022-06-10,CNSHA-USLAX,BAF,320.44,USD
2022-06-017,2022-06-10,CNSHA-USLAX,LSS,133.95,USD
2022-06-017,2022-06-10,CNSHA-USLAX,THC,218.03,EUR
2022-06-017,2022-06-10,CNSHA-USLAX,DOC,45.0,USD
2022-06-017,2022-06-10,CNSHA-USLAX,PSS,200.0,USD
2022-06-038,2022-06-10,CNSHA-NLRTM,BAS,2501.48,USD
2022-06-038,2022-06-10,CNSHA-NLRTM,BAF,364.96,USD
2022-06-038,2022-06-10,CNSHA-NLRTM,LSS,120.28,USD
2022-06-038,2022-06-10,CNSHA-NLRTM,THC,227.44,EUR
2022-06-038,2022-06-10,CNSHA-NLRTM,DOC,45.0,USD
2022-06-038,2022-06-10,CNSHA-NLRTM,PSS,200.0,USD
2022-06-013,2022-06-11,CNSHA-NLRTM,BAS,2507.24,USD
2022-06-013,2022-06-11,CNSHA-NLRTM,BAF,320.39,USD
2022-06-013,2022-06-11,CNSHA-NLRTM,LSS,132.94,USD
2022-06-013,2022-06-11,CNSHA-NLRTM,THC,205.01,EUR
2022-06-013,2022-06-11,CNSHA-NLRTM,DOC,45.0,USD
2022-06-013,2022-06-11,CNSHA-NLRTM,PSS,200.0,USD
2022-06-032,2022-06-11,CNSHA-USLAX,BAS,2003.58,USD
2022-06-032,2022-06-11,CNSHA-USLAX,BAF,294.01,USD
2022-06-032,2022-06-11,CNSHA-USLAX,LSS,126.32,USD
2022-06-032,2022-06-11,CNSHA-USLAX,THC,223.65,EUR
2022-06-032,2022-06-11,CNSHA-USLAX,DOC,45.0,USD
2022-06-032,2022-06-11,CNSHA-USLAX,PSS,200.0,USD
2022-06-015,2022-06-12,CNSHA-USLAX,BAS,2016.94,USD
2022-06-015,2022-06-12,CNSHA-USLAX,BAF,351.34,USD
2022-06-015,2022-06-12,CNSHA-USLAX,LSS,131.19,USD
2022-06-015,2022-06-12,CNSHA-USLAX,THC,218.06,EUR
2022-06-015,2022-06-12,CNSHA-USLAX,DOC,45.0,USD
2022-06-015,2022-06-12,CNSHA-USLAX,PSS,200.0,USD
2022-06-028,2022-06-12,CNSHA-NLRTM,BAS,2504.12,USD
2022-06-028,2022-06-12,CNSHA-NLRTM,BAF,312.63,USD
2022-06-028,2022-06-12,CNSHA-NLRTM,LSS,125.2,USD
2022-06-028,2022-06-12,CNSHA-NLRTM,THC,215.64,EUR
2022-06-028,2022-06-12,CNSHA-NLRTM,DOC,45.0,USD
2022-06-028,2022-06-12,CNSHA-NLRTM,PSS,200.0,USD
2022-06-036,2022-06-14,CNSHA-NLRTM,BAS,2461.09,USD
2022-06-036,2022-06-14,CNSHA-NLRTM,BAF,352.84,USD
2022-06-036,2022-06-14,CNSHA-NLRTM,LSS,131.08,USD
2022-06-036,2022-06-14,CNSHA-NLRTM,THC,222.25,EUR
2022-06-036,2022-06-14,CNSHA-NLRTM,DOC,45.0,USD
2022-06-036,2022-06-14,CNSHA-NLRTM,PSS,200.0,USD
2022-06-001,2022-06-15,CNSHA-NLRTM,BAS,2589.19,USD
2022-06-001,2022-06-15,CNSHA-NLRTM,BAF,340.41,USD
2022-06-001,2022-06-15,CNSHA-NLRTM,LSS,137.64,USD
2022-06-001,2022-06-15,CNSHA-NLRTM,THC,215.58,EUR
2022-06-001,2022-06-15,CNSHA-NLRTM,DOC,45.0,USD
2022-06-001,2022-06-15,CNSHA-NLRTM,PSS,200.0,USD
2022-06-043,2022-06-15,CNSHA-USLAX,BAS,1955.79,USD
2022-06-043,2022-06-15,CNSHA-USLAX,BAF,329.76,USD
2022-06-043,2022-06-15,CNSHA-USLAX,LSS,132.52,USD
2022-06-043,2022-06-15,CNSHA-USLAX,THC,223.74,EUR
2022-06-043,2022-06-15,CNSHA-USLAX,DOC,45.0,USD
2022-06-043,2022-06-15,CNSHA-USLAX,PSS,200.0,USD
2022-06-007,2022-06-16,CNSHA-NLRTM,BAS,2527.31,USD
2022-06-007,2022-06-16,CNSHA-NLRTM,BAF,353.72,USD
2022-06-007,2022-06-16,CNSHA-NLRTM,LSS,127.47,USD
2022-06-007,2022-06-16,CNSHA-NLRTM,THC,214.15,EUR
2022-06-007,2022-06-16,CNSHA-NLRTM,DOC,45.0,USD
2022-06-007,2022-06-16,CNSHA-NLRTM,PSS,200.0,USD
2022-06-044,2022-06-16,CNSHA-USLAX,BAS,1973.42,USD
2022-06-044,2022-06-16,CNSHA-USLAX,BAF,323.4,USD
2022-06-044,2022-06-16,CNSHA-USLAX,LSS,130.98,USD
2022-06-044,2022-06-16,CNSHA-USLAX,THC,222.9,EUR
2022-06-044,2022-06-16,CNSHA-USLAX,DOC,45.0,USD
2022-06-044,2022-06-16,CNSHA-USLAX,PSS,200.0,USD
2022-06-010,2022-06-17,CNSHA-NLRTM,BAS,2541.4,USD
2022-06-010,2022-06-17,CNSHA-NLRTM,BAF,315.07,USD
2022-06-010,2022-06-17,CNSHA-NLRTM,LSS,137.42,USD
2022-06-010,2022-06-17,CNSHA-NLRTM,THC,221.39,EUR
2022-06-010,2022-06-17,CNSHA-NLRTM,DOC,45.0,USD
2022-06-010,2022-06-17,CNSHA-NLRTM,PSS,200.0,USD
2022-06-011,2022-06-17,CNSHA-NLRTM,BAS,2525.54,USD
2022-06-011,2022-06-17,CNSHA-NLRTM,BAF,334.98,USD
2022-06-011,2022-06-17,CNSHA-NLRTM,LSS,128.89,USD
2022-06-011,2022-06-17,CNSHA-NLRTM,THC,221.25,EUR
2022-06-011,2022-06-17,CNSHA-NLRTM,DOC,45.0,USD
2022-06-011,2022-06-17,CNSHA-NLRTM,PSS,200.0,USD
2022-06-047,2022-06-17,CNSHA-USLAX,BAS,2019.88,USD
2022-06-047,2022-06-17,CNSHA-USLAX,BAF,335.76,USD
2022-06-047,2022-06-17,CNSHA-USLAX,LSS,125.73,USD
2022-06-047,2022-06-17,CNSHA-USLAX,THC,222.87,EUR
2022-06-047,2022-06-17,CNSHA-USLAX,DOC,45.0,USD
2022-06-047,2022-06-17,CNSHA-USLAX,PSS,200.0,USD
2022-06-014,2022-06-18,CNSHA-USLAX,BAS,2007.05,USD
2022-06-014,2022-06-18,CNSHA-USLAX,BAF,337.01,USD
2022-06-014,2022-06-18,CNSHA-USLAX,LSS,131.59,USD
2022-06-014,2022-06-18,CNSHA-USLAX,THC,211.46,EUR
2022-06-014,2022-06-18,CNSHA-USLAX,DOC,45.0,USD
2022-06-014,2022-06-18,CNSHA-USLAX,PSS,200.0,USD
2022-06-048,2022-06-19,CNSHA-NLRTM,BAS,2518.75,USD
2022-06-048,2022-06-19,CNSHA-NLRTM,BAF,325.68,USD
2022-06-048,2022-06-19,CNSHA-NLRTM,LSS,125.31,USD
2022-06-048,2022-06-19,CNSHA-NLRTM,THC,211.93,EUR
2022-06-048,2022-06-19,CNSHA-NLRTM,DOC,45.0,USD
2022-06-048,2022-06-19,CNSHA-NLRTM,PSS,200.0,USD
2022-06-053,2022-06-19,CNSHA-USLAX,BAS,1975.69,USD
2022-06-053,2022-06-19,CNSHA-USLAX,BAF,323.8,USD
2022-06-053,2022-06-19,CNSHA-USLAX,LSS,134.57,USD
2022-06-053,2022-06-19,CNSHA-USLAX,THC,230.59,EUR
2022-06-053,2022-06-19,CNSHA-USLAX,DOC,45.0,USD
2022-06-053,2022-06-19,CNSHA-USLAX,PSS,200.0,USD
2022-06-021,2022-06-20,CNSHA-NLRTM,BAS,2530.76,USD
2022-06-021,2022-06-20,CNSHA-NLRTM,BAF,357.8,USD
2022-06-021,2022-06-20,CNSHA-NLRTM,LSS,129.25,USD
2022-06-021,2022-06-20,CNSHA-NLRTM,THC,231.57,EUR
2022-06-021,2022-06-20,CNSHA-NLRTM,DOC,45.0,USD
2022-06-021,2022-06-20,CNSHA-NLRTM,PSS,200.0,USD
2022-06-000,2022-06-21,CNSHA-USLAX,BAS,2024.96,USD
2022-06-000,2022-06-21,CNSHA-USLAX,BAF,333.45,USD
2022-06-000,2022-06-21,CNSHA-USLAX,LSS,132.35,USD
2022-06-000,2022-06-21,CNSHA-USLAX,THC,225.06,EUR
2022-06-000,2022-06-21,CNSHA-USLAX,DOC,45.0,USD
2022-06-000,2022-06-21,CNSHA-USLAX,PSS,200.0,USD
2022-06-003,2022-06-21,CNSHA-USLAX,BAS,1998.97,USD
2022-06-003,2022-06-21,CNSHA-USLAX,BAF,326.53,USD
2022-06-003,2022-06-21,CNSHA-USLAX,LSS,128.06,USD
2022-06-003,2022-06-21,CNSHA-USLAX,THC,228.94,EUR
2022-06-003,2022-06-21,CNSHA-USLAX,DOC,45.0,USD
2022-06-003,2022-06-21,CNSHA-USLAX,PSS,200.0,USD
2022-06-027,2022-06-21,CNSHA-USLAX,BAS,1986.33,USD
2022-06-027,2022-06-21,CNSHA-USLAX,BAF,361.25,USD
2022-06-027,2022-06-21,CNSHA-USLAX,LSS,133.3,USD
2022-06-027,2022-06-21,CNSHA-USLAX,THC,219.27,EUR
2022-06-027,2022-06-21,CNSHA-USLAX,DOC,45.0,USD
2022-06-027,2022-06-21,CNSHA-USLAX,PSS,200.0,USD
2022-06-030,2022-06-21,CNSHA-NLRTM,BAS,2477.44,USD
2022-06-030,2022-06-21,CNSHA-NLRTM,BAF,335.15,USD
2022-06-030,2022-06-21,CNSHA-NLRTM,LSS,129.91,USD
2022-06-030,2022-06-21,CNSHA-NLRTM,THC,219.66,EUR
2022-06-030,2022-06-21,CNSHA-NLRTM,DOC,45.0,USD
2022-06-030,2022-06-21,CNSHA-NLRTM,PSS,200.0,USD
2022-06-005,2022-06-22,CNSHA-NLRTM,BAS,2552.07,USD
2022-06-005,2022-06-22,CNSHA-NLRTM,BAF,301.53,USD
2022-06-005,2022-06-22,CNSHA-NLRTM,LSS,130.94,USD
2022-06-005,2022-06-22,CNSHA-NLRTM,THC,216.76,EUR
2022-06-005,2022-06-22,CNSHA-NLRTM,DOC,45.0,USD
2022-06-005,2022-06-22,CNSHA-NLRTM,PSS,200.0,USD
2022-06-035,2022-06-22,CNSHA-USLAX,BAS,1995.4,USD
2022-06-035,2022-06-22,CNSHA-USLAX,BAF,322.32,USD
2022-06-035,2022-06-22,CNSHA-USLAX,LSS,133.17,USD
2022-06-035,2022-06-22,CNSHA-USLAX,THC,221.79,EUR
2022-06-035,2022-06-22,CNSHA-USLAX,DOC,45.0,USD
2022-06-035,2022-06-22,CNSHA-USLAX,PSS,200.0,USD
2022-06-052,2022-06-22,CNSHA-USLAX,BAS,2005.01,USD
2022-06-052,2022-06-22,CNSHA-USLAX,BAF,320.15,USD
2022-06-052,2022-06-22,CNSHA-USLAX,LSS,128.66,USD
2022-06-052,2022-06-22,CNSHA-USLAX,THC,217.56,EUR
2022-06-052,2022-06-22,CNSHA-USLAX,DOC,45.0,USD
2022-06-052,2022-06-22,CNSHA-USLAX,PSS,200.0,USD
2022-06-004,2022-06-23,CNSHA-NLRTM,BAS,2522.59,USD
2022-06-004,2022-06-23,CNSHA-NLRTM,BAF,318.73,USD
2022-06-004,2022-06-23,CNSHA-NLRTM,LSS,129.13,USD
2022-06-004,2022-06-23,CNSHA-NLRTM,THC,235.29,EUR
2022-06-004,2022-06-23,CNSHA-NLRTM,DOC,45.0,USD
2022-06-004,2022-06-23,CNSHA-NLRTM,PSS,200.0,USD
2022-06-008,2022-06-23,CNSHA-NLRTM,BAS,2503.46,USD
2022-06-008,2022-06-23,CNSHA-NLRTM,BAF,312.52,USD
2022-06-008,2022-06-23,CNSHA-NLRTM,LSS,133.27,USD
2022-06-008,2022-06-23,CNSHA-NLRTM,THC,216.37,EUR
2022-06-008,2022-06-23,CNSHA-NLRTM,DOC,45.0,USD
2022-06-008,2022-06-23,CNSHA-NLRTM,PSS,200.0,USD
2022-06-025,2022-06-23,CNSHA-USLAX,BAS,1987.72,USD
2022-06-025,2022-06-23,CNSHA-USLAX,BAF,317.56,USD
2022-06-025,2022-06-23,CNSHA-USLAX,LSS,135.49,USD
2022-06-025,2022-06-23,CNSHA-USLAX,THC,213.34,EUR
2022-06-025,2022-06-23,CNSHA-USLAX,DOC,45.0,USD
2022-06-025,2022-06-23,CNSHA-USLAX,PSS,200.0,USD
2022-06-045,2022-06-23,CNSHA-NLRTM,BAS,2498.12,USD
2022-06-045,2022-06-23,CNSHA-NLRTM,BAF,329.58,USD
2022-06-045,2022-06-23,CNSHA-NLRTM,LSS,125.8,USD
2022-06-045,2022-06-23,CNSHA-NLRTM,THC,219.38,EUR
2022-06-045,2022-06-23,CNSHA-NLRTM,DOC,45.0,USD
2022-06-045,2022-06-23,CNSHA-NLRTM,PSS,200.0,USD
2022-06-037,2022-06-24,CNSHA-USLAX,BAS,1992.26,USD
2022-06-037,2022-06-24,CNSHA-USLAX,BAF,339.23,USD
2022-06-037,2022-06-24,CNSHA-USLAX,LSS,123.25,USD
2022-06-037,2022-06-24,CNSHA-USLAX,THC,219.78,EUR
2022-06-037,2022-06-24,CNSHA-USLAX,DOC,45.0,USD
2022-06-037,2022-06-24,CNSHA-USLAX,PSS,200.0,USD
2022-06-054,2022-06-25,CNSHA-NLRTM,BAS,2560.54,USD
2022-06-054,2022-06-25,CNSHA-NLRTM,BAF,353.03,USD
2022-06-054,2022-06-25,CNSHA-NLRTM,LSS,127.37,USD
2022-06-054,2022-06-25,CNSHA-NLRTM,THC,214.52,EUR
2022-06-054,2022-06-25,CNSHA-NLRTM,DOC,45.0,USD
2022-06-054,2022-06-25,CNSHA-NLRTM,PSS,200.0,USD
2022-06-019,2022-06-26,CNSHA-NLRTM,BAS,2520.5,USD
2022-06-019,2022-06-26,CNSHA-NLRTM,BAF,320.07,USD
2022-06-019,2022-06-26,CNSHA-NLRTM,LSS,123.38,USD
2022-06-019,2022-06-26,CNSHA-NLRTM,THC,216.4,EUR
2022-06-019,2022-06-26,CNSHA-NLRTM,DOC,45.0,USD
2022-06-019,2022-06-26,CNSHA-NLRTM,PSS,200.0,USD
2022-06-022,2022-06-26,CNSHA-NLRTM,BAS,2476.07,USD
2022-06-022,2022-06-26,CNSHA-NLRTM,BAF,328.74,USD
2022-06-022,2022-06-26,CNSHA-NLRTM,LSS,136.19,USD
2022-06-022,2022-06-26,CNSHA-NLRTM,THC,218.98,EUR
2022-06-022,2022-06-26,CNSHA-NLRTM,DOC,45.0,USD
2022-06-022,2022-06-26,CNSHA-NLRTM,PSS,200.0,USD
2022-06-034,2022-06-26,CNSHA-NLRTM,BAS,2518.69,USD
2022-06-034,2022-06-26,CNSHA-NLRTM,BAF,326.69,USD
2022-06-034,2022-06-26,CNSHA-NLRTM,LSS,123.51,USD
2022-06-034,2022-06-26,CNSHA-NLRTM,THC,235.89,EUR
2022-06-034,2022-06-26,CNSHA-NLRTM,DOC,45.0,USD
2022-06-034,2022-06-26,CNSHA-NLRTM,PSS,200.0,USD
2022-06-024,2022-06-27,CNSHA-NLRTM,BAS,2472.51,USD
2022-06-024,2022-06-27,CNSHA-NLRTM,BAF,315.75,USD
2022-06-024,2022-06-27,CNSHA-NLRTM,LSS,121.01,USD
2022-06-024,2022-06-27,CNSHA-NLRTM,THC,228.17,EUR
2022-06-024,2022-06-27,CNSHA-NLRTM,DOC,45.0,USD
2022-06-024,2022-06-27,CNSHA-NLRTM,PSS,200.0,USD
2022-06-033,2022-06-27,CNSHA-USLAX,BAS,2002.82,USD
2022-06-033,2022-06-27,CNSHA-USLAX,BAF,336.58,USD
2022-06-033,2022-06-27,CNSHA-USLAX,LSS,131.41,USD
2022-06-033,2022-06-27,CNSHA-USLAX,THC,213.4,EUR
2022-06-033,2022-06-27,CNSHA-USLAX,DOC,45.0,USD
2022-06-033,2022-06-27,CNSHA-USLAX,PSS,200.0,USD
2022-06-039,2022-06-27,CNSHA-USLAX,BAS,2019.63,USD
2022-06-039,2022-06-27,CNSHA-USLAX,BAF,344.09,USD
2022-06-039,2022-06-27,CNSHA-USLAX,LSS,127.68,USD
2022-06-039,2022-06-27,CNSHA-USLAX,THC,217.88,EUR
2022-06-039,2022-06-27,CNSHA-USLAX,DOC,45.0,USD
2022-06-039,2022-06-27,CNSHA-USLAX,PSS,200.0,USD
2022-06-029,2022-06-28,CNSHA-USLAX,BAS,1996.36,USD
2022-06-029,2022-06-28,CNSHA-USLAX,BAF,368.8,USD
2022-06-029,2022-06-28,CNSHA-USLAX,LSS,130.12,USD
2022-06-029,2022-06-28,CNSHA-USLAX,THC,221.23,EUR
2022-06-029,2022-06-28,CNSHA-USLAX,DOC,45.0,USD
2022-06-029,2022-06-28,CNSHA-USLAX,PSS,200.0,USD
2022-06-046,2022-06-28,CNSHA-NLRTM,BAS,2479.55,USD
2022-06-046,2022-06-28,CNSHA-NLRTM,BAF,347.94,USD
2022-06-046,2022-06-28,CNSHA-NLRTM,LSS,129.71,USD
2022-06-046,2022-06-28,CNSHA-NLRTM,THC,230.82,EUR
2022-06-046,2022-06-28,CNSHA-NLRTM,DOC,45.0,USD
2022-06-046,2022-06-28,CNSHA-NLRTM,PSS,200.0,USD
