shipment,date,lane,charge_code,amount,currency,fx_rate
2021-01-023,2021-01-01,CNSHA-NLRTM,BAS,2484.21,USD,1.0
2021-01-023,2021-01-01,CNSHA-NLRTM,BAF,383.76,USD,1.0
2021-01-023,2021-01-01,CNSHA-NLRTM,THC,219.76,EUR,1.13
2021-01-023,2021-01-01,CNSHA-NLRTM,DOC,45.0,USD,1.0
2021-01-031,2021-01-02,CNSHA-NLRTM,BAS,2487.15,USD,1.0
2021-01-031,2021-01-02,CNSHA-NLRTM,BAF,353.08,USD,1.0
2021-01-031,2021-01-02,CNSHA-NLRTM,THC,220.6,EUR,1.13
2021-01-031,2021-01-02,CNSHA-NLRTM,DOC,45.0,USD,1.0
2021-01-014,2021-01-03,CNSHA-USLAX,BAS,1922.09,USD,1.0
2021-01-014,2021-01-03,CNSHA-USLAX,BAF,362.65,USD,1.0
2021-01-014,2021-01-03,CNSHA-USLAX,THC,228.54,EUR,1.13
2021-01-014,2021-01-03,CNSHA-USLAX,DOC,45.0,USD,1.0
2021-01-017,2021-01-03,CNSHA-NLRTM,BAS,2434.02,USD,1.0
2021-01-017,2021-01-03,CNSHA-NLRTM,BAF,404.45,USD,1.0
2021-01-017,2021-01-03,CNSHA-NLRTM,THC,218.83,EUR,1.13
2021-01-017,2021-01-03,CNSHA-NLRTM,DOC,45.0,USD,1.0
2021-01-022,2021-01-04,CNSHA-NLRTM,BAS,2424.35,USD,1.0
2021-01-022,2021-01-04,CNSHA-NLRTM,BAF,342.81,USD,1.0
2021-01-022,2021-01-04,CNSHA-NLRTM,THC,219.81,EUR,1.13
2021-01-022,2021-01-04,CNSHA-NLRTM,DOC,45.0,USD,1.0
2021-01-032,2021-01-04,CNSHA-USLAX,BAS,1931.5,USD,1.0
2021-01-032,2021-01-04,CNSHA-USLAX,BAF,409.5,USD,1.0
2021-01-032,2021-01-04,CNSHA-USLAX,THC,230.23,EUR,1.13
2021-01-032,2021-01-04,CNSHA-USLAX,DOC,45.0,USD,1.0
2021-01-034,2021-01-04,CNSHA-USLAX,BAS,1933.38,USD,1.0
2021-01-034,2021-01-04,CNSHA-USLAX,BAF,396.14,USD,1.0
2021-01-034,2021-01-04,CNSHA-USLAX,THC,210.59,EUR,1.13
2021-01-034,2021-01-04,CNSHA-USLAX,DOC,45.0,USD,1.0
2021-01-053,2021-01-04,CNSHA-NLRTM,BAS,2487.59,USD,1.0
2021-01-053,2021-01-04,CNSHA-NLRTM,BAF,408.08,USD,1.0
2021-01-053,2021-01-04,CNSHA-NLRTM,THC,233.72,EUR,1.13
2021-01-053,2021-01-04,CNSHA-NLRTM,DOC,45.0,USD,1.0
2021-01-062,2021-01-04,CNSHA-USLAX,BAS,1979.71,USD,1.0
2021-01-062,2021-01-04,CNSHA-USLAX,BAF,373.55,USD,1.0
2021-01-062,2021-01-04,CNSHA-USLAX,THC,223.1,EUR,1.13
2021-01-062,2021-01-04,CNSHA-USLAX,DOC,45.0,USD,1.0
2021-01-033,2021-01-05,CNSHA-USLAX,BAS,1953.73,USD,1.0
2021-01-033,2021-01-05,CNSHA-USLAX,BAF,359.18,USD,1.0
2021-01-033,2021-01-05,CNSHA-USLAX,THC,218.42,EUR,1.13
2021-01-033,2021-01-05,CNSHA-USLAX,DOC,45.0,USD,1.0
2021-01-048,2021-01-05,CNSHA-USLAX,BAS,1957.2,USD,1.0
2021-01-048,2021-01-05,CNSHA-USLAX,BAF,396.42,USD,1.0
2021-01-048,2021-01-05,CNSHA-USLAX,THC,212.91,EUR,1.13
2021-01-048,2021-01-05,CNSHA-USLAX,DOC,45.0,USD,1.0
2021-01-049,2021-01-05,CNSHA-USLAX,BAS,1951.21,USD,1.0
2021-01-049,2021-01-05,CNSHA-USLAX,BAF,381.23,USD,1.0
2021-01-049,2021-01-05,CNSHA-USLAX,THC,215.64,EUR,1.13
2021-01-049,2021-01-05,CNSHA-USLAX,DOC,45.0,USD,1.0
2021-01-000,2021-01-06,CNSHA-USLAX,BAS,1913.02,USD,1.0
2021-01-000,2021-01-06,CNSHA-USLAX,BAF,406.52,USD,1.0
2021-01-000,2021-01-06,CNSHA-USLAX,THC,224.21,EUR,1.13
2021-01-000,2021-01-06,CNSHA-USLAX,DOC,45.0,USD,1.0
2021-01-015,2021-01-06,CNSHA-USLAX,BAS,1926.27,USD,1.0
2021-01-015,2021-01-06,CNSHA-USLAX,BAF,383.22,USD,1.0
2021-01-015,2021-01-06,CNSHA-USLAX,THC,208.51,EUR,1.13
2021-01-015,2021-01-06,CNSHA-USLAX,DOC,45.0,USD,1.0
2021-01-045,2021-01-06,CNSHA-USLAX,BAS,1952.71,USD,1.0
2021-01-045,2021-01-06,CNSHA-USLAX,BAF,383.16,USD,1.0
2021-01-045,2021-01-06,CNSHA-USLAX,THC,222.72,EUR,1.13
2021-01-045,2021-01-06,CNSHA-USLAX,DOC,45.0,USD,1.0
2021-01-010,2021-01-07,CNSHA-USLAX,BAS,1934.09,USD,1.0
2021-01-010,2021-01-07,CNSHA-USLAX,BAF,428.63,USD,1.0
2021-01-010,2021-01-07,CNSHA-USLAX,THC,240.8,EUR,1.13
2021-01-010,2021-01-07,CNSHA-USLAX,DOC,45.0,USD,1.0
2021-01-039,2021-01-07,CNSHA-USLAX,BAS,1977.79,USD,1.0
2021-01-039,2021-01-07,CNSHA-USLAX,BAF,371.89,USD,1.0
2021-01-039,2021-01-07,CNSHA-USLAX,THC,220.29,EUR,1.13
2021-01-039,2021-01-07,CNSHA-USLAX,DOC,45.0,USD,1.0
2021-01-019,2021-01-08,CNSHA-NLRTM,BAS,2433.73,USD,1.0
2021-01-019,2021-01-08,CNSHA-NLRTM,BAF,376.28,USD,1.0
2021-01-019,2021-01-08,CNSHA-NLRTM,THC,214.37,EUR,1.13
2021-01-019,2021-01-08,CNSHA-NLRTM,DOC,45.0,USD,1.0
2021-01-027,2021-01-08,CNSHA-USLAX,BAS,1936.71,USD,1.0
2021-01-027,2021-01-08,CNSHA-USLAX,BAF,399.74,USD,1.0
2021-01-027,2021-01-08,CNSHA-USLAX,THC,224.75,EUR,1.13
2021-01-027,2021-01-08,CNSHA-USLAX,DOC,45.0,USD,1.0
2021-01-035,2021-01-08,CNSHA-USLAX,BAS,1959.69,USD,1.0
2021-01-035,2021-01-08,CNSHA-USLAX,BAF,394.11,USD,1.0
2021-01-035,2021-01-08,CNSHA-USLAX,THC,224.1,EUR,1.13
2021-01-035,2021-01-08,CNSHA-USLAX,DOC,45.0,USD,1.0
2021-01-013,2021-01-09,CNSHA-USLAX,BAS,1939.17,USD,1.0
2021-01-013,2021-01-09,CNSHA-USLAX,BAF,361.28,USD,1.0
2021-01-013,2021-01-09,CNSHA-USLAX,THC,213.38,EUR,1.13
2021-01-013,2021-01-09,CNSHA-USLAX,DOC,45.0,USD,1.0
2021-01-057,2021-01-09,CNSHA-USLAX,BAS,1968.25,USD,1.0
2021-01-057,2021-01-09,CNSHA-USLAX,BAF,377.95,USD,1.0
2021-01-057,2021-01-09,CNSHA-USLAX,THC,218.22,EUR,1.13
2021-01-057,2021-01-09,CNSHA-USLAX,DOC,45.0,USD,1.0
2021-01-036,2021-01-11,CNSHA-NLRTM,BAS,2473.02,USD,1.0
2021-01-036,2021-01-11,CNSHA-NLRTM,BAF,362.1,USD,1.0
2021-01-036,2021-01-11,CNSHA-NLRTM,THC,237.58,EUR,1.13
2021-01-036,2021-01-11,CNSHA-NLRTM,DOC,45.0,USD,1.0
2021-01-009,2021-01-12,CNSHA-USLAX,BAS,1978.16,USD,1.0
2021-01-009,2021-01-12,CNSHA-USLAX,BAF,391.28,USD,1.0
2021-01-009,2021-01-12,CNSHA-USLAX,THC,224.75,EUR,1.13
2021-01-009,2021-01-12,CNSHA-USLAX,DOC,45.0,USD,1.0
2021-01-006,2021-01-13,CNSHA-USLAX,BAS,1953.41,USD,1.0
2021-01-006,2021-01-13,CNSHA-USLAX,BAF,357.78,USD,1.0
2021-01-006,2021-01-13,CNSHA-USLAX,THC,228.92,EUR,1.13
2021-01-006,2021-01-13,CNSHA-USLAX,DOC,45.0,USD,1.0
2021-01-007,2021-01-13,CNSHA-NLRTM,BAS,2428.3,USD,1.0
2021-01-007,2021-01-13,CNSHA-NLRTM,BAF,393.01,USD,1.0
2021-01-007,2021-01-13,CNSHA-NLRTM,THC,216.57,EUR,1.13
2021-01-007,2021-01-13,CNSHA-NLRTM,DOC,45.0,USD,1.0
2021-01-061,2021-01-13,CNSHA-NLRTM,BAS,2418.91,USD,1.0
2021-01-061,2021-01-13,CNSHA-NLRTM,BAF,383.08,USD,1.0
2021-01-061,2021-01-13,CNSHA-NLRTM,THC,220.21,EUR,1.13
2021-01-061,2021-01-13,CNSHA-NLRTM,DOC,45.0,USD,1.0
2021-01-005,2021-01-14,CNSHA-NLRTM,BAS,2494.7,USD,1.0
2021-01-005,2021-01-14,CNSHA-NLRTM,BAF,366.45,USD,1.0
2021-01-005,2021-01-14,CNSHA-NLRTM,THC,228.9,EUR,1.13
2021-01-005,2021-01-14,CNSHA-NLRTM,DOC,45.0,USD,1.0
2021-01-012,2021-01-14,CNSHA-NLRTM,BAS,2442.88,USD,1.0
2021-01-012,2021-01-14,CNSHA-NLRTM,BAF,385.39,USD,1.0
2021-01-012,2021-01-14,CNSHA-NLRTM,THC,228.5,EUR,1.13
2021-01-012,2021-01-14,CNSHA-NLRTM,DOC,45.0,USD,1.0
2021-01-021,2021-01-14,CNSHA-USLAX,BAS,1989.65,USD,1.0
2021-01-021,2021-01-14,CNSHA-USLAX,BAF,372.74,USD,1.0
2021-01-021,2021-01-14,CNSHA-USLAX,THC,221.65,EUR,1.13
2021-01-021,2021-01-14,CNSHA-USLAX,DOC,45.0,USD,1.0
2021-01-028,2021-01-14,CNSHA-USLAX,BAS,1954.14,USD,1.0
2021-01-028,2021-01-14,CNSHA-USLAX,BAF,410.85,USD,1.0
2021-01-028,2021-01-14,CNSHA-USLAX,THC,218.14,EUR,1.13
2021-01-028,2021-01-14,CNSHA-USLAX,DOC,45.0,USD,1.0
2021-01-054,2021-01-14,CNSHA-USLAX,BAS,1963.12,USD,1.0
2021-01-054,2021-01-14,CNSHA-USLAX,BAF,394.46,USD,1.0
2021-01-054,2021-01-14,CNSHA-USLAX,THC,223.14,EUR,1.13
2021-01-054,2021-01-14,CNSHA-USLAX,DOC,45.0,USD,1.0
2021-01-063,2021-01-14,CNSHA-USLAX,BAS,1945.23,USD,1.0
2021-01-063,2021-01-14,CNSHA-USLAX,BAF,398.25,USD,1.0
2021-01-063,2021-01-14,CNSHA-USLAX,THC,213.21,EUR,1.13
2021-01-063,2021-01-14,CNSHA-USLAX,DOC,45.0,USD,1.0
2021-01-026,2021-01-15,CNSHA-NLRTM,BAS,2468.74,USD,1.0
2021-01-026,2021-01-15,CNSHA-NLRTM,BAF,397.97,USD,1.0
2021-01-026,2021-01-15,CNSHA-NLRTM,THC,223.04,EUR,1.13
2021-01-026,2021-01-15,CNSHA-NLRTM,DOC,45.0,USD,1.0
2021-01-042,2021-01-16,CNSHA-USLAX,BAS,1958.25,USD,1.0
2021-01-042,2021-01-16,CNSHA-USLAX,BAF,384.26,USD,1.0
2021-01-042,2021-01-16,CNSHA-USLAX,THC,217.58,EUR,1.13
2021-01-042,2021-01-16,CNSHA-USLAX,DOC,45.0,USD,1.0
2021-01-050,2021-01-16,CNSHA-USLAX,BAS,1919.75,USD,1.0
2021-01-050,2021-01-16,CNSHA-USLAX,BAF,359.04,USD,1.0
2021-01-050,2021-01-16,CNSHA-USLAX,THC,209.85,EUR,1.13
2021-01-050,2021-01-16,CNSHA-USLAX,DOC,45.0,USD,1.0
2021-01-003,2021-01-19,CNSHA-USLAX,BAS,1942.13,USD,1.0
2021-01-003,2021-01-19,CNSHA-USLAX,BAF,390.42,USD,1.0
2021-01-003,2021-01-19,CNSHA-USLAX,THC,219.14,EUR,1.13
2021-01-003,2021-01-19,CNSHA-USLAX,DOC,45.0,USD,1.0
2021-01-018,2021-01-19,CNSHA-USLAX,BAS,1935.98,USD,1.0
2021-01-018,2021-01-19,CNSHA-USLAX,BAF,381.09,USD,1.0
2021-01-018,2021-01-19,CNSHA-USLAX,THC,223.07,EUR,1.13
2021-01-018,2021-01-19,CNSHA-USLAX,DOC,45.0,USD,1.0
2021-01-024,2021-01-19,CNSHA-NLRTM,BAS,2461.94,USD,1.0
2021-01-024,2021-01-19,CNSHA-NLRTM,BAF,401.81,USD,1.0
2021-01-024,2021-01-19,CNSHA-NLRTM,THC,214.71,EUR,1.13
2021-01-024,2021-01-19,CNSHA-NLRTM,DOC,45.0,USD,1.0
2021-01-058,2021-01-19,CNSHA-USLAX,BAS,1953.37,USD,1.0
2021-01-058,2021-01-19,CNSHA-USLAX,BAF,357.9,USD,1.0
2021-01-058,2021-01-19,CNSHA-USLAX,THC,225.5,EUR,1.13
2021-01-058,2021-01-19,CNSHA-USLAX,DOC,45.0,USD,1.0
2021-01-001,2021-01-20,CNSHA-USLAX,BAS,1955.92,USD,1.0
2021-01-001,2021-01-20,CNSHA-USLAX,BAF,374.91,USD,1.0
2021-01-001,2021-01-20,CNSHA-USLAX,THC,218.51,EUR,1.13
2021-01-001,2021-01-20,CNSHA-USLAX,DOC,45.0,USD,1.0
2021-01-037,2021-01-20,CNSHA-USLAX,BAS,1964.49,USD,1.0
2021-01-037,2021-01-20,CNSHA-USLAX,BAF,363.29,USD,1.0
2021-01-037,2021-01-20,CNSHA-USLAX,THC,229.21,EUR,1.13
2021-01-037,2021-01-20,CNSHA-USLAX,DOC,45.0,USD,1.0
2021-01-052,2021-01-20,CNSHA-USLAX,BAS,1935.92,USD,1.0
2021-01-052,2021-01-20,CNSHA-USLAX,BAF,358.5,USD,1.0
2021-01-052,2021-01-20,CNSHA-USLAX,THC,218.71,EUR,1.13
2021-01-052,2021-01-20,CNSHA-USLAX,DOC,45.0,USD,1.0
2021-01-051,2021-01-21,CNSHA-NLRTM,BAS,2436.74,USD,1.0
2021-01-051,2021-01-21,CNSHA-NLRTM,BAF,387.07,USD,1.0
2021-01-051,2021-01-21,CNSHA-NLRTM,THC,218.76,EUR,1.13
2021-01-051,2021-01-21,CNSHA-NLRTM,DOC,45.0,USD,1.0
2021-01-056,2021-01-21,CNSHA-USLAX,BAS,1963.65,USD,1.0
2021-01-056,2021-01-21,CNSHA-USLAX,BAF,378.56,USD,1.0
2021-01-056,2021-01-21,CNSHA-USLAX,THC,211.22,EUR,1.13
2021-01-056,2021-01-21,CNSHA-USLAX,DOC,45.0,USD,1.0
2021-01-060,2021-01-21,CNSHA-NLRTM,BAS,2405.18,USD,1.0
2021-01-060,2021-01-21,CNSHA-NLRTM,BAF,392.53,USD,1.0
2021-01-060,2021-01-21,CNSHA-NLRTM,THC,220.51,EUR,1.13
2021-01-060,2021-01-21,CNSHA-NLRTM,DOC,45.0,USD,1.0
2021-01-016,2021-01-22,CNSHA-NLRTM,BAS,2505.24,USD,1.0
2021-01-016,2021-01-22,CNSHA-NLRTM,BAF,368.92,USD,1.0
2021-01-016,2021-01-22,CNSHA-NLRTM,THC,227.39,EUR,1.13
2021-01-016,2021-01-22,CNSHA-NLRTM,DOC,45.0,USD,1.0
2021-01-044,2021-01-22,CNSHA-USLAX,BAS,1953.98,USD,1.0
2021-01-044,2021-01-22,CNSHA-USLAX,BAF,351.81,USD,1.0
2021-01-044,2021-01-22,CNSHA-USLAX,THC,210.37,EUR,1.13
2021-01-044,2021-01-22,CNSHA-USLAX,DOC,45.0,USD,1.0
2021-01-059,2021-01-22,CNSHA-USLAX,BAS,1965.88,USD,1.0
2021-01-059,2021-01-22,CNSHA-USLAX,BAF,352.48,USD,1.0
2021-01-059,2021-01-22,CNSHA-USLAX,THC,220.62,EUR,1.13
2021-01-059,2021-01-22,CNSHA-USLAX,DOC,45.0,USD,1.0
2021-01-047,2021-01-23,CNSHA-USLAX,BAS,1965.33,USD,1.0
2021-01-047,2021-01-23,CNSHA-USLAX,BAF,392.09,USD,1.0
2021-01-047,2021-01-23,CNSHA-USLAX,THC,220.7,EUR,1.13
2021-01-047,2021-01-23,CNSHA-USLAX,DOC,45.0,USD,1.0
2021-01-004,2021-01-24,CNSHA-NLRTM,BAS,2438.31,USD,1.0
2021-01-004,2021-01-24,CNSHA-NLRTM,BAF,392.48,USD,1.0
2021-01-004,2021-01-24,CNSHA-NLRTM,THC,218.47,EUR,1.13
2021-01-004,2021-01-24,CNSHA-NLRTM,DOC,45.0,USD,1.0
2021-01-011,2021-01-24,CNSHA-USLAX,BAS,1937.06,USD,1.0
2021-01-011,2021-01-24,CNSHA-USLAX,BAF,398.9,USD,1.0
2021-01-011,2021-01-24,CNSHA-USLAX,THC,217.08,EUR,1.13
2021-01-011,2021-01-24,CNSHA-USLAX,DOC,45.0,USD,1.0
2021-01-030,2021-01-24,CNSHA-USLAX,BAS,1991.08,USD,1.0
2021-01-030,2021-01-24,CNSHA-USLAX,BAF,396.09,USD,1.0
2021-01-030,2021-01-24,CNSHA-USLAX,THC,231.82,EUR,1.13
2021-01-030,2021-01-24,CNSHA-USLAX,DOC,45.0,USD,1.0
2021-01-040,2021-01-24,CNSHA-USLAX,BAS,1972.16,USD,1.0
2021-01-040,2021-01-24,CNSHA-USLAX,BAF,392.02,USD,1.0
2021-01-040,2021-01-24,CNSHA-USLAX,THC,227.06,EUR,1.13
2021-01-040,2021-01-24,CNSHA-USLAX,DOC,45.0,USD,1.0
2021-01-043,2021-01-24,CNSHA-USLAX,BAS,1952.24,USD,1.0
2021-01-043,2021-01-24,CNSHA-USLAX,BAF,372.98,USD,1.0
2021-01-043,2021-01-24,CNSHA-USLAX,THC,225.14,EUR,1.13
2021-01-043,2021-01-24,CNSHA-USLAX,DOC,45.0,USD,1.0
2021-01-046,2021-01-25,CNSHA-NLRTM,BAS,2455.83,USD,1.0
2021-01-046,2021-01-25,CNSHA-NLRTM,BAF,383.0,USD,1.0
2021-01-046,2021-01-25,CNSHA-NLRTM,THC,221.69,EUR,1.13
2021-01-046,2021-01-25,CNSHA-NLRTM,DOC,45.0,USD,1.0
2021-01-055,2021-01-25,CNSHA-USLAX,BAS,1969.1,USD,1.0
2021-01-055,2021-01-25,CNSHA-USLAX,BAF,392.41,USD,1.0
2021-01-055,2021-01-25,CNSHA-USLAX,THC,212.59,EUR,1.13
2021-01-055,2021-01-25,CNSHA-USLAX,DOC,45.0,USD,1.0
2021-01-002,2021-01-26,CNSHA-USLAX,BAS,1960.04,USD,1.0
2021-01-002,2021-01-26,CNSHA-USLAX,BAF,378.78,USD,1.0
2021-01-002,2021-01-26,CNSHA-USLAX,THC,219.44,EUR,1.13
2021-01-002,2021-01-26,CNSHA-USLAX,DOC,45.0,USD,1.0
2021-01-008,2021-01-27,CNSHA-NLRTM,BAS,2462.41,USD,1.0
2021-01-008,2021-01-27,CNSHA-NLRTM,BAF,396.66,USD,1.0
2021-01-008,2021-01-27,CNSHA-NLRTM,THC,221.35,EUR,1.13
2021-01-008,2021-01-27,CNSHA-NLRTM,DOC,45.0,USD,1.0
2021-01-020,2021-01-27,CNSHA-USLAX,BAS,1961.47,USD,1.0
2021-01-020,2021-01-27,CNSHA-USLAX,BAF,342.82,USD,1.0
2021-01-020,2021-01-27,CNSHA-USLAX,THC,208.09,EUR,1.13
2021-01-020,2021-01-27,CNSHA-USLAX,DOC,45.0,USD,1.0
2021-01-025,2021-01-27,CNSHA-NLRTM,BAS,2435.01,USD,1.0
2021-01-025,2021-01-27,CNSHA-NLRTM,BAF,379.48,USD,1.0
2021-01-025,2021-01-27,CNSHA-NLRTM,THC,230.98,EUR,1.13
2021-01-025,2021-01-27,CNSHA-NLRTM,DOC,45.0,USD,1.0
2021-01-029,2021-01-27,CNSHA-USLAX,BAS,1928.52,USD,1.0
2021-01-029,2021-01-27,CNSHA-USLAX,BAF,395.55,USD,1.0
2021-01-029,2021-01-27,CNSHA-USLAX,THC,210.33,EUR,1.13
2021-01-029,2021-01-27,CNSHA-USLAX,DOC,45.0,USD,1.0
2021-01-038,2021-01-27,CNSHA-NLRTM,BAS,2463.99,USD,1.0
2021-01-038,2021-01-27,CNSHA-NLRTM,BAF,367.16,USD,1.0
2021-01-038,2021-01-27,CNSHA-NLRTM,THC,228.6,EUR,1.13
2021-01-038,2021-01-27,CNSHA-NLRTM,DOC,45.0,USD,1.0
2021-01-041,2021-01-28,CNSHA-NLRTM,BAS,2477.19,USD,1.0
2021-01-041,2021-01-28,CNSHA-NLRTM,BAF,394.35,USD,1.0
2021-01-041,2021-01-28,CNSHA-NLRTM,THC,218.65,EUR,1.13
2021-01-041,2021-01-28,CNSHA-NLRTM,DOC,45.0,USD,1.0
2021-02-027,2021-02-01,CNSHA-USLAX,BAS,1955.14,USD,1.0
2021-02-027,2021-02-01,CNSHA-USLAX,BAF,396.96,USD,1.0
2021-02-027,2021-02-01,CNSHA-USLAX,THC,230.9,EUR,1.1253
2021-02-027,2021-02-01,CNSHA-USLAX,DOC,45.0,USD,1.0
2021-02-030,2021-02-01,CNSHA-NLRTM,BAS,2465.66,USD,1.0
2021-02-030,2021-02-01,CNSHA-NLRTM,BAF,397.81,USD,1.0
2021-02-030,2021-02-01,CNSHA-NLRTM,THC,223.52,EUR,1.1253
2021-02-030,2021-02-01,CNSHA-NLRTM,DOC,45.0,USD,1.0
2021-02-042,2021-02-01,CNSHA-USLAX,BAS,1973.72,USD,1.0
2021-02-042,2021-02-01,CNSHA-USLAX,BAF,387.42,USD,1.0
2021-02-042,2021-02-01,CNSHA-USLAX,THC,220.99,EUR,1.1253
2021-02-042,2021-02-01,CNSHA-USLAX,DOC,45.0,USD,1.0
2021-02-000,2021-02-02,CNSHA-USLAX,BAS,1953.57,USD,1.0
2021-02-000,2021-02-02,CNSHA-USLAX,BAF,389.61,USD,1.0
2021-02-000,2021-02-02,CNSHA-USLAX,THC,210.68,EUR,1.1253
2021-02-000,2021-02-02,CNSHA-USLAX,DOC,45.0,USD,1.0
2021-02-002,2021-02-02,CNSHA-NLRTM,BAS,2460.55,USD,1.0
2021-02-002,2021-02-02,CNSHA-NLRTM,BAF,366.94,USD,1.0
2021-02-002,2021-02-02,CNSHA-NLRTM,THC,223.28,EUR,1.1253
2021-02-002,2021-02-02,CNSHA-NLRTM,DOC,45.0,USD,1.0
2021-02-006,2021-02-03,CNSHA-USLAX,BAS,1940.11,USD,1.0
2021-02-006,2021-02-03,CNSHA-USLAX,BAF,364.37,USD,1.0
2021-02-006,2021-02-03,CNSHA-USLAX,THC,218.19,EUR,1.1253
2021-02-006,2021-02-03,CNSHA-USLAX,DOC,45.0,USD,1.0
2021-02-013,2021-02-03,CNSHA-NLRTM,BAS,2382.44,USD,1.0
2021-02-013,2021-02-03,CNSHA-NLRTM,BAF,377.07,USD,1.0
2021-02-013,2021-02-03,CNSHA-NLRTM,THC,222.06,EUR,1.1253
2021-02-013,2021-02-03,CNSHA-NLRTM,DOC,45.0,USD,1.0
2021-02-040,2021-02-03,CNSHA-USLAX,BAS,1960.68,USD,1.0
2021-02-040,2021-02-03,CNSHA-USLAX,BAF,365.75,USD,1.0
2021-02-040,2021-02-03,CNSHA-USLAX,THC,207.58,EUR,1.1253
2021-02-040,2021-02-03,CNSHA-USLAX,DOC,45.0,USD,1.0
2021-02-046,2021-02-03,CNSHA-USLAX,BAS,1938.36,USD,1.0
2021-02-046,2021-02-03,CNSHA-USLAX,BAF,363.35,USD,1.0
2021-02-046,2021-02-03,CNSHA-USLAX,THC,223.3,EUR,1.1253
2021-02-046,2021-02-03,CNSHA-USLAX,DOC,45.0,USD,1.0
2021-02-047,2021-02-03,CNSHA-USLAX,BAS,1927.59,USD,1.0
2021-02-047,2021-02-03,CNSHA-USLAX,BAF,402.21,USD,1.0
2021-02-047,2021-02-03,CNSHA-USLAX,THC,222.84,EUR,1.1253
2021-02-047,2021-02-03,CNSHA-USLAX,DOC,45.0,USD,1.0
2021-02-001,2021-02-04,CNSHA-USLAX,BAS,1971.98,USD,1.0
2021-02-001,2021-02-04,CNSHA-USLAX,BAF,388.02,USD,1.0
2021-02-001,2021-02-04,CNSHA-USLAX,THC,220.38,EUR,1.1253
2021-02-001,2021-02-04,CNSHA-USLAX,DOC,45.0,USD,1.0
2021-02-010,2021-02-04,CNSHA-NLRTM,BAS,2426.96,USD,1.0
2021-02-010,2021-02-04,CNSHA-NLRTM,BAF,381.29,USD,1.0
2021-02-010,2021-02-04,CNSHA-NLRTM,THC,216.3,EUR,1.1253
2021-02-010,2021-02-04,CNSHA-NLRTM,DOC,45.0,USD,1.0
2021-02-043,2021-02-04,CNSHA-USLAX,BAS,1977.4,USD,1.0
2021-02-043,2021-02-04,CNSHA-USLAX,BAF,371.69,USD,1.0
2021-02-043,2021-02-04,CNSHA-USLAX,THC,222.89,EUR,1.1253
2021-02-043,2021-02-04,CNSHA-USLAX,DOC,45.0,USD,1.0
2021-02-045,2021-02-04,CNSHA-USLAX,BAS,1969.69,USD,1.0
2021-02-045,2021-02-04,CNSHA-USLAX,BAF,362.58,USD,1.0
2021-02-045,2021-02-04,CNSHA-USLAX,THC,222.51,EUR,1.1253
2021-02-045,2021-02-04,CNSHA-USLAX,DOC,45.0,USD,1.0
2021-02-052,2021-02-04,CNSHA-USLAX,BAS,1942.24,USD,1.0
2021-02-052,2021-02-04,CNSHA-USLAX,BAF,363.56,USD,1.0
2021-02-052,2021-02-04,CNSHA-USLAX,THC,222.79,EUR,1.1253
2021-02-052,2021-02-04,CNSHA-USLAX,DOC,45.0,USD,1.0
2021-02-012,2021-02-05,CNSHA-USLAX,BAS,1944.17,USD,1.0
2021-02-012,2021-02-05,CNSHA-USLAX,BAF,397.45,USD,1.0
2021-02-012,2021-02-05,CNSHA-USLAX,THC,216.22,EUR,1.1253
2021-02-012,2021-02-05,CNSHA-USLAX,DOC,45.0,USD,1.0
2021-02-015,2021-02-05,CNSHA-USLAX,BAS,1907.89,USD,1.0
2021-02-015,2021-02-05,CNSHA-USLAX,BAF,404.33,USD,1.0
2021-02-015,2021-02-05,CNSHA-USLAX,THC,212.89,EUR,1.1253
2021-02-015,2021-02-05,CNSHA-USLAX,DOC,45.0,USD,1.0
2021-02-053,2021-02-05,CNSHA-USLAX,BAS,1948.28,USD,1.0
2021-02-053,2021-02-05,CNSHA-USLAX,BAF,402.51,USD,1.0
2021-02-053,2021-02-05,CNSHA-USLAX,THC,217.52,EUR,1.1253
2021-02-053,2021-02-05,CNSHA-USLAX,DOC,45.0,USD,1.0
2021-02-004,2021-02-06,CNSHA-USLAX,BAS,1958.1,USD,1.0
2021-02-004,2021-02-06,CNSHA-USLAX,BAF,385.56,USD,1.0
2021-02-004,2021-02-06,CNSHA-USLAX,THC,213.14,EUR,1.1253
2021-02-004,2021-02-06,CNSHA-USLAX,DOC,45.0,USD,1.0
2021-02-005,2021-02-06,CNSHA-USLAX,BAS,1984.16,USD,1.0
2021-02-005,2021-02-06,CNSHA-USLAX,BAF,385.94,USD,1.0
2021-02-005,2021-02-06,CNSHA-USLAX,THC,231.07,EUR,1.1253
2021-02-005,2021-02-06,CNSHA-USLAX,DOC,45.0,USD,1.0
2021-02-014,2021-02-07,CNSHA-USLAX,BAS,1946.47,USD,1.0
2021-02-014,2021-02-07,CNSHA-USLAX,BAF,380.34,USD,1.0
2021-02-014,2021-02-07,CNSHA-USLAX,THC,225.49,EUR,1.1253
2021-02-014,2021-02-07,CNSHA-USLAX,DOC,45.0,USD,1.0
2021-02-024,2021-02-07,CNSHA-USLAX,BAS,1964.83,USD,1.0
2021-02-024,2021-02-07,CNSHA-USLAX,BAF,410.31,USD,1.0
2021-02-024,2021-02-07,CNSHA-USLAX,THC,205.7,EUR,1.1253
2021-02-024,2021-02-07,CNSHA-USLAX,DOC,45.0,USD,1.0
2021-02-041,2021-02-07,CNSHA-NLRTM,BAS,2489.9,USD,1.0
2021-02-041,2021-02-07,CNSHA-NLRTM,BAF,388.41,USD,1.0
2021-02-041,2021-02-07,CNSHA-NLRTM,THC,204.71,EUR,1.1253
2021-02-041,2021-02-07,CNSHA-NLRTM,DOC,45.0,USD,1.0
2021-02-025,2021-02-09,CNSHA-NLRTM,BAS,2489.47,USD,1.0
2021-02-025,2021-02-09,CNSHA-NLRTM,BAF,396.4,USD,1.0
2021-02-025,2021-02-09,CNSHA-NLRTM,THC,225.24,EUR,1.1253
2021-02-025,2021-02-09,CNSHA-NLRTM,DOC,45.0,USD,1.0
2021-02-029,2021-02-09,CNSHA-USLAX,BAS,1950.99,USD,1.0
2021-02-029,2021-02-09,CNSHA-USLAX,BAF,423.62,USD,1.0
2021-02-029,2021-02-09,CNSHA-USLAX,THC,217.7,EUR,1.1253
2021-02-029,2021-02-09,CNSHA-USLAX,DOC,45.0,USD,1.0
2021-02-033,2021-02-09,CNSHA-USLAX,BAS,2010.76,USD,1.0
2021-02-033,2021-02-09,CNSHA-USLAX,BAF,413.0,USD,1.0
2021-02-033,2021-02-09,CNSHA-USLAX,THC,224.82,EUR,1.1253
2021-02-033,2021-02-09,CNSHA-USLAX,DOC,45.0,USD,1.0
2021-02-034,2021-02-10,CNSHA-NLRTM,BAS,2482.67,USD,1.0
2021-02-034,2021-02-10,CNSHA-NLRTM,BAF,383.01,USD,1.0
2021-02-034,2021-02-10,CNSHA-NLRTM,THC,220.85,EUR,1.1253
2021-02-034,2021-02-10,CNSHA-NLRTM,DOC,45.0,USD,1.0
2021-02-044,2021-02-10,CNSHA-NLRTM,BAS,2468.04,USD,1.0
2021-02-044,2021-02-10,CNSHA-NLRTM,BAF,357.33,USD,1.0
2021-02-044,2021-02-10,CNSHA-NLRTM,THC,221.12,EUR,1.1253
2021-02-044,2021-02-10,CNSHA-NLRTM,DOC,45.0,USD,1.0
2021-02-017,2021-02-11,CNSHA-USLAX,BAS,1957.83,USD,1.0
2021-02-017,2021-02-11,CNSHA-USLAX,BAF,389.3,USD,1.0
2021-02-017,2021-02-11,CNSHA-USLAX,THC,213.62,EUR,1.1253
2021-02-017,2021-02-11,CNSHA-USLAX,DOC,45.0,USD,1.0
2021-02-022,2021-02-11,CNSHA-NLRTM,BAS,2487.49,USD,1.0
2021-02-022,2021-02-11,CNSHA-NLRTM,BAF,365.31,USD,1.0
2021-02-022,2021-02-11,CNSHA-NLRTM,THC,205.13,EUR,1.1253
2021-02-022,2021-02-11,CNSHA-NLRTM,DOC,45.0,USD,1.0
2021-02-026,2021-02-11,CNSHA-USLAX,BAS,1956.77,USD,1.0
2021-02-026,2021-02-11,CNSHA-USLAX,BAF,366.63,USD,1.0
2021-02-026,2021-02-11,CNSHA-USLAX,THC,209.9,EUR,1.1253
2021-02-026,2021-02-11,CNSHA-USLAX,DOC,45.0,USD,1.0
2021-02-038,2021-02-12,CNSHA-USLAX,BAS,1933.61,USD,1.0
2021-02-038,2021-02-12,CNSHA-USLAX,BAF,384.83,USD,1.0
2021-02-038,2021-02-12,CNSHA-USLAX,THC,228.07,EUR,1.1253
2021-02-038,2021-02-12,CNSHA-USLAX,DOC,45.0,USD,1.0
2021-02-049,2021-02-14,CNSHA-USLAX,BAS,1966.66,USD,1.0
2021-02-049,2021-02-14,CNSHA-USLAX,BAF,363.62,USD,1.0
2021-02-049,2021-02-14,CNSHA-USLAX,THC,212.53,EUR,1.1253
2021-02-049,2021-02-14,CNSHA-USLAX,DOC,45.0,USD,1.0
2021-02-008,2021-02-15,CNSHA-USLAX,BAS,1954.57,USD,1.0
2021-02-008,2021-02-15,CNSHA-USLAX,BAF,401.49,USD,1.0
2021-02-008,2021-02-15,CNSHA-USLAX,THC,216.02,EUR,1.1253
2021-02-008,2021-02-15,CNSHA-USLAX,DOC,45.0,USD,1.0
2021-02-020,2021-02-15,CNSHA-USLAX,BAS,1944.39,USD,1.0
2021-02-020,2021-02-15,CNSHA-USLAX,BAF,381.97,USD,1.0
2021-02-020,2021-02-15,CNSHA-USLAX,THC,232.17,EUR,1.1253
2021-02-020,2021-02-15,CNSHA-USLAX,DOC,45.0,USD,1.0
2021-02-003,2021-02-16,CNSHA-NLRTM,BAS,2475.58,USD,1.0
2021-02-003,2021-02-16,CNSHA-NLRTM,BAF,382.39,USD,1.0
2021-02-003,2021-02-16,CNSHA-NLRTM,THC,221.77,EUR,1.1253
2021-02-003,2021-02-16,CNSHA-NLRTM,DOC,45.0,USD,1.0
2021-02-021,2021-02-17,CNSHA-USLAX,BAS,1953.31,USD,1.0
2021-02-021,2021-02-17,CNSHA-USLAX,BAF,380.38,USD,1.0
2021-02-021,2021-02-17,CNSHA-USLAX,THC,225.77,EUR,1.1253
2021-02-021,2021-02-17,CNSHA-USLAX,DOC,45.0,USD,1.0
2021-02-011,2021-02-19,CNSHA-NLRTM,BAS,2440.91,USD,1.0
2021-02-011,2021-02-19,CNSHA-NLRTM,BAF,393.5,USD,1.0
2021-02-011,2021-02-19,CNSHA-NLRTM,THC,222.5,EUR,1.1253
2021-02-011,2021-02-19,CNSHA-NLRTM,DOC,45.0,USD,1.0
2021-02-019,2021-02-19,CNSHA-NLRTM,BAS,2438.89,USD,1.0
2021-02-019,2021-02-19,CNSHA-NLRTM,BAF,394.4,USD,1.0
2021-02-019,2021-02-19,CNSHA-NLRTM,THC,210.59,EUR,1.1253
2021-02-019,2021-02-19,CNSHA-NLRTM,DOC,45.0,USD,1.0
2021-02-035,2021-02-19,CNSHA-USLAX,BAS,1936.16,USD,1.0
2021-02-035,2021-02-19,CNSHA-USLAX,BAF,349.15,USD,1.0
2021-02-035,2021-02-19,CNSHA-USLAX,THC,232.64,EUR,1.1253
2021-02-035,2021-02-19,CNSHA-USLAX,DOC,45.0,USD,1.0
2021-02-039,2021-02-19,CNSHA-USLAX,BAS,1940.03,USD,1.0
2021-02-039,2021-02-19,CNSHA-USLAX,BAF,381.58,USD,1.0
2021-02-039,2021-02-19,CNSHA-USLAX,THC,218.95,EUR,1.1253
2021-02-039,2021-02-19,CNSHA-USLAX,DOC,45.0,USD,1.0
2021-02-051,2021-02-19,CNSHA-USLAX,BAS,1959.04,USD,1.0
2021-02-051,2021-02-19,CNSHA-USLAX,BAF,446.96,USD,1.0
2021-02-051,2021-02-19,CNSHA-USLAX,THC,223.53,EUR,1.1253
2021-02-051,2021-02-19,CNSHA-USLAX,DOC,45.0,USD,1.0
2021-02-009,2021-02-20,CNSHA-USLAX,BAS,1950.11,USD,1.0
2021-02-009,2021-02-20,CNSHA-USLAX,BAF,390.28,USD,1.0
2021-02-009,2021-02-20,CNSHA-USLAX,THC,216.42,EUR,1.1253
2021-02-009,2021-02-20,CNSHA-USLAX,DOC,45.0,USD,1.0
2021-02-048,2021-02-20,CNSHA-USLAX,BAS,1931.23,USD,1.0
2021-02-048,2021-02-20,CNSHA-USLAX,BAF,397.1,USD,1.0
2021-02-048,2021-02-20,CNSHA-USLAX,THC,229.72,EUR,1.1253
2021-02-048,2021-02-20,CNSHA-USLAX,DOC,45.0,USD,1.0
2021-02-007,2021-02-21,CNSHA-USLAX,BAS,1934.73,USD,1.0
2021-02-007,2021-02-21,CNSHA-USLAX,BAF,383.16,USD,1.0
2021-02-007,2021-02-21,CNSHA-USLAX,THC,221.32,EUR,1.1253
2021-02-007,2021-02-21,CNSHA-USLAX,DOC,45.0,USD,1.0
2021-02-032,2021-02-22,CNSHA-USLAX,BAS,1931.91,USD,1.0
2021-02-032,2021-02-22,CNSHA-USLAX,BAF,386.53,USD,1.0
2021-02-032,2021-02-22,CNSHA-USLAX,THC,212.27,EUR,1.1253
2021-02-032,2021-02-22,CNSHA-USLAX,DOC,45.0,USD,1.0
2021-02-055,2021-02-22,CNSHA-USLAX,BAS,1988.81,USD,1.0
2021-02-055,2021-02-22,CNSHA-USLAX,BAF,385.41,USD,1.0
2021-02-055,2021-02-22,CNSHA-USLAX,THC,229.26,EUR,1.1253
2021-02-055,2021-02-22,CNSHA-USLAX,DOC,45.0,USD,1.0
2021-02-036,2021-02-23,CNSHA-USLAX,BAS,1948.91,USD,1.0
2021-02-036,2021-02-23,CNSHA-USLAX,BAF,356.61,USD,1.0
2021-02-036,2021-02-23,CNSHA-USLAX,THC,221.16,EUR,1.1253
2021-02-036,2021-02-23,CNSHA-USLAX,DOC,45.0,USD,1.0
2021-02-018,2021-02-24,CNSHA-NLRTM,BAS,2435.66,USD,1.0
2021-02-018,2021-02-24,CNSHA-NLRTM,BAF,389.86,USD,1.0
2021-02-018,2021-02-24,CNSHA-NLRTM,THC,226.81,EUR,1.1253
2021-02-018,2021-02-24,CNSHA-NLRTM,DOC,45.0,USD,1.0
2021-02-023,2021-02-24,CNSHA-NLRTM,BAS,2455.55,USD,1.0
2021-02-023,2021-02-24,CNSHA-NLRTM,BAF,390.22,USD,1.0
2021-02-023,2021-02-24,CNSHA-NLRTM,THC,216.05,EUR,1.1253
2021-02-023,2021-02-24,CNSHA-NLRTM,DOC,45.0,USD,1.0
2021-02-057,2021-02-24,CNSHA-NLRTM,BAS,2454.14,USD,1.0
2021-02-057,2021-02-24,CNSHA-NLRTM,BAF,383.34,USD,1.0
2021-02-057,2021-02-24,CNSHA-NLRTM,THC,221.6,EUR,1.1253
2021-02-057,2021-02-24,CNSHA-NLRTM,DOC,45.0,USD,1.0
2021-02-016,2021-02-25,CNSHA-NLRTM,BAS,2472.31,USD,1.0
2021-02-016,2021-02-25,CNSHA-NLRTM,BAF,402.1,USD,1.0
2021-02-016,2021-02-25,CNSHA-NLRTM,THC,232.26,EUR,1.1253
2021-02-016,2021-02-25,CNSHA-NLRTM,DOC,45.0,USD,1.0
2021-02-028,2021-02-25,CNSHA-USLAX,BAS,1985.83,USD,1.0
2021-02-028,2021-02-25,CNSHA-USLAX,BAF,369.77,USD,1.0
2021-02-028,2021-02-25,CNSHA-USLAX,THC,213.67,EUR,1.1253
2021-02-028,2021-02-25,CNSHA-USLAX,DOC,45.0,USD,1.0
2021-02-054,2021-02-26,CNSHA-NLRTM,BAS,2466.71,USD,1.0
2021-02-054,2021-02-26,CNSHA-NLRTM,BAF,399.44,USD,1.0
2021-02-054,2021-02-26,CNSHA-NLRTM,THC,211.08,EUR,1.1253
2021-02-054,2021-02-26,CNSHA-NLRTM,DOC,45.0,USD,1.0
2021-02-031,2021-02-27,CNSHA-USLAX,BAS,1939.41,USD,1.0
2021-02-031,2021-02-27,CNSHA-USLAX,BAF,412.72,USD,1.0
2021-02-031,2021-02-27,CNSHA-USLAX,THC,226.47,EUR,1.1253
2021-02-031,2021-02-27,CNSHA-USLAX,DOC,45.0,USD,1.0
2021-02-037,2021-02-27,CNSHA-USLAX,BAS,1933.93,USD,1.0
2021-02-037,2021-02-27,CNSHA-USLAX,BAF,385.77,USD,1.0
2021-02-037,2021-02-27,CNSHA-USLAX,THC,220.72,EUR,1.1253
2021-02-037,2021-02-27,CNSHA-USLAX,DOC,45.0,USD,1.0
2021-02-050,2021-02-27,CNSHA-NLRTM,BAS,2484.65,USD,1.0
2021-02-050,2021-02-27,CNSHA-NLRTM,BAF,347.82,USD,1.0
2021-02-050,2021-02-27,CNSHA-NLRTM,THC,224.02,EUR,1.1253
2021-02-050,2021-02-27,CNSHA-NLRTM,DOC,45.0,USD,1.0
2021-02-056,2021-02-28,CNSHA-USLAX,BAS,1966.68,USD,1.0
2021-02-056,2021-02-28,CNSHA-USLAX,BAF,363.77,USD,1.0
2021-02-056,2021-02-28,CNSHA-USLAX,THC,221.72,EUR,1.1253
2021-02-056,2021-02-28,CNSHA-USLAX,DOC,45.0,USD,1.0
2021-03-033,2021-03-01,CNSHA-USLAX,BAS,1977.8,USD,1.0
2021-03-033,2021-03-01,CNSHA-USLAX,BAF,372.88,USD,1.0
2021-03-033,2021-03-01,CNSHA-USLAX,THC,232.55,EUR,1.1206
2021-03-033,2021-03-01,CNSHA-USLAX,DOC,45.0,USD,1.0
2021-03-018,2021-03-02,CNSHA-USLAX,BAS,1964.82,USD,1.0
2021-03-018,2021-03-02,CNSHA-USLAX,BAF,391.45,USD,1.0
2021-03-018,2021-03-02,CNSHA-USLAX,THC,210.86,EUR,1.1206
2021-03-018,2021-03-02,CNSHA-USLAX,DOC,45.0,USD,1.0
2021-03-027,2021-03-02,CNSHA-USLAX,BAS,1935.94,USD,1.0
2021-03-027,2021-03-02,CNSHA-USLAX,BAF,395.14,USD,1.0
2021-03-027,2021-03-02,CNSHA-USLAX,THC,227.41,EUR,1.1206
2021-03-027,2021-03-02,CNSHA-USLAX,DOC,45.0,USD,1.0
2021-03-050,2021-03-02,CNSHA-USLAX,BAS,1920.03,USD,1.0
2021-03-050,2021-03-02,CNSHA-USLAX,BAF,387.92,USD,1.0
2021-03-050,2021-03-02,CNSHA-USLAX,THC,213.91,EUR,1.1206
2021-03-050,2021-03-02,CNSHA-USLAX,DOC,45.0,USD,1.0
2021-03-060,2021-03-02,CNSHA-USLAX,BAS,1968.75,USD,1.0
2021-03-060,2021-03-02,CNSHA-USLAX,BAF,374.73,USD,1.0
2021-03-060,2021-03-02,CNSHA-USLAX,THC,215.73,EUR,1.1206
2021-03-060,2021-03-02,CNSHA-USLAX,DOC,45.0,USD,1.0
2021-03-015,2021-03-03,CNSHA-USLAX,BAS,1962.9,USD,1.0
2021-03-015,2021-03-03,CNSHA-USLAX,BAF,363.55,USD,1.0
2021-03-015,2021-03-03,CNSHA-USLAX,THC,218.76,EUR,1.1206
2021-03-015,2021-03-03,CNSHA-USLAX,DOC,45.0,USD,1.0
2021-03-028,2021-03-03,CNSHA-USLAX,BAS,1937.9,USD,1.0
2021-03-028,2021-03-03,CNSHA-USLAX,BAF,386.36,USD,1.0
2021-03-028,2021-03-03,CNSHA-USLAX,THC,218.38,EUR,1.1206
2021-03-028,2021-03-03,CNSHA-USLAX,DOC,45.0,USD,1.0
2021-03-037,2021-03-03,CNSHA-USLAX,BAS,1946.79,USD,1.0
2021-03-037,2021-03-03,CNSHA-USLAX,BAF,403.9,USD,1.0
2021-03-037,2021-03-03,CNSHA-USLAX,THC,218.73,EUR,1.1206
2021-03-037,2021-03-03,CNSHA-USLAX,DOC,45.0,USD,1.0
2021-03-042,2021-03-03,CNSHA-USLAX,BAS,1954.87,USD,1.0
2021-03-042,2021-03-03,CNSHA-USLAX,BAF,384.94,USD,1.0
2021-03-042,2021-03-03,CNSHA-USLAX,THC,222.74,EUR,1.1206
2021-03-042,2021-03-03,CNSHA-USLAX,DOC,45.0,USD,1.0
2021-03-006,2021-03-04,CNSHA-USLAX,BAS,1978.98,USD,1.0
2021-03-006,2021-03-04,CNSHA-USLAX,BAF,409.87,USD,1.0
2021-03-006,2021-03-04,CNSHA-USLAX,THC,221.87,EUR,1.1206
2021-03-006,2021-03-04,CNSHA-USLAX,DOC,45.0,USD,1.0
2021-03-009,2021-03-06,CNSHA-USLAX,BAS,1948.39,USD,1.0
2021-03-009,2021-03-06,CNSHA-USLAX,BAF,365.33,USD,1.0
2021-03-009,2021-03-06,CNSHA-USLAX,THC,214.87,EUR,1.1206
2021-03-009,2021-03-06,CNSHA-USLAX,DOC,45.0,USD,1.0
2021-03-007,2021-03-07,CNSHA-NLRTM,BAS,2460.16,USD,1.0
2021-03-007,2021-03-07,CNSHA-NLRTM,BAF,397.73,USD,1.0
2021-03-007,2021-03-07,CNSHA-NLRTM,THC,211.58,EUR,1.1206
2021-03-007,2021-03-07,CNSHA-NLRTM,DOC,45.0,USD,1.0
2021-03-003,2021-03-08,CNSHA-NLRTM,BAS,2438.75,USD,1.0
2021-03-003,2021-03-08,CNSHA-NLRTM,BAF,399.54,USD,1.0
2021-03-003,2021-03-08,CNSHA-NLRTM,THC,215.73,EUR,1.1206
2021-03-003,2021-03-08,CNSHA-NLRTM,DOC,45.0,USD,1.0
2021-03-035,2021-03-08,CNSHA-USLAX,BAS,1974.42,USD,1.0
2021-03-035,2021-03-08,CNSHA-USLAX,BAF,411.8,USD,1.0
2021-03-035,2021-03-08,CNSHA-USLAX,THC,218.9,EUR,1.1206
2021-03-035,2021-03-08,CNSHA-USLAX,DOC,45.0,USD,1.0
2021-03-052,2021-03-08,CNSHA-USLAX,BAS,1985.91,USD,1.0
2021-03-052,2021-03-08,CNSHA-USLAX,BAF,371.38,USD,1.0
2021-03-052,2021-03-08,CNSHA-USLAX,THC,211.85,EUR,1.1206
2021-03-052,2021-03-08,CNSHA-USLAX,DOC,45.0,USD,1.0
2021-03-038,2021-03-09,CNSHA-USLAX,BAS,1999.12,USD,1.0
2021-03-038,2021-03-09,CNSHA-USLAX,BAF,419.75,USD,1.0
2021-03-038,2021-03-09,CNSHA-USLAX,THC,226.25,EUR,1.1206
2021-03-038,2021-03-09,CNSHA-USLAX,DOC,45.0,USD,1.0
2021-03-000,2021-03-10,CNSHA-NLRTM,BAS,2432.39,USD,1.0
2021-03-000,2021-03-10,CNSHA-NLRTM,BAF,407.25,USD,1.0
2021-03-000,2021-03-10,CNSHA-NLRTM,THC,231.38,EUR,1.1206
2021-03-000,2021-03-10,CNSHA-NLRTM,DOC,45.0,USD,1.0
2021-03-058,2021-03-10,CNSHA-USLAX,BAS,1978.42,USD,1.0
2021-03-058,2021-03-10,CNSHA-USLAX,BAF,386.1,USD,1.0
2021-03-058,2021-03-10,CNSHA-USLAX,THC,222.31,EUR,1.1206
2021-03-058,2021-03-10,CNSHA-USLAX,DOC,45.0,USD,1.0
2021-03-013,2021-03-11,CNSHA-USLAX,BAS,1973.7,USD,1.0
2021-03-013,2021-03-11,CNSHA-USLAX,BAF,387.0,USD,1.0
2021-03-013,2021-03-11,CNSHA-USLAX,THC,224.76,EUR,1.1206
2021-03-013,2021-03-11,CNSHA-USLAX,DOC,45.0,USD,1.0
2021-03-021,2021-03-13,CNSHA-USLAX,BAS,1951.48,USD,1.0
2021-03-021,2021-03-13,CNSHA-USLAX,BAF,408.85,USD,1.0
2021-03-021,2021-03-13,CNSHA-USLAX,THC,224.91,EUR,1.1206
2021-03-021,2021-03-13,CNSHA-USLAX,DOC,45.0,USD,1.0
2021-03-019,2021-03-14,CNSHA-USLAX,BAS,1944.27,USD,1.0
2021-03-019,2021-03-14,CNSHA-USLAX,BAF,399.91,USD,1.0
2021-03-019,2021-03-14,CNSHA-USLAX,THC,226.61,EUR,1.1206
2021-03-019,2021-03-14,CNSHA-USLAX,DOC,45.0,USD,1.0
2021-03-026,2021-03-14,CNSHA-USLAX,BAS,1927.91,USD,1.0
2021-03-026,2021-03-14,CNSHA-USLAX,BAF,401.64,USD,1.0
2021-03-026,2021-03-14,CNSHA-USLAX,THC,210.93,EUR,1.1206
2021-03-026,2021-03-14,CNSHA-USLAX,DOC,45.0,USD,1.0
2021-03-004,2021-03-15,CNSHA-USLAX,BAS,1956.69,USD,1.0
2021-03-004,2021-03-15,CNSHA-USLAX,BAF,447.18,USD,1.0
2021-03-004,2021-03-15,CNSHA-USLAX,THC,223.25,EUR,1.1206
2021-03-004,2021-03-15,CNSHA-USLAX,DOC,45.0,USD,1.0
2021-03-010,2021-03-15,CNSHA-USLAX,BAS,1958.07,USD,1.0
2021-03-010,2021-03-15,CNSHA-USLAX,BAF,349.72,USD,1.0
2021-03-010,2021-03-15,CNSHA-USLAX,THC,226.1,EUR,1.1206
2021-03-010,2021-03-15,CNSHA-USLAX,DOC,45.0,USD,1.0
2021-03-020,2021-03-15,CNSHA-USLAX,BAS,1948.45,USD,1.0
2021-03-020,2021-03-15,CNSHA-USLAX,BAF,415.95,USD,1.0
2021-03-020,2021-03-15,CNSHA-USLAX,THC,220.91,EUR,1.1206
2021-03-020,2021-03-15,CNSHA-USLAX,DOC,45.0,USD,1.0
2021-03-032,2021-03-15,CNSHA-NLRTM,BAS,2466.65,USD,1.0
2021-03-032,2021-03-15,CNSHA-NLRTM,BAF,394.34,USD,1.0
2021-03-032,2021-03-15,CNSHA-NLRTM,THC,221.12,EUR,1.1206
2021-03-032,2021-03-15,CNSHA-NLRTM,DOC,45.0,USD,1.0
2021-03-040,2021-03-15,CNSHA-USLAX,BAS,1941.47,USD,1.0
2021-03-040,2021-03-15,CNSHA-USLAX,BAF,398.54,USD,1.0
2021-03-040,2021-03-15,CNSHA-USLAX,THC,211.77,EUR,1.1206
2021-03-040,2021-03-15,CNSHA-USLAX,DOC,45.0,USD,1.0
2021-03-049,2021-03-15,CNSHA-USLAX,BAS,1983.08,USD,1.0
2021-03-049,2021-03-15,CNSHA-USLAX,BAF,411.13,USD,1.0
2021-03-049,2021-03-15,CNSHA-USLAX,THC,213.26,EUR,1.1206
2021-03-049,2021-03-15,CNSHA-USLAX,DOC,45.0,USD,1.0
2021-03-057,2021-03-15,CNSHA-USLAX,BAS,1965.93,USD,1.0
2021-03-057,2021-03-15,CNSHA-USLAX,BAF,387.26,USD,1.0
2021-03-057,2021-03-15,CNSHA-USLAX,THC,225.74,EUR,1.1206
2021-03-057,2021-03-15,CNSHA-USLAX,DOC,45.0,USD,1.0
2021-03-046,2021-03-17,CNSHA-USLAX,BAS,1973.19,USD,1.0
2021-03-046,2021-03-17,CNSHA-USLAX,BAF,393.95,USD,1.0
2021-03-046,2021-03-17,CNSHA-USLAX,THC,232.59,EUR,1.1206
2021-03-046,2021-03-17,CNSHA-USLAX,DOC,45.0,USD,1.0
2021-03-039,2021-03-18,CNSHA-USLAX,BAS,1940.66,USD,1.0
2021-03-039,2021-03-18,CNSHA-USLAX,BAF,372.94,USD,1.0
2021-03-039,2021-03-18,CNSHA-USLAX,THC,221.29,EUR,1.1206
2021-03-039,2021-03-18,CNSHA-USLAX,DOC,45.0,USD,1.0
2021-03-041,2021-03-18,CNSHA-NLRTM,BAS,2440.33,USD,1.0
2021-03-041,2021-03-18,CNSHA-NLRTM,BAF,375.48,USD,1.0
2021-03-041,2021-03-18,CNSHA-NLRTM,THC,233.04,EUR,1.1206
2021-03-041,2021-03-18,CNSHA-NLRTM,DOC,45.0,USD,1.0
2021-03-044,2021-03-18,CNSHA-USLAX,BAS,1970.76,USD,1.0
2021-03-044,2021-03-18,CNSHA-USLAX,BAF,411.24,USD,1.0
2021-03-044,2021-03-18,CNSHA-USLAX,THC,222.4,EUR,1.1206
2021-03-044,2021-03-18,CNSHA-USLAX,DOC,45.0,USD,1.0
2021-03-055,2021-03-18,CNSHA-USLAX,BAS,1954.07,USD,1.0
2021-03-055,2021-03-18,CNSHA-USLAX,BAF,408.91,USD,1.0
2021-03-055,2021-03-18,CNSHA-USLAX,THC,228.8,EUR,1.1206
2021-03-055,2021-03-18,CNSHA-USLAX,DOC,45.0,USD,1.0
2021-03-002,2021-03-19,CNSHA-USLAX,BAS,1954.73,USD,1.0
2021-03-002,2021-03-19,CNSHA-USLAX,BAF,352.57,USD,1.0
2021-03-002,2021-03-19,CNSHA-USLAX,THC,218.2,EUR,1.1206
2021-03-002,2021-03-19,CNSHA-USLAX,DOC,45.0,USD,1.0
2021-03-034,2021-03-19,CNSHA-USLAX,BAS,1961.66,USD,1.0
2021-03-034,2021-03-19,CNSHA-USLAX,BAF,345.62,USD,1.0
2021-03-034,2021-03-19,CNSHA-USLAX,THC,219.93,EUR,1.1206
2021-03-034,2021-03-19,CNSHA-USLAX,DOC,45.0,USD,1.0
2021-03-014,2021-03-20,CNSHA-NLRTM,BAS,2450.75,USD,1.0
2021-03-014,2021-03-20,CNSHA-NLRTM,BAF,394.31,USD,1.0
2021-03-014,2021-03-20,CNSHA-NLRTM,THC,219.93,EUR,1.1206
2021-03-014,2021-03-20,CNSHA-NLRTM,DOC,45.0,USD,1.0
2021-03-022,2021-03-20,CNSHA-NLRTM,BAS,2457.41,USD,1.0
2021-03-022,2021-03-20,CNSHA-NLRTM,BAF,393.29,USD,1.0
2021-03-022,2021-03-20,CNSHA-NLRTM,THC,213.79,EUR,1.1206
2021-03-022,2021-03-20,CNSHA-NLRTM,DOC,45.0,USD,1.0
2021-03-030,2021-03-20,CNSHA-USLAX,BAS,1945.87,USD,1.0
2021-03-030,2021-03-20,CNSHA-USLAX,BAF,389.51,USD,1.0
2021-03-030,2021-03-20,CNSHA-USLAX,THC,218.05,EUR,1.1206
2021-03-030,2021-03-20,CNSHA-USLAX,DOC,45.0,USD,1.0
2021-03-043,2021-03-20,CNSHA-USLAX,BAS,1976.99,USD,1.0
2021-03-043,2021-03-20,CNSHA-USLAX,BAF,383.17,USD,1.0
2021-03-043,2021-03-20,CNSHA-USLAX,THC,204.3,EUR,1.1206
2021-03-043,2021-03-20,CNSHA-USLAX,DOC,45.0,USD,1.0
2021-03-048,2021-03-20,CNSHA-USLAX,BAS,1934.85,USD,1.0
2021-03-048,2021-03-20,CNSHA-USLAX,BAF,418.93,USD,1.0
2021-03-048,2021-03-20,CNSHA-USLAX,THC,218.42,EUR,1.1206
2021-03-048,2021-03-20,CNSHA-USLAX,DOC,45.0,USD,1.0
2021-03-008,2021-03-22,CNSHA-USLAX,BAS,1954.94,USD,1.0
2021-03-008,2021-03-22,CNSHA-USLAX,BAF,391.51,USD,1.0
2021-03-008,2021-03-22,CNSHA-USLAX,THC,217.96,EUR,1.1206
2021-03-008,2021-03-22,CNSHA-USLAX,DOC,45.0,USD,1.0
2021-03-017,2021-03-22,CNSHA-NLRTM,BAS,2422.53,USD,1.0
2021-03-017,2021-03-22,CNSHA-NLRTM,BAF,401.84,USD,1.0
2021-03-017,2021-03-22,CNSHA-NLRTM,THC,224.69,EUR,1.1206
2021-03-017,2021-03-22,CNSHA-NLRTM,DOC,45.0,USD,1.0
2021-03-045,2021-03-22,CNSHA-USLAX,BAS,1980.75,USD,1.0
2021-03-045,2021-03-22,CNSHA-USLAX,BAF,393.5,USD,1.0
2021-03-045,2021-03-22,CNSHA-USLAX,THC,224.46,EUR,1.1206
2021-03-045,2021-03-22,CNSHA-USLAX,DOC,45.0,USD,1.0
2021-03-011,2021-03-23,CNSHA-USLAX,BAS,1977.54,USD,1.0
2021-03-011,2021-03-23,CNSHA-USLAX,BAF,412.06,USD,1.0
2021-03-011,2021-03-23,CNSHA-USLAX,THC,215.3,EUR,1.1206
2021-03-011,2021-03-23,CNSHA-USLAX,DOC,45.0,USD,1.0
2021-03-025,2021-03-23,CNSHA-NLRTM,BAS,2461.73,USD,1.0
2021-03-025,2021-03-23,CNSHA-NLRTM,BAF,394.61,USD,1.0
2021-03-025,2021-03-23,CNSHA-NLRTM,THC,224.28,EUR,1.1206
2021-03-025,2021-03-23,CNSHA-NLRTM,DOC,45.0,USD,1.0
2021-03-056,2021-03-23,CNSHA-USLAX,BAS,1951.2,USD,1.0
2021-03-056,2021-03-23,CNSHA-USLAX,BAF,386.94,USD,1.0
2021-03-056,2021-03-23,CNSHA-USLAX,THC,211.09,EUR,1.1206
2021-03-056,2021-03-23,CNSHA-USLAX,DOC,45.0,USD,1.0
2021-03-023,2021-03-24,CNSHA-NLRTM,BAS,2429.53,USD,1.0
2021-03-023,2021-03-24,CNSHA-NLRTM,BAF,379.45,USD,1.0
2021-03-023,2021-03-24,CNSHA-NLRTM,THC,210.85,EUR,1.1206
2021-03-023,2021-03-24,CNSHA-NLRTM,DOC,45.0,USD,1.0
2021-03-059,2021-03-24,CNSHA-NLRTM,BAS,2481.32,USD,1.0
2021-03-059,2021-03-24,CNSHA-NLRTM,BAF,390.46,USD,1.0
2021-03-059,2021-03-24,CNSHA-NLRTM,THC,218.99,EUR,1.1206
2021-03-059,2021-03-24,CNSHA-NLRTM,DOC,45.0,USD,1.0
2021-03-001,2021-03-25,CNSHA-USLAX,BAS,1972.21,USD,1.0
2021-03-001,2021-03-25,CNSHA-USLAX,BAF,408.43,USD,1.0
2021-03-001,2021-03-25,CNSHA-USLAX,THC,210.99,EUR,1.1206
2021-03-001,2021-03-25,CNSHA-USLAX,DOC,45.0,USD,1.0
2021-03-005,2021-03-25,CNSHA-USLAX,BAS,2006.02,USD,1.0
2021-03-005,2021-03-25,CNSHA-USLAX,BAF,392.71,USD,1.0
2021-03-005,2021-03-25,CNSHA-USLAX,THC,228.45,EUR,1.1206
2021-03-005,2021-03-25,CNSHA-USLAX,DOC,45.0,USD,1.0
2021-03-012,2021-03-25,CNSHA-NLRTM,BAS,2427.13,USD,1.0
2021-03-012,2021-03-25,CNSHA-NLRTM,BAF,405.27,USD,1.0
2021-03-012,2021-03-25,CNSHA-NLRTM,THC,225.97,EUR,1.1206
2021-03-012,2021-03-25,CNSHA-NLRTM,DOC,45.0,USD,1.0
2021-03-051,2021-03-25,CNSHA-NLRTM,BAS,2450.32,USD,1.0
2021-03-051,2021-03-25,CNSHA-NLRTM,BAF,382.84,USD,1.0
2021-03-051,2021-03-25,CNSHA-NLRTM,THC,223.59,EUR,1.1206
2021-03-051,2021-03-25,CNSHA-NLRTM,DOC,45.0,USD,1.0
2021-03-029,2021-03-26,CNSHA-USLAX,BAS,1957.16,USD,1.0
2021-03-029,2021-03-26,CNSHA-USLAX,BAF,384.12,USD,1.0
2021-03-029,2021-03-26,CNSHA-USLAX,THC,228.64,EUR,1.1206
2021-03-029,2021-03-26,CNSHA-USLAX,DOC,45.0,USD,1.0
2021-03-053,2021-03-26,CNSHA-USLAX,BAS,1983.5,USD,1.0
2021-03-053,2021-03-26,CNSHA-USLAX,BAF,406.54,USD,1.0
2021-03-053,2021-03-26,CNSHA-USLAX,THC,211.04,EUR,1.1206
2021-03-053,2021-03-26,CNSHA-USLAX,DOC,45.0,USD,1.0
2021-03-054,2021-03-26,CNSHA-USLAX,BAS,1963.23,USD,1.0
2021-03-054,2021-03-26,CNSHA-USLAX,BAF,390.37,USD,1.0
2021-03-054,2021-03-26,CNSHA-USLAX,THC,218.55,EUR,1.1206
2021-03-054,2021-03-26,CNSHA-USLAX,DOC,45.0,USD,1.0
2021-03-036,2021-03-27,CNSHA-USLAX,BAS,1964.28,USD,1.0
2021-03-036,2021-03-27,CNSHA-USLAX,BAF,348.56,USD,1.0
2021-03-036,2021-03-27,CNSHA-USLAX,THC,217.14,EUR,1.1206
2021-03-036,2021-03-27,CNSHA-USLAX,DOC,45.0,USD,1.0
2021-03-047,2021-03-27,CNSHA-USLAX,BAS,1940.03,USD,1.0
2021-03-047,2021-03-27,CNSHA-USLAX,BAF,397.31,USD,1.0
2021-03-047,2021-03-27,CNSHA-USLAX,THC,222.03,EUR,1.1206
2021-03-047,2021-03-27,CNSHA-USLAX,DOC,45.0,USD,1.0
2021-03-016,2021-03-28,CNSHA-NLRTM,BAS,2514.92,USD,1.0
2021-03-016,2021-03-28,CNSHA-NLRTM,BAF,381.32,USD,1.0
2021-03-016,2021-03-28,CNSHA-NLRTM,THC,220.79,EUR,1.1206
2021-03-016,2021-03-28,CNSHA-NLRTM,DOC,45.0,USD,1.0
2021-03-024,2021-03-28,CNSHA-USLAX,BAS,1952.92,USD,1.0
2021-03-024,2021-03-28,CNSHA-USLAX,BAF,360.91,USD,1.0
2021-03-024,2021-03-28,CNSHA-USLAX,THC,214.75,EUR,1.1206
2021-03-024,2021-03-28,CNSHA-USLAX,DOC,45.0,USD,1.0
2021-03-031,2021-03-28,CNSHA-USLAX,BAS,1955.14,USD,1.0
2021-03-031,2021-03-28,CNSHA-USLAX,BAF,409.09,USD,1.0
2021-03-031,2021-03-28,CNSHA-USLAX,THC,233.46,EUR,1.1206
2021-03-031,2021-03-28,CNSHA-USLAX,DOC,45.0,USD,1.0
2021-04-007,2021-04-01,CNSHA-USLAX,BAS,1961.65,USD,1.0
2021-04-007,2021-04-01,CNSHA-USLAX,BAF,418.67,USD,1.0
2021-04-007,2021-04-01,CNSHA-USLAX,THC,229.06,EUR,1.1159
2021-04-007,2021-04-01,CNSHA-USLAX,DOC,45.0,USD,1.0
2021-04-008,2021-04-01,CNSHA-USLAX,BAS,1983.06,USD,1.0
2021-04-008,2021-04-01,CNSHA-USLAX,BAF,428.2,USD,1.0
2021-04-008,2021-04-01,CNSHA-USLAX,THC,222.44,EUR,1.1159
2021-04-008,2021-04-01,CNSHA-USLAX,DOC,45.0,USD,1.0
2021-04-031,2021-04-01,CNSHA-NLRTM,BAS,2440.08,USD,1.0
2021-04-031,2021-04-01,CNSHA-NLRTM,BAF,390.97,USD,1.0
2021-04-031,2021-04-01,CNSHA-NLRTM,THC,214.94,EUR,1.1159
2021-04-031,2021-04-01,CNSHA-NLRTM,DOC,45.0,USD,1.0
2021-04-002,2021-04-02,CNSHA-NLRTM,BAS,2403.78,USD,1.0
2021-04-002,2021-04-02,CNSHA-NLRTM,BAF,365.01,USD,1.0
2021-04-002,2021-04-02,CNSHA-NLRTM,THC,219.01,EUR,1.1159
2021-04-002,2021-04-02,CNSHA-NLRTM,DOC,45.0,USD,1.0
2021-04-054,2021-04-02,CNSHA-NLRTM,BAS,2464.85,USD,1.0
2021-04-054,2021-04-02,CNSHA-NLRTM,BAF,412.43,USD,1.0
2021-04-054,2021-04-02,CNSHA-NLRTM,THC,208.71,EUR,1.1159
2021-04-054,2021-04-02,CNSHA-NLRTM,DOC,45.0,USD,1.0
2021-04-052,2021-04-03,CNSHA-NLRTM,BAS,2439.84,USD,1.0
2021-04-052,2021-04-03,CNSHA-NLRTM,BAF,413.6,USD,1.0
2021-04-052,2021-04-03,CNSHA-NLRTM,THC,223.94,EUR,1.1159
2021-04-052,2021-04-03,CNSHA-NLRTM,DOC,45.0,USD,1.0
2021-04-035,2021-04-04,CNSHA-USLAX,BAS,1938.32,USD,1.0
2021-04-035,2021-04-04,CNSHA-USLAX,BAF,405.68,USD,1.0
2021-04-035,2021-04-04,CNSHA-USLAX,THC,210.39,EUR,1.1159
2021-04-035,2021-04-04,CNSHA-USLAX,DOC,45.0,USD,1.0
2021-04-006,2021-04-05,CNSHA-USLAX,BAS,1936.97,USD,1.0
2021-04-006,2021-04-05,CNSHA-USLAX,BAF,381.14,USD,1.0
2021-04-006,2021-04-05,CNSHA-USLAX,THC,216.64,EUR,1.1159
2021-04-006,2021-04-05,CNSHA-USLAX,DOC,45.0,USD,1.0
2021-04-037,2021-04-05,CNSHA-NLRTM,BAS,2459.99,USD,1.0
2021-04-037,2021-04-05,CNSHA-NLRTM,BAF,397.69,USD,1.0
2021-04-037,2021-04-05,CNSHA-NLRTM,THC,222.94,EUR,1.1159
2021-04-037,2021-04-05,CNSHA-NLRTM,DOC,45.0,USD,1.0
2021-04-053,2021-04-05,CNSHA-NLRTM,BAS,2488.12,USD,1.0
2021-04-053,2021-04-05,CNSHA-NLRTM,BAF,368.88,USD,1.0
2021-04-053,2021-04-05,CNSHA-NLRTM,THC,218.07,EUR,1.1159
2021-04-053,2021-04-05,CNSHA-NLRTM,DOC,45.0,USD,1.0
2021-04-057,2021-04-05,CNSHA-USLAX,BAS,1958.31,USD,1.0
2021-04-057,2021-04-05,CNSHA-USLAX,BAF,397.97,USD,1.0
2021-04-057,2021-04-05,CNSHA-USLAX,THC,222.09,EUR,1.1159
2021-04-057,2021-04-05,CNSHA-USLAX,DOC,45.0,USD,1.0
2021-04-000,2021-04-06,CNSHA-USLAX,BAS,1954.5,USD,1.0
2021-04-000,2021-04-06,CNSHA-USLAX,BAF,417.68,USD,1.0
2021-04-000,2021-04-06,CNSHA-USLAX,THC,219.35,EUR,1.1159
2021-04-000,2021-04-06,CNSHA-USLAX,DOC,45.0,USD,1.0
2021-04-039,2021-04-06,CNSHA-USLAX,BAS,1933.86,USD,1.0
2021-04-039,2021-04-06,CNSHA-USLAX,BAF,386.27,USD,1.0
2021-04-039,2021-04-06,CNSHA-USLAX,THC,234.26,EUR,1.1159
2021-04-039,2021-04-06,CNSHA-USLAX,DOC,45.0,USD,1.0
2021-04-055,2021-04-06,CNSHA-NLRTM,BAS,2469.02,USD,1.0
2021-04-055,2021-04-06,CNSHA-NLRTM,BAF,405.49,USD,1.0
2021-04-055,2021-04-06,CNSHA-NLRTM,THC,212.3,EUR,1.1159
2021-04-055,2021-04-06,CNSHA-NLRTM,DOC,45.0,USD,1.0
2021-04-001,2021-04-07,CNSHA-USLAX,BAS,1929.72,USD,1.0
2021-04-001,2021-04-07,CNSHA-USLAX,BAF,416.69,USD,1.0
2021-04-001,2021-04-07,CNSHA-USLAX,THC,223.33,EUR,1.1159
2021-04-001,2021-04-07,CNSHA-USLAX,DOC,45.0,USD,1.0
2021-04-010,2021-04-07,CNSHA-USLAX,BAS,1937.06,USD,1.0
2021-04-010,2021-04-07,CNSHA-USLAX,BAF,380.55,USD,1.0
2021-04-010,2021-04-07,CNSHA-USLAX,THC,219.57,EUR,1.1159
2021-04-010,2021-04-07,CNSHA-USLAX,DOC,45.0,USD,1.0
2021-04-032,2021-04-08,CNSHA-USLAX,BAS,1957.7,USD,1.0
2021-04-032,2021-04-08,CNSHA-USLAX,BAF,408.07,USD,1.0
2021-04-032,2021-04-08,CNSHA-USLAX,THC,225.16,EUR,1.1159
2021-04-032,2021-04-08,CNSHA-USLAX,DOC,45.0,USD,1.0
2021-04-042,2021-04-08,CNSHA-USLAX,BAS,1966.16,USD,1.0
2021-04-042,2021-04-08,CNSHA-USLAX,BAF,392.44,USD,1.0
2021-04-042,2021-04-08,CNSHA-USLAX,THC,222.62,EUR,1.1159
2021-04-042,2021-04-08,CNSHA-USLAX,DOC,45.0,USD,1.0
2021-04-044,2021-04-08,CNSHA-USLAX,BAS,1956.91,USD,1.0
2021-04-044,2021-04-08,CNSHA-USLAX,BAF,419.74,USD,1.0
2021-04-044,2021-04-08,CNSHA-USLAX,THC,216.77,EUR,1.1159
2021-04-044,2021-04-08,CNSHA-USLAX,DOC,45.0,USD,1.0
2021-04-020,2021-04-09,CNSHA-NLRTM,BAS,2476.07,USD,1.0
2021-04-020,2021-04-09,CNSHA-NLRTM,BAF,421.23,USD,1.0
2021-04-020,2021-04-09,CNSHA-NLRTM,THC,207.11,EUR,1.1159
2021-04-020,2021-04-09,CNSHA-NLRTM,DOC,45.0,USD,1.0
2021-04-056,2021-04-09,CNSHA-NLRTM,BAS,2471.98,USD,1.0
2021-04-056,2021-04-09,CNSHA-NLRTM,BAF,405.17,USD,1.0
2021-04-056,2021-04-09,CNSHA-NLRTM,THC,216.19,EUR,1.1159
2021-04-056,2021-04-09,CNSHA-NLRTM,DOC,45.0,USD,1.0
2021-04-004,2021-04-10,CNSHA-NLRTM,BAS,2435.14,USD,1.0
2021-04-004,2021-04-10,CNSHA-NLRTM,BAF,356.7,USD,1.0
2021-04-004,2021-04-10,CNSHA-NLRTM,THC,220.15,EUR,1.1159
2021-04-004,2021-04-10,CNSHA-NLRTM,DOC,45.0,USD,1.0
2021-04-022,2021-04-10,CNSHA-NLRTM,BAS,2449.33,USD,1.0
2021-04-022,2021-04-10,CNSHA-NLRTM,BAF,417.72,USD,1.0
2021-04-022,2021-04-10,CNSHA-NLRTM,THC,208.59,EUR,1.1159
2021-04-022,2021-04-10,CNSHA-NLRTM,DOC,45.0,USD,1.0
2021-04-030,2021-04-10,CNSHA-USLAX,BAS,1950.67,USD,1.0
2021-04-030,2021-04-10,CNSHA-USLAX,BAF,393.11,USD,1.0
2021-04-030,2021-04-10,CNSHA-USLAX,THC,217.3,EUR,1.1159
2021-04-030,2021-04-10,CNSHA-USLAX,DOC,45.0,USD,1.0
2021-04-033,2021-04-10,CNSHA-USLAX,BAS,1963.08,USD,1.0
2021-04-033,2021-04-10,CNSHA-USLAX,BAF,373.27,USD,1.0
2021-04-033,2021-04-10,CNSHA-USLAX,THC,219.23,EUR,1.1159
2021-04-033,2021-04-10,CNSHA-USLAX,DOC,45.0,USD,1.0
2021-04-043,2021-04-10,CNSHA-USLAX,BAS,1972.13,USD,1.0
2021-04-043,2021-04-10,CNSHA-USLAX,BAF,371.03,USD,1.0
2021-04-043,2021-04-10,CNSHA-USLAX,THC,222.96,EUR,1.1159
2021-04-043,2021-04-10,CNSHA-USLAX,DOC,45.0,USD,1.0
2021-04-050,2021-04-10,CNSHA-NLRTM,BAS,2440.51,USD,1.0
2021-04-050,2021-04-10,CNSHA-NLRTM,BAF,372.83,USD,1.0
2021-04-050,2021-04-10,CNSHA-NLRTM,THC,226.19,EUR,1.1159
2021-04-050,2021-04-10,CNSHA-NLRTM,DOC,45.0,USD,1.0
2021-04-058,2021-04-10,CNSHA-NLRTM,BAS,2456.56,USD,1.0
2021-04-058,2021-04-10,CNSHA-NLRTM,BAF,407.77,USD,1.0
2021-04-058,2021-04-10,CNSHA-NLRTM,THC,216.78,EUR,1.1159
2021-04-058,2021-04-10,CNSHA-NLRTM,DOC,45.0,USD,1.0
2021-04-014,2021-04-11,CNSHA-USLAX,BAS,1925.55,USD,1.0
2021-04-014,2021-04-11,CNSHA-USLAX,BAF,442.02,USD,1.0
2021-04-014,2021-04-11,CNSHA-USLAX,THC,220.61,EUR,1.1159
2021-04-014,2021-04-11,CNSHA-USLAX,DOC,45.0,USD,1.0
2021-04-038,2021-04-11,CNSHA-USLAX,BAS,1955.76,USD,1.0
2021-04-038,2021-04-11,CNSHA-USLAX,BAF,361.14,USD,1.0
2021-04-038,2021-04-11,CNSHA-USLAX,THC,217.72,EUR,1.1159
2021-04-038,2021-04-11,CNSHA-USLAX,DOC,45.0,USD,1.0
2021-04-003,2021-04-12,CNSHA-USLAX,BAS,1956.59,USD,1.0
2021-04-003,2021-04-12,CNSHA-USLAX,BAF,391.3,USD,1.0
2021-04-003,2021-04-12,CNSHA-USLAX,THC,219.58,EUR,1.1159
2021-04-003,2021-04-12,CNSHA-USLAX,DOC,45.0,USD,1.0
2021-04-041,2021-04-12,CNSHA-USLAX,BAS,1966.94,USD,1.0
2021-04-041,2021-04-12,CNSHA-USLAX,BAF,403.75,USD,1.0
2021-04-041,2021-04-12,CNSHA-USLAX,THC,223.8,EUR,1.1159
2021-04-041,2021-04-12,CNSHA-USLAX,DOC,45.0,USD,1.0
2021-04-018,2021-04-14,CNSHA-USLAX,BAS,1981.51,USD,1.0
2021-04-018,2021-04-14,CNSHA-USLAX,BAF,382.36,USD,1.0
2021-04-018,2021-04-14,CNSHA-USLAX,THC,223.71,EUR,1.1159
2021-04-018,2021-04-14,CNSHA-USLAX,DOC,45.0,USD,1.0
2021-04-013,2021-04-15,CNSHA-USLAX,BAS,1923.81,USD,1.0
2021-04-013,2021-04-15,CNSHA-USLAX,BAF,376.28,USD,1.0
2021-04-013,2021-04-15,CNSHA-USLAX,THC,211.12,EUR,1.1159
2021-04-013,2021-04-15,CNSHA-USLAX,DOC,45.0,USD,1.0
2021-04-028,2021-04-15,CNSHA-NLRTM,BAS,2465.42,USD,1.0
2021-04-028,2021-04-15,CNSHA-NLRTM,BAF,372.84,USD,1.0
2021-04-028,2021-04-15,CNSHA-NLRTM,THC,219.24,EUR,1.1159
2021-04-028,2021-04-15,CNSHA-NLRTM,DOC,45.0,USD,1.0
2021-04-047,2021-04-15,CNSHA-USLAX,BAS,1951.39,USD,1.0
2021-04-047,2021-04-15,CNSHA-USLAX,BAF,413.61,USD,1.0
2021-04-047,2021-04-15,CNSHA-USLAX,THC,229.85,EUR,1.1159
2021-04-047,2021-04-15,CNSHA-USLAX,DOC,45.0,USD,1.0
2021-04-036,2021-04-17,CNSHA-NLRTM,BAS,2494.83,USD,1.0
2021-04-036,2021-04-17,CNSHA-NLRTM,BAF,388.83,USD,1.0
2021-04-036,2021-04-17,CNSHA-NLRTM,THC,229.29,EUR,1.1159
2021-04-036,2021-04-17,CNSHA-NLRTM,DOC,45.0,USD,1.0
2021-04-015,2021-04-18,CNSHA-NLRTM,BAS,2465.64,USD,1.0
2021-04-015,2021-04-18,CNSHA-NLRTM,BAF,406.42,USD,1.0
2021-04-015,2021-04-18,CNSHA-NLRTM,THC,215.34,EUR,1.1159
2021-04-015,2021-04-18,CNSHA-NLRTM,DOC,45.0,USD,1.0
2021-04-029,2021-04-18,CNSHA-USLAX,BAS,1934.87,USD,1.0
2021-04-029,2021-04-18,CNSHA-USLAX,BAF,382.44,USD,1.0
2021-04-029,2021-04-18,CNSHA-USLAX,THC,216.29,EUR,1.1159
2021-04-029,2021-04-18,CNSHA-USLAX,DOC,45.0,USD,1.0
2021-04-021,2021-04-19,CNSHA-USLAX,BAS,1963.88,USD,1.0
2021-04-021,2021-04-19,CNSHA-USLAX,BAF,356.85,USD,1.0
2021-04-021,2021-04-19,CNSHA-USLAX,THC,227.27,EUR,1.1159
2021-04-021,2021-04-19,CNSHA-USLAX,DOC,45.0,USD,1.0
2021-04-048,2021-04-20,CNSHA-USLAX,BAS,1971.97,USD,1.0
2021-04-048,2021-04-20,CNSHA-USLAX,BAF,401.22,USD,1.0
2021-04-048,2021-04-20,CNSHA-USLAX,THC,226.51,EUR,1.1159
2021-04-048,2021-04-20,CNSHA-USLAX,DOC,45.0,USD,1.0
2021-04-062,2021-04-20,CNSHA-NLRTM,BAS,2484.21,USD,1.0
2021-04-062,2021-04-20,CNSHA-NLRTM,BAF,372.5,USD,1.0
2021-04-062,2021-04-20,CNSHA-NLRTM,THC,215.15,EUR,1.1159
2021-04-062,2021-04-20,CNSHA-NLRTM,DOC,45.0,USD,1.0
2021-04-012,2021-04-21,CNSHA-USLAX,BAS,1962.52,USD,1.0
2021-04-012,2021-04-21,CNSHA-USLAX,BAF,392.03,USD,1.0
2021-04-012,2021-04-21,CNSHA-USLAX,THC,226.18,EUR,1.1159
2021-04-012,2021-04-21,CNSHA-USLAX,DOC,45.0,USD,1.0
2021-04-017,2021-04-21,CNSHA-NLRTM,BAS,2467.98,USD,1.0
2021-04-017,2021-04-21,CNSHA-NLRTM,BAF,386.6,USD,1.0
2021-04-017,2021-04-21,CNSHA-NLRTM,THC,229.4,EUR,1.1159
2021-04-017,2021-04-21,CNSHA-NLRTM,DOC,45.0,USD,1.0
2021-04-034,2021-04-21,CNSHA-NLRTM,BAS,2492.06,USD,1.0
2021-04-034,2021-04-21,CNSHA-NLRTM,BAF,387.25,USD,1.0
2021-04-034,2021-04-21,CNSHA-NLRTM,THC,230.37,EUR,1.1159
2021-04-034,2021-04-21,CNSHA-NLRTM,DOC,45.0,USD,1.0
2021-04-025,2021-04-22,CNSHA-USLAX,BAS,2006.42,USD,1.0
2021-04-025,2021-04-22,CNSHA-USLAX,BAF,403.96,USD,1.0
2021-04-025,2021-04-22,CNSHA-USLAX,THC,219.43,EUR,1.1159
2021-04-025,2021-04-22,CNSHA-USLAX,DOC,45.0,USD,1.0
2021-04-027,2021-04-22,CNSHA-USLAX,BAS,1952.91,USD,1.0
2021-04-027,2021-04-22,CNSHA-USLAX,BAF,389.47,USD,1.0
2021-04-027,2021-04-22,CNSHA-USLAX,THC,219.98,EUR,1.1159
2021-04-027,2021-04-22,CNSHA-USLAX,DOC,45.0,USD,1.0
2021-04-059,2021-04-22,CNSHA-USLAX,BAS,1927.66,USD,1.0
2021-04-059,2021-04-22,CNSHA-USLAX,BAF,409.97,USD,1.0
2021-04-059,2021-04-22,CNSHA-USLAX,THC,211.06,EUR,1.1159
2021-04-059,2021-04-22,CNSHA-USLAX,DOC,45.0,USD,1.0
2021-04-016,2021-04-23,CNSHA-NLRTM,BAS,2499.13,USD,1.0
2021-04-016,2021-04-23,CNSHA-NLRTM,BAF,419.07,USD,1.0
2021-04-016,2021-04-23,CNSHA-NLRTM,THC,223.82,EUR,1.1159
2021-04-016,2021-04-23,CNSHA-NLRTM,DOC,45.0,USD,1.0
2021-04-051,2021-04-23,CNSHA-NLRTM,BAS,2442.61,USD,1.0
2021-04-051,2021-04-23,CNSHA-NLRTM,BAF,392.09,USD,1.0
2021-04-051,2021-04-23,CNSHA-NLRTM,THC,225.77,EUR,1.1159
2021-04-051,2021-04-23,CNSHA-NLRTM,DOC,45.0,USD,1.0
2021-04-019,2021-04-24,CNSHA-USLAX,BAS,1940.46,USD,1.0
2021-04-019,2021-04-24,CNSHA-USLAX,BAF,380.65,USD,1.0
2021-04-019,2021-04-24,CNSHA-USLAX,THC,221.62,EUR,1.1159
2021-04-019,2021-04-24,CNSHA-USLAX,DOC,45.0,USD,1.0
2021-04-040,2021-04-24,CNSHA-NLRTM,BAS,2463.87,USD,1.0
2021-04-040,2021-04-24,CNSHA-NLRTM,BAF,376.51,USD,1.0
2021-04-040,2021-04-24,CNSHA-NLRTM,THC,217.52,EUR,1.1159
2021-04-040,2021-04-24,CNSHA-NLRTM,DOC,45.0,USD,1.0
2021-04-045,2021-04-24,CNSHA-NLRTM,BAS,2453.53,USD,1.0
2021-04-045,2021-04-24,CNSHA-NLRTM,BAF,415.22,USD,1.0
2021-04-045,2021-04-24,CNSHA-NLRTM,THC,208.99,EUR,1.1159
2021-04-045,2021-04-24,CNSHA-NLRTM,DOC,45.0,USD,1.0
2021-04-049,2021-04-24,CNSHA-USLAX,BAS,1983.9,USD,1.0
2021-04-049,2021-04-24,CNSHA-USLAX,BAF,410.99,USD,1.0
2021-04-049,2021-04-24,CNSHA-USLAX,THC,225.78,EUR,1.1159
2021-04-049,2021-04-24,CNSHA-USLAX,DOC,45.0,USD,1.0
2021-04-005,2021-04-25,CNSHA-USLAX,BAS,1953.07,USD,1.0
2021-04-005,2021-04-25,CNSHA-USLAX,BAF,375.59,USD,1.0
2021-04-005,2021-04-25,CNSHA-USLAX,THC,221.65,EUR,1.1159
2021-04-005,2021-04-25,CNSHA-USLAX,DOC,45.0,USD,1.0
2021-04-009,2021-04-25,CNSHA-NLRTM,BAS,2436.33,USD,1.0
2021-04-009,2021-04-25,CNSHA-NLRTM,BAF,430.81,USD,1.0
2021-04-009,2021-04-25,CNSHA-NLRTM,THC,231.39,EUR,1.1159
2021-04-009,2021-04-25,CNSHA-NLRTM,DOC,45.0,USD,1.0
2021-04-011,2021-04-25,CNSHA-USLAX,BAS,1975.88,USD,1.0
2021-04-011,2021-04-25,CNSHA-USLAX,BAF,353.33,USD,1.0
2021-04-011,2021-04-25,CNSHA-USLAX,THC,228.01,EUR,1.1159
2021-04-011,2021-04-25,CNSHA-USLAX,DOC,45.0,USD,1.0
2021-04-060,2021-04-25,CNSHA-NLRTM,BAS,2457.52,USD,1.0
2021-04-060,2021-04-25,CNSHA-NLRTM,BAF,387.4,USD,1.0
2021-04-060,2021-04-25,CNSHA-NLRTM,THC,220.44,EUR,1.1159
2021-04-060,2021-04-25,CNSHA-NLRTM,DOC,45.0,USD,1.0
2021-04-046,2021-04-26,CNSHA-USLAX,BAS,1909.0,USD,1.0
2021-04-046,2021-04-26,CNSHA-USLAX,BAF,380.52,USD,1.0
2021-04-046,2021-04-26,CNSHA-USLAX,THC,222.89,EUR,1.1159
2021-04-046,2021-04-26,CNSHA-USLAX,DOC,45.0,USD,1.0
2021-04-024,2021-04-27,CNSHA-NLRTM,BAS,2482.15,USD,1.0
2021-04-024,2021-04-27,CNSHA-NLRTM,BAF,388.12,USD,1.0
2021-04-024,2021-04-27,CNSHA-NLRTM,THC,224.47,EUR,1.1159
2021-04-024,2021-04-27,CNSHA-NLRTM,DOC,45.0,USD,1.0
2021-04-061,2021-04-27,CNSHA-USLAX,BAS,1950.17,USD,1.0
2021-04-061,2021-04-27,CNSHA-USLAX,BAF,390.88,USD,1.0
2021-04-061,2021-04-27,CNSHA-USLAX,THC,214.33,EUR,1.1159
2021-04-061,2021-04-27,CNSHA-USLAX,DOC,45.0,USD,1.0
2021-04-023,2021-04-28,CNSHA-NLRTM,BAS,2470.06,USD,1.0
2021-04-023,2021-04-28,CNSHA-NLRTM,BAF,389.69,USD,1.0
2021-04-023,2021-04-28,CNSHA-NLRTM,THC,218.99,EUR,1.1159
2021-04-023,2021-04-28,CNSHA-NLRTM,DOC,45.0,USD,1.0
2021-04-026,2021-04-28,CNSHA-USLAX,BAS,1972.31,USD,1.0
2021-04-026,2021-04-28,CNSHA-USLAX,BAF,381.31,USD,1.0
2021-04-026,2021-04-28,CNSHA-USLAX,THC,214.6,EUR,1.1159
2021-04-026,2021-04-28,CNSHA-USLAX,DOC,45.0,USD,1.0
2021-05-031,2021-05-01,CNSHA-USLAX,BAS,1957.51,USD,1.0
2021-05-031,2021-05-01,CNSHA-USLAX,BAF,405.24,USD,1.0
2021-05-031,2021-05-01,CNSHA-USLAX,THC,213.06,EUR,1.1112
2021-05-031,2021-05-01,CNSHA-USLAX,DOC,45.0,USD,1.0
2021-05-056,2021-05-01,CNSHA-NLRTM,BAS,2441.12,USD,1.0
2021-05-056,2021-05-01,CNSHA-NLRTM,BAF,400.41,USD,1.0
2021-05-056,2021-05-01,CNSHA-NLRTM,THC,220.03,EUR,1.1112
2021-05-056,2021-05-01,CNSHA-NLRTM,DOC,45.0,USD,1.0
2021-05-043,2021-05-02,CNSHA-USLAX,BAS,1957.07,USD,1.0
2021-05-043,2021-05-02,CNSHA-USLAX,BAF,416.95,USD,1.0
2021-05-043,2021-05-02,CNSHA-USLAX,THC,222.98,EUR,1.1112
2021-05-043,2021-05-02,CNSHA-USLAX,DOC,45.0,USD,1.0
2021-05-016,2021-05-03,CNSHA-USLAX,BAS,1968.53,USD,1.0
2021-05-016,2021-05-03,CNSHA-USLAX,BAF,374.76,USD,1.0
2021-05-016,2021-05-03,CNSHA-USLAX,THC,221.25,EUR,1.1112
2021-05-016,2021-05-03,CNSHA-USLAX,DOC,45.0,USD,1.0
2021-05-032,2021-05-03,CNSHA-USLAX,BAS,1936.32,USD,1.0
2021-05-032,2021-05-03,CNSHA-USLAX,BAF,411.09,USD,1.0
2021-05-032,2021-05-03,CNSHA-USLAX,THC,216.62,EUR,1.1112
2021-05-032,2021-05-03,CNSHA-USLAX,DOC,45.0,USD,1.0
2021-05-004,2021-05-04,CNSHA-USLAX,BAS,1976.9,USD,1.0
2021-05-004,2021-05-04,CNSHA-USLAX,BAF,383.11,USD,1.0
2021-05-004,2021-05-04,CNSHA-USLAX,THC,226.65,EUR,1.1112
2021-05-004,2021-05-04,CNSHA-USLAX,DOC,45.0,USD,1.0
2021-05-033,2021-05-04,CNSHA-USLAX,BAS,1957.37,USD,1.0
2021-05-033,2021-05-04,CNSHA-USLAX,BAF,398.23,USD,1.0
2021-05-033,2021-05-04,CNSHA-USLAX,THC,220.55,EUR,1.1112
2021-05-033,2021-05-04,CNSHA-USLAX,DOC,45.0,USD,1.0
2021-05-040,2021-05-04,CNSHA-USLAX,BAS,2004.21,USD,1.0
2021-05-040,2021-05-04,CNSHA-USLAX,BAF,392.66,USD,1.0
2021-05-040,2021-05-04,CNSHA-USLAX,THC,215.29,EUR,1.1112
2021-05-040,2021-05-04,CNSHA-USLAX,DOC,45.0,USD,1.0
2021-05-005,2021-05-05,CNSHA-USLAX,BAS,1914.43,USD,1.0
2021-05-005,2021-05-05,CNSHA-USLAX,BAF,418.47,USD,1.0
2021-05-005,2021-05-05,CNSHA-USLAX,THC,211.79,EUR,1.1112
2021-05-005,2021-05-05,CNSHA-USLAX,DOC,45.0,USD,1.0
2021-05-039,2021-05-05,CNSHA-NLRTM,BAS,2475.85,USD,1.0
2021-05-039,2021-05-05,CNSHA-NLRTM,BAF,381.56,USD,1.0
2021-05-039,2021-05-05,CNSHA-NLRTM,THC,214.34,EUR,1.1112
2021-05-039,2021-05-05,CNSHA-NLRTM,DOC,45.0,USD,1.0
2021-05-042,2021-05-05,CNSHA-NLRTM,BAS,2458.46,USD,1.0
2021-05-042,2021-05-05,CNSHA-NLRTM,BAF,381.84,USD,1.0
2021-05-042,2021-05-05,CNSHA-NLRTM,THC,211.8,EUR,1.1112
2021-05-042,2021-05-05,CNSHA-NLRTM,DOC,45.0,USD,1.0
2021-05-008,2021-05-06,CNSHA-USLAX,BAS,1978.81,USD,1.0
2021-05-008,2021-05-06,CNSHA-USLAX,BAF,382.31,USD,1.0
2021-05-008,2021-05-06,CNSHA-USLAX,THC,212.35,EUR,1.1112
2021-05-008,2021-05-06,CNSHA-USLAX,DOC,45.0,USD,1.0
2021-05-024,2021-05-07,CNSHA-USLAX,BAS,1968.11,USD,1.0
2021-05-024,2021-05-07,CNSHA-USLAX,BAF,411.26,USD,1.0
2021-05-024,2021-05-07,CNSHA-USLAX,THC,218.91,EUR,1.1112
2021-05-024,2021-05-07,CNSHA-USLAX,DOC,45.0,USD,1.0
2021-05-036,2021-05-07,CNSHA-NLRTM,BAS,2480.48,USD,1.0
2021-05-036,2021-05-07,CNSHA-NLRTM,BAF,408.22,USD,1.0
2021-05-036,2021-05-07,CNSHA-NLRTM,THC,213.43,EUR,1.1112
2021-05-036,2021-05-07,CNSHA-NLRTM,DOC,45.0,USD,1.0
2021-05-046,2021-05-07,CNSHA-NLRTM,BAS,2467.36,USD,1.0
2021-05-046,2021-05-07,CNSHA-NLRTM,BAF,402.52,USD,1.0
2021-05-046,2021-05-07,CNSHA-NLRTM,THC,230.18,EUR,1.1112
2021-05-046,2021-05-07,CNSHA-NLRTM,DOC,45.0,USD,1.0
2021-05-049,2021-05-07,CNSHA-NLRTM,BAS,2446.03,USD,1.0
2021-05-049,2021-05-07,CNSHA-NLRTM,BAF,399.23,USD,1.0
2021-05-049,2021-05-07,CNSHA-NLRTM,THC,223.31,EUR,1.1112
2021-05-049,2021-05-07,CNSHA-NLRTM,DOC,45.0,USD,1.0
2021-05-030,2021-05-08,CNSHA-USLAX,BAS,1970.69,USD,1.0
2021-05-030,2021-05-08,CNSHA-USLAX,BAF,423.45,USD,1.0
2021-05-030,2021-05-08,CNSHA-USLAX,THC,222.06,EUR,1.1112
2021-05-030,2021-05-08,CNSHA-USLAX,DOC,45.0,USD,1.0
2021-05-012,2021-05-09,CNSHA-USLAX,BAS,1940.78,USD,1.0
2021-05-012,2021-05-09,CNSHA-USLAX,BAF,399.76,USD,1.0
2021-05-012,2021-05-09,CNSHA-USLAX,THC,218.87,EUR,1.1112
2021-05-012,2021-05-09,CNSHA-USLAX,DOC,45.0,USD,1.0
2021-05-018,2021-05-09,CNSHA-USLAX,BAS,1978.74,USD,1.0
2021-05-018,2021-05-09,CNSHA-USLAX,BAF,403.63,USD,1.0
2021-05-018,2021-05-09,CNSHA-USLAX,THC,221.83,EUR,1.1112
2021-05-018,2021-05-09,CNSHA-USLAX,DOC,45.0,USD,1.0
2021-05-020,2021-05-09,CNSHA-USLAX,BAS,1959.56,USD,1.0
2021-05-020,2021-05-09,CNSHA-USLAX,BAF,406.15,USD,1.0
2021-05-020,2021-05-09,CNSHA-USLAX,THC,220.35,EUR,1.1112
2021-05-020,2021-05-09,CNSHA-USLAX,DOC,45.0,USD,1.0
2021-05-025,2021-05-10,CNSHA-USLAX,BAS,1970.06,USD,1.0
2021-05-025,2021-05-10,CNSHA-USLAX,BAF,376.85,USD,1.0
2021-05-025,2021-05-10,CNSHA-USLAX,THC,202.17,EUR,1.1112
2021-05-025,2021-05-10,CNSHA-USLAX,DOC,45.0,USD,1.0
2021-05-051,2021-05-10,CNSHA-USLAX,BAS,1971.35,USD,1.0
2021-05-051,2021-05-10,CNSHA-USLAX,BAF,369.19,USD,1.0
2021-05-051,2021-05-10,CNSHA-USLAX,THC,219.83,EUR,1.1112
2021-05-051,2021-05-10,CNSHA-USLAX,DOC,45.0,USD,1.0
2021-05-014,2021-05-11,CNSHA-NLRTM,BAS,2441.1,USD,1.0
2021-05-014,2021-05-11,CNSHA-NLRTM,BAF,400.94,USD,1.0
2021-05-014,2021-05-11,CNSHA-NLRTM,THC,215.52,EUR,1.1112
2021-05-014,2021-05-11,CNSHA-NLRTM,DOC,45.0,USD,1.0
2021-05-035,2021-05-11,CNSHA-USLAX,BAS,1925.04,USD,1.0
2021-05-035,2021-05-11,CNSHA-USLAX,BAF,401.07,USD,1.0
2021-05-035,2021-05-11,CNSHA-USLAX,THC,216.95,EUR,1.1112
2021-05-035,2021-05-11,CNSHA-USLAX,DOC,45.0,USD,1.0
2021-05-021,2021-05-12,CNSHA-USLAX,BAS,1960.7,USD,1.0
2021-05-021,2021-05-12,CNSHA-USLAX,BAF,397.95,USD,1.0
2021-05-021,2021-05-12,CNSHA-USLAX,THC,232.2,EUR,1.1112
2021-05-021,2021-05-12,CNSHA-USLAX,DOC,45.0,USD,1.0
2021-05-029,2021-05-12,CNSHA-USLAX,BAS,1949.5,USD,1.0
2021-05-029,2021-05-12,CNSHA-USLAX,BAF,384.29,USD,1.0
2021-05-029,2021-05-12,CNSHA-USLAX,THC,229.47,EUR,1.1112
2021-05-029,2021-05-12,CNSHA-USLAX,DOC,45.0,USD,1.0
2021-05-041,2021-05-12,CNSHA-USLAX,BAS,1961.13,USD,1.0
2021-05-041,2021-05-12,CNSHA-USLAX,BAF,372.81,USD,1.0
2021-05-041,2021-05-12,CNSHA-USLAX,THC,214.89,EUR,1.1112
2021-05-041,2021-05-12,CNSHA-USLAX,DOC,45.0,USD,1.0
2021-05-050,2021-05-12,CNSHA-NLRTM,BAS,2462.5,USD,1.0
2021-05-050,2021-05-12,CNSHA-NLRTM,BAF,394.12,USD,1.0
2021-05-050,2021-05-12,CNSHA-NLRTM,THC,221.39,EUR,1.1112
2021-05-050,2021-05-12,CNSHA-NLRTM,DOC,45.0,USD,1.0
2021-05-048,2021-05-13,CNSHA-NLRTM,BAS,2420.67,USD,1.0
2021-05-048,2021-05-13,CNSHA-NLRTM,BAF,370.66,USD,1.0
2021-05-048,2021-05-13,CNSHA-NLRTM,THC,222.47,EUR,1.1112
2021-05-048,2021-05-13,CNSHA-NLRTM,DOC,45.0,USD,1.0
2021-05-055,2021-05-13,CNSHA-NLRTM,BAS,2484.39,USD,1.0
2021-05-055,2021-05-13,CNSHA-NLRTM,BAF,390.5,USD,1.0
2021-05-055,2021-05-13,CNSHA-NLRTM,THC,222.61,EUR,1.1112
2021-05-055,2021-05-13,CNSHA-NLRTM,DOC,45.0,USD,1.0
2021-05-027,2021-05-14,CNSHA-USLAX,BAS,1962.52,USD,1.0
2021-05-027,2021-05-14,CNSHA-USLAX,BAF,411.82,USD,1.0
2021-05-027,2021-05-14,CNSHA-USLAX,THC,219.66,EUR,1.1112
2021-05-027,2021-05-14,CNSHA-USLAX,DOC,45.0,USD,1.0
2021-05-010,2021-05-15,CNSHA-USLAX,BAS,1979.63,USD,1.0
2021-05-010,2021-05-15,CNSHA-USLAX,BAF,385.85,USD,1.0
2021-05-010,2021-05-15,CNSHA-USLAX,THC,223.33,EUR,1.1112
2021-05-010,2021-05-15,CNSHA-USLAX,DOC,45.0,USD,1.0
2021-05-011,2021-05-16,CNSHA-NLRTM,BAS,2465.48,USD,1.0
2021-05-011,2021-05-16,CNSHA-NLRTM,BAF,384.68,USD,1.0
2021-05-011,2021-05-16,CNSHA-NLRTM,THC,214.44,EUR,1.1112
2021-05-011,2021-05-16,CNSHA-NLRTM,DOC,45.0,USD,1.0
2021-05-023,2021-05-16,CNSHA-NLRTM,BAS,2462.0,USD,1.0
2021-05-023,2021-05-16,CNSHA-NLRTM,BAF,401.82,USD,1.0
2021-05-023,2021-05-16,CNSHA-NLRTM,THC,228.67,EUR,1.1112
2021-05-023,2021-05-16,CNSHA-NLRTM,DOC,45.0,USD,1.0
2021-05-044,2021-05-16,CNSHA-NLRTM,BAS,2469.7,USD,1.0
2021-05-044,2021-05-16,CNSHA-NLRTM,BAF,378.39,USD,1.0
2021-05-044,2021-05-16,CNSHA-NLRTM,THC,214.73,EUR,1.1112
2021-05-044,2021-05-16,CNSHA-NLRTM,DOC,45.0,USD,1.0
2021-05-059,2021-05-16,CNSHA-NLRTM,BAS,2491.08,USD,1.0
2021-05-059,2021-05-16,CNSHA-NLRTM,BAF,392.6,USD,1.0
2021-05-059,2021-05-16,CNSHA-NLRTM,THC,224.48,EUR,1.1112
2021-05-059,2021-05-16,CNSHA-NLRTM,DOC,45.0,USD,1.0
2021-05-047,2021-05-17,CNSHA-NLRTM,BAS,2447.88,USD,1.0
2021-05-047,2021-05-17,CNSHA-NLRTM,BAF,403.72,USD,1.0
2021-05-047,2021-05-17,CNSHA-NLRTM,THC,221.4,EUR,1.1112
2021-05-047,2021-05-17,CNSHA-NLRTM,DOC,45.0,USD,1.0
2021-05-052,2021-05-17,CNSHA-USLAX,BAS,1941.69,USD,1.0
2021-05-052,2021-05-17,CNSHA-USLAX,BAF,433.87,USD,1.0
2021-05-052,2021-05-17,CNSHA-USLAX,THC,217.41,EUR,1.1112
2021-05-052,2021-05-17,CNSHA-USLAX,DOC,45.0,USD,1.0
2021-05-001,2021-05-18,CNSHA-USLAX,BAS,1966.1,USD,1.0
2021-05-001,2021-05-18,CNSHA-USLAX,BAF,427.1,USD,1.0
2021-05-001,2021-05-18,CNSHA-USLAX,THC,224.45,EUR,1.1112
2021-05-001,2021-05-18,CNSHA-USLAX,DOC,45.0,USD,1.0
2021-05-009,2021-05-18,CNSHA-USLAX,BAS,1958.26,USD,1.0
2021-05-009,2021-05-18,CNSHA-USLAX,BAF,373.78,USD,1.0
2021-05-009,2021-05-18,CNSHA-USLAX,THC,218.37,EUR,1.1112
2021-05-009,2021-05-18,CNSHA-USLAX,DOC,45.0,USD,1.0
2021-05-057,2021-05-18,CNSHA-USLAX,BAS,1960.86,USD,1.0
2021-05-057,2021-05-18,CNSHA-USLAX,BAF,425.29,USD,1.0
2021-05-057,2021-05-18,CNSHA-USLAX,THC,218.06,EUR,1.1112
2021-05-057,2021-05-18,CNSHA-USLAX,DOC,45.0,USD,1.0
2021-05-000,2021-05-19,CNSHA-USLAX,BAS,1970.89,USD,1.0
2021-05-000,2021-05-19,CNSHA-USLAX,BAF,382.0,USD,1.0
2021-05-000,2021-05-19,CNSHA-USLAX,THC,212.5,EUR,1.1112
2021-05-000,2021-05-19,CNSHA-USLAX,DOC,45.0,USD,1.0
2021-05-028,2021-05-19,CNSHA-NLRTM,BAS,2471.35,USD,1.0
2021-05-028,2021-05-19,CNSHA-NLRTM,BAF,403.7,USD,1.0
2021-05-028,2021-05-19,CNSHA-NLRTM,THC,227.19,EUR,1.1112
2021-05-028,2021-05-19,CNSHA-NLRTM,DOC,45.0,USD,1.0
2021-05-038,2021-05-19,CNSHA-USLAX,BAS,1970.41,USD,1.0
2021-05-038,2021-05-19,CNSHA-USLAX,BAF,387.36,USD,1.0
2021-05-038,2021-05-19,CNSHA-USLAX,THC,227.51,EUR,1.1112
2021-05-038,2021-05-19,CNSHA-USLAX,DOC,45.0,USD,1.0
2021-05-006,2021-05-20,CNSHA-NLRTM,BAS,2481.96,USD,1.0
2021-05-006,2021-05-20,CNSHA-NLRTM,BAF,404.57,USD,1.0
2021-05-006,2021-05-20,CNSHA-NLRTM,THC,226.65,EUR,1.1112
2021-05-006,2021-05-20,CNSHA-NLRTM,DOC,45.0,USD,1.0
2021-05-007,2021-05-20,CNSHA-NLRTM,BAS,2451.09,USD,1.0
2021-05-007,2021-05-20,CNSHA-NLRTM,BAF,395.9,USD,1.0
2021-05-007,2021-05-20,CNSHA-NLRTM,THC,224.47,EUR,1.1112
2021-05-007,2021-05-20,CNSHA-NLRTM,DOC,45.0,USD,1.0
2021-05-060,2021-05-20,CNSHA-USLAX,BAS,1901.47,USD,1.0
2021-05-060,2021-05-20,CNSHA-USLAX,BAF,372.35,USD,1.0
2021-05-060,2021-05-20,CNSHA-USLAX,THC,215.49,EUR,1.1112
2021-05-060,2021-05-20,CNSHA-USLAX,DOC,45.0,USD,1.0
2021-05-017,2021-05-21,CNSHA-USLAX,BAS,1949.04,USD,1.0
2021-05-017,2021-05-21,CNSHA-USLAX,BAF,370.76,USD,1.0
2021-05-017,2021-05-21,CNSHA-USLAX,THC,226.87,EUR,1.1112
2021-05-017,2021-05-21,CNSHA-USLAX,DOC,45.0,USD,1.0
2021-05-019,2021-05-21,CNSHA-NLRTM,BAS,2460.62,USD,1.0
2021-05-019,2021-05-21,CNSHA-NLRTM,BAF,384.69,USD,1.0
2021-05-019,2021-05-21,CNSHA-NLRTM,THC,218.29,EUR,1.1112
2021-05-019,2021-05-21,CNSHA-NLRTM,DOC,45.0,USD,1.0
2021-05-022,2021-05-21,CNSHA-USLAX,BAS,1999.47,USD,1.0
2021-05-022,2021-05-21,CNSHA-USLAX,BAF,382.93,USD,1.0
2021-05-022,2021-05-21,CNSHA-USLAX,THC,217.32,EUR,1.1112
2021-05-022,2021-05-21,CNSHA-USLAX,DOC,45.0,USD,1.0
2021-05-045,2021-05-21,CNSHA-USLAX,BAS,1951.72,USD,1.0
2021-05-045,2021-05-21,CNSHA-USLAX,BAF,395.18,USD,1.0
2021-05-045,2021-05-21,CNSHA-USLAX,THC,218.9,EUR,1.1112
2021-05-045,2021-05-21,CNSHA-USLAX,DOC,45.0,USD,1.0
2021-05-015,2021-05-23,CNSHA-NLRTM,BAS,2453.43,USD,1.0
2021-05-015,2021-05-23,CNSHA-NLRTM,BAF,388.36,USD,1.0
2021-05-015,2021-05-23,CNSHA-NLRTM,THC,209.41,EUR,1.1112
2021-05-015,2021-05-23,CNSHA-NLRTM,DOC,45.0,USD,1.0
2021-05-013,2021-05-25,CNSHA-NLRTM,BAS,2466.1,USD,1.0
2021-05-013,2021-05-25,CNSHA-NLRTM,BAF,387.62,USD,1.0
2021-05-013,2021-05-25,CNSHA-NLRTM,THC,226.22,EUR,1.1112
2021-05-013,2021-05-25,CNSHA-NLRTM,DOC,45.0,USD,1.0
2021-05-053,2021-05-25,CNSHA-NLRTM,BAS,2465.34,USD,1.0
2021-05-053,2021-05-25,CNSHA-NLRTM,BAF,375.52,USD,1.0
2021-05-053,2021-05-25,CNSHA-NLRTM,THC,220.15,EUR,1.1112
2021-05-053,2021-05-25,CNSHA-NLRTM,DOC,45.0,USD,1.0
2021-05-058,2021-05-25,CNSHA-NLRTM,BAS,2472.38,USD,1.0
2021-05-058,2021-05-25,CNSHA-NLRTM,BAF,401.58,USD,1.0
2021-05-058,2021-05-25,CNSHA-NLRTM,THC,222.59,EUR,1.1112
2021-05-058,2021-05-25,CNSHA-NLRTM,DOC,45.0,USD,1.0
2021-05-026,2021-05-26,CNSHA-NLRTM,BAS,2488.88,USD,1.0
2021-05-026,2021-05-26,CNSHA-NLRTM,BAF,415.66,USD,1.0
2021-05-026,2021-05-26,CNSHA-NLRTM,THC,213.49,EUR,1.1112
2021-05-026,2021-05-26,CNSHA-NLRTM,DOC,45.0,USD,1.0
2021-05-037,2021-05-26,CNSHA-USLAX,BAS,1946.02,USD,1.0
2021-05-037,2021-05-26,CNSHA-USLAX,BAF,369.12,USD,1.0
2021-05-037,2021-05-26,CNSHA-USLAX,THC,224.79,EUR,1.1112
2021-05-037,2021-05-26,CNSHA-USLAX,DOC,45.0,USD,1.0
2021-05-034,2021-05-27,CNSHA-USLAX,BAS,1986.44,USD,1.0
2021-05-034,2021-05-27,CNSHA-USLAX,BAF,376.15,USD,1.0
2021-05-034,2021-05-27,CNSHA-USLAX,THC,220.24,EUR,1.1112
2021-05-034,2021-05-27,CNSHA-USLAX,DOC,45.0,USD,1.0
2021-05-054,2021-05-27,CNSHA-NLRTM,BAS,2442.44,USD,1.0
2021-05-054,2021-05-27,CNSHA-NLRTM,BAF,401.89,USD,1.0
2021-05-054,2021-05-27,CNSHA-NLRTM,THC,203.01,EUR,1.1112
2021-05-054,2021-05-27,CNSHA-NLRTM,DOC,45.0,USD,1.0
2021-05-002,2021-05-28,CNSHA-USLAX,BAS,1949.4,USD,1.0
2021-05-002,2021-05-28,CNSHA-USLAX,BAF,394.02,USD,1.0
2021-05-002,2021-05-28,CNSHA-USLAX,THC,220.61,EUR,1.1112
2021-05-002,2021-05-28,CNSHA-USLAX,DOC,45.0,USD,1.0
2021-05-003,2021-05-28,CNSHA-USLAX,BAS,1937.51,USD,1.0
2021-05-003,2021-05-28,CNSHA-USLAX,BAF,433.51,USD,1.0
2021-05-003,2021-05-28,CNSHA-USLAX,THC,210.95,EUR,1.1112
2021-05-003,2021-05-28,CNSHA-USLAX,DOC,45.0,USD,1.0
2021-06-006,2021-06-01,CNSHA-NLRTM,BAS,2435.55,USD,1.0
2021-06-006,2021-06-01,CNSHA-NLRTM,BAF,388.74,USD,1.0
2021-06-006,2021-06-01,CNSHA-NLRTM,THC,217.24,EUR,1.1065
2021-06-006,2021-06-01,CNSHA-NLRTM,DOC,45.0,USD,1.0
2021-06-027,2021-06-01,CNSHA-USLAX,BAS,1937.1,USD,1.0
2021-06-027,2021-06-01,CNSHA-USLAX,BAF,395.36,USD,1.0
2021-06-027,2021-06-01,CNSHA-USLAX,THC,218.88,EUR,1.1065
2021-06-027,2021-06-01,CNSHA-USLAX,DOC,45.0,USD,1.0
2021-06-033,2021-06-01,CNSHA-NLRTM,BAS,2466.21,USD,1.0
2021-06-033,2021-06-01,CNSHA-NLRTM,BAF,423.28,USD,1.0
2021-06-033,2021-06-01,CNSHA-NLRTM,THC,219.05,EUR,1.1065
2021-06-033,2021-06-01,CNSHA-NLRTM,DOC,45.0,USD,1.0
2021-06-035,2021-06-01,CNSHA-NLRTM,BAS,2426.47,USD,1.0
2021-06-035,2021-06-01,CNSHA-NLRTM,BAF,402.2,USD,1.0
2021-06-035,2021-06-01,CNSHA-NLRTM,THC,219.65,EUR,1.1065
2021-06-035,2021-06-01,CNSHA-NLRTM,DOC,45.0,USD,1.0
2021-06-059,2021-06-01,CNSHA-NLRTM,BAS,2449.59,USD,1.0
2021-06-059,2021-06-01,CNSHA-NLRTM,BAF,389.94,USD,1.0
2021-06-059,2021-06-01,CNSHA-NLRTM,THC,215.85,EUR,1.1065
2021-06-059,2021-06-01,CNSHA-NLRTM,DOC,45.0,USD,1.0
2021-06-000,2021-06-02,CNSHA-NLRTM,BAS,2456.89,USD,1.0
2021-06-000,2021-06-02,CNSHA-NLRTM,BAF,386.71,USD,1.0
2021-06-000,2021-06-02,CNSHA-NLRTM,THC,215.48,EUR,1.1065
2021-06-000,2021-06-02,CNSHA-NLRTM,DOC,45.0,USD,1.0
2021-06-004,2021-06-02,CNSHA-USLAX,BAS,1972.13,USD,1.0
2021-06-004,2021-06-02,CNSHA-USLAX,BAF,384.44,USD,1.0
2021-06-004,2021-06-02,CNSHA-USLAX,THC,224.85,EUR,1.1065
2021-06-004,2021-06-02,CNSHA-USLAX,DOC,45.0,USD,1.0
2021-06-012,2021-06-02,CNSHA-NLRTM,BAS,2484.8,USD,1.0
2021-06-012,2021-06-02,CNSHA-NLRTM,BAF,444.36,USD,1.0
2021-06-012,2021-06-02,CNSHA-NLRTM,THC,219.16,EUR,1.1065
2021-06-012,2021-06-02,CNSHA-NLRTM,DOC,45.0,USD,1.0
2021-06-018,2021-06-03,CNSHA-USLAX,BAS,1938.23,USD,1.0
2021-06-018,2021-06-03,CNSHA-USLAX,BAF,358.86,USD,1.0
2021-06-018,2021-06-03,CNSHA-USLAX,THC,215.73,EUR,1.1065
2021-06-018,2021-06-03,CNSHA-USLAX,DOC,45.0,USD,1.0
2021-06-036,2021-06-03,CNSHA-USLAX,BAS,1984.1,USD,1.0
2021-06-036,2021-06-03,CNSHA-USLAX,BAF,372.39,USD,1.0
2021-06-036,2021-06-03,CNSHA-USLAX,THC,211.0,EUR,1.1065
2021-06-036,2021-06-03,CNSHA-USLAX,DOC,45.0,USD,1.0
2021-06-039,2021-06-03,CNSHA-USLAX,BAS,1986.32,USD,1.0
2021-06-039,2021-06-03,CNSHA-USLAX,BAF,423.61,USD,1.0
2021-06-039,2021-06-03,CNSHA-USLAX,THC,223.03,EUR,1.1065
2021-06-039,2021-06-03,CNSHA-USLAX,DOC,45.0,USD,1.0
2021-06-054,2021-06-03,CNSHA-NLRTM,BAS,2482.52,USD,1.0
2021-06-054,2021-06-03,CNSHA-NLRTM,BAF,357.6,USD,1.0
2021-06-054,2021-06-03,CNSHA-NLRTM,THC,213.59,EUR,1.1065
2021-06-054,2021-06-03,CNSHA-NLRTM,DOC,45.0,USD,1.0
2021-06-008,2021-06-04,CNSHA-USLAX,BAS,1935.26,USD,1.0
2021-06-008,2021-06-04,CNSHA-USLAX,BAF,384.46,USD,1.0
2021-06-008,2021-06-04,CNSHA-USLAX,THC,225.65,EUR,1.1065
2021-06-008,2021-06-04,CNSHA-USLAX,DOC,45.0,USD,1.0
2021-06-001,2021-06-05,CNSHA-NLRTM,BAS,2501.74,USD,1.0
2021-06-001,2021-06-05,CNSHA-NLRTM,BAF,420.72,USD,1.0
2021-06-001,2021-06-05,CNSHA-NLRTM,THC,219.29,EUR,1.1065
2021-06-001,2021-06-05,CNSHA-NLRTM,DOC,45.0,USD,1.0
2021-06-052,2021-06-05,CNSHA-USLAX,BAS,1946.52,USD,1.0
2021-06-052,2021-06-05,CNSHA-USLAX,BAF,374.08,USD,1.0
2021-06-052,2021-06-05,CNSHA-USLAX,THC,212.0,EUR,1.1065
2021-06-052,2021-06-05,CNSHA-USLAX,DOC,45.0,USD,1.0
2021-06-003,2021-06-06,CNSHA-NLRTM,BAS,2447.22,USD,1.0
2021-06-003,2021-06-06,CNSHA-NLRTM,BAF,394.51,USD,1.0
2021-06-003,2021-06-06,CNSHA-NLRTM,THC,215.7,EUR,1.1065
2021-06-003,2021-06-06,CNSHA-NLRTM,DOC,45.0,USD,1.0
2021-06-009,2021-06-06,CNSHA-USLAX,BAS,1979.42,USD,1.0
2021-06-009,2021-06-06,CNSHA-USLAX,BAF,391.25,USD,1.0
2021-06-009,2021-06-06,CNSHA-USLAX,THC,212.28,EUR,1.1065
2021-06-009,2021-06-06,CNSHA-USLAX,DOC,45.0,USD,1.0
2021-06-023,2021-06-06,CNSHA-USLAX,BAS,1998.31,USD,1.0
2021-06-023,2021-06-06,CNSHA-USLAX,BAF,387.96,USD,1.0
2021-06-023,2021-06-06,CNSHA-USLAX,THC,222.28,EUR,1.1065
2021-06-023,2021-06-06,CNSHA-USLAX,DOC,45.0,USD,1.0
2021-06-032,2021-06-07,CNSHA-USLAX,BAS,1949.73,USD,1.0
2021-06-032,2021-06-07,CNSHA-USLAX,BAF,411.13,USD,1.0
2021-06-032,2021-06-07,CNSHA-USLAX,THC,225.69,EUR,1.1065
2021-06-032,2021-06-07,CNSHA-USLAX,DOC,45.0,USD,1.0
2021-06-047,2021-06-07,CNSHA-NLRTM,BAS,2475.04,USD,1.0
2021-06-047,2021-06-07,CNSHA-NLRTM,BAF,371.18,USD,1.0
2021-06-047,2021-06-07,CNSHA-NLRTM,THC,227.29,EUR,1.1065
2021-06-047,2021-06-07,CNSHA-NLRTM,DOC,45.0,USD,1.0
2021-06-056,2021-06-07,CNSHA-NLRTM,BAS,2485.34,USD,1.0
2021-06-056,2021-06-07,CNSHA-NLRTM,BAF,402.42,USD,1.0
2021-06-056,2021-06-07,CNSHA-NLRTM,THC,226.47,EUR,1.1065
2021-06-056,2021-06-07,CNSHA-NLRTM,DOC,45.0,USD,1.0
2021-06-011,2021-06-08,CNSHA-USLAX,BAS,1955.45,USD,1.0
2021-06-011,2021-06-08,CNSHA-USLAX,BAF,423.44,USD,1.0
2021-06-011,2021-06-08,CNSHA-USLAX,THC,227.72,EUR,1.1065
2021-06-011,2021-06-08,CNSHA-USLAX,DOC,45.0,USD,1.0
2021-06-017,2021-06-08,CNSHA-NLRTM,BAS,2440.97,USD,1.0
2021-06-017,2021-06-08,CNSHA-NLRTM,BAF,424.42,USD,1.0
2021-06-017,2021-06-08,CNSHA-NLRTM,THC,213.93,EUR,1.1065
2021-06-017,2021-06-08,CNSHA-NLRTM,DOC,45.0,USD,1.0
2021-06-029,2021-06-08,CNSHA-NLRTM,BAS,2464.22,USD,1.0
2021-06-029,2021-06-08,CNSHA-NLRTM,BAF,419.38,USD,1.0
2021-06-029,2021-06-08,CNSHA-NLRTM,THC,211.83,EUR,1.1065
2021-06-029,2021-06-08,CNSHA-NLRTM,DOC,45.0,USD,1.0
2021-06-050,2021-06-08,CNSHA-USLAX,BAS,1972.42,USD,1.0
2021-06-050,2021-06-08,CNSHA-USLAX,BAF,376.81,USD,1.0
2021-06-050,2021-06-08,CNSHA-USLAX,THC,208.8,EUR,1.1065
2021-06-050,2021-06-08,CNSHA-USLAX,DOC,45.0,USD,1.0
2021-06-055,2021-06-08,CNSHA-NLRTM,BAS,2472.4,USD,1.0
2021-06-055,2021-06-08,CNSHA-NLRTM,BAF,404.2,USD,1.0
2021-06-055,2021-06-08,CNSHA-NLRTM,THC,216.28,EUR,1.1065
2021-06-055,2021-06-08,CNSHA-NLRTM,DOC,45.0,USD,1.0
2021-06-025,2021-06-09,CNSHA-NLRTM,BAS,2453.75,USD,1.0
2021-06-025,2021-06-09,CNSHA-NLRTM,BAF,408.13,USD,1.0
2021-06-025,2021-06-09,CNSHA-NLRTM,THC,224.67,EUR,1.1065
2021-06-025,2021-06-09,CNSHA-NLRTM,DOC,45.0,USD,1.0
2021-06-030,2021-06-09,CNSHA-NLRTM,BAS,2484.71,USD,1.0
2021-06-030,2021-06-09,CNSHA-NLRTM,BAF,417.51,USD,1.0
2021-06-030,2021-06-09,CNSHA-NLRTM,THC,217.89,EUR,1.1065
2021-06-030,2021-06-09,CNSHA-NLRTM,DOC,45.0,USD,1.0
2021-06-037,2021-06-09,CNSHA-NLRTM,BAS,2474.51,USD,1.0
2021-06-037,2021-06-09,CNSHA-NLRTM,BAF,382.15,USD,1.0
2021-06-037,2021-06-09,CNSHA-NLRTM,THC,215.22,EUR,1.1065
2021-06-037,2021-06-09,CNSHA-NLRTM,DOC,45.0,USD,1.0
2021-06-049,2021-06-09,CNSHA-NLRTM,BAS,2442.94,USD,1.0
2021-06-049,2021-06-09,CNSHA-NLRTM,BAF,387.54,USD,1.0
2021-06-049,2021-06-09,CNSHA-NLRTM,THC,223.65,EUR,1.1065
2021-06-049,2021-06-09,CNSHA-NLRTM,DOC,45.0,USD,1.0
2021-06-053,2021-06-09,CNSHA-USLAX,BAS,1939.1,USD,1.0
2021-06-053,2021-06-09,CNSHA-USLAX,BAF,385.76,USD,1.0
2021-06-053,2021-06-09,CNSHA-USLAX,THC,229.03,EUR,1.1065
2021-06-053,2021-06-09,CNSHA-USLAX,DOC,45.0,USD,1.0
2021-06-057,2021-06-09,CNSHA-NLRTM,BAS,2457.48,USD,1.0
2021-06-057,2021-06-09,CNSHA-NLRTM,BAF,406.86,USD,1.0
2021-06-057,2021-06-09,CNSHA-NLRTM,THC,213.02,EUR,1.1065
2021-06-057,2021-06-09,CNSHA-NLRTM,DOC,45.0,USD,1.0
2021-06-005,2021-06-10,CNSHA-USLAX,BAS,1966.05,USD,1.0
2021-06-005,2021-06-10,CNSHA-USLAX,BAF,395.13,USD,1.0
2021-06-005,2021-06-10,CNSHA-USLAX,THC,219.17,EUR,1.1065
2021-06-005,2021-06-10,CNSHA-USLAX,DOC,45.0,USD,1.0
2021-06-040,2021-06-10,CNSHA-USLAX,BAS,1990.83,USD,1.0
2021-06-040,2021-06-10,CNSHA-USLAX,BAF,432.33,USD,1.0
2021-06-040,2021-06-10,CNSHA-USLAX,THC,231.03,EUR,1.1065
2021-06-040,2021-06-10,CNSHA-USLAX,DOC,45.0,USD,1.0
2021-06-048,2021-06-10,CNSHA-USLAX,BAS,1994.47,USD,1.0
2021-06-048,2021-06-10,CNSHA-USLAX,BAF,394.73,USD,1.0
2021-06-048,2021-06-10,CNSHA-USLAX,THC,212.76,EUR,1.1065
2021-06-048,2021-06-10,CNSHA-USLAX,DOC,45.0,USD,1.0
2021-06-058,2021-06-10,CNSHA-USLAX,BAS,1950.29,USD,1.0
2021-06-058,2021-06-10,CNSHA-USLAX,BAF,415.86,USD,1.0
2021-06-058,2021-06-10,CNSHA-USLAX,THC,218.13,EUR,1.1065
2021-06-058,2021-06-10,CNSHA-USLAX,DOC,45.0,USD,1.0
2021-06-031,2021-06-12,CNSHA-NLRTM,BAS,2462.22,USD,1.0
2021-06-031,2021-06-12,CNSHA-NLRTM,BAF,378.76,USD,1.0
2021-06-031,2021-06-12,CNSHA-NLRTM,THC,218.36,EUR,1.1065
2021-06-031,2021-06-12,CNSHA-NLRTM,DOC,45.0,USD,1.0
2021-06-007,2021-06-13,CNSHA-NLRTM,BAS,2428.78,USD,1.0
2021-06-007,2021-06-13,CNSHA-NLRTM,BAF,401.43,USD,1.0
2021-06-007,2021-06-13,CNSHA-NLRTM,THC,216.14,EUR,1.1065
2021-06-007,2021-06-13,CNSHA-NLRTM,DOC,45.0,USD,1.0
2021-06-010,2021-06-13,CNSHA-NLRTM,BAS,2488.61,USD,1.0
2021-06-010,2021-06-13,CNSHA-NLRTM,BAF,351.93,USD,1.0
2021-06-010,2021-06-13,CNSHA-NLRTM,THC,225.25,EUR,1.1065
2021-06-010,2021-06-13,CNSHA-NLRTM,DOC,45.0,USD,1.0
2021-06-024,2021-06-13,CNSHA-NLRTM,BAS,2447.97,USD,1.0
2021-06-024,2021-06-13,CNSHA-NLRTM,BAF,421.4,USD,1.0
2021-06-024,2021-06-13,CNSHA-NLRTM,THC,217.47,EUR,1.1065
2021-06-024,2021-06-13,CNSHA-NLRTM,DOC,45.0,USD,1.0
2021-06-020,2021-06-14,CNSHA-USLAX,BAS,1933.71,USD,1.0
2021-06-020,2021-06-14,CNSHA-USLAX,BAF,387.78,USD,1.0
2021-06-020,2021-06-14,CNSHA-USLAX,THC,231.21,EUR,1.1065
2021-06-020,2021-06-14,CNSHA-USLAX,DOC,45.0,USD,1.0
2021-06-021,2021-06-17,CNSHA-USLAX,BAS,1955.97,USD,1.0
2021-06-021,2021-06-17,CNSHA-USLAX,BAF,417.76,USD,1.0
2021-06-021,2021-06-17,CNSHA-USLAX,THC,218.51,EUR,1.1065
2021-06-021,2021-06-17,CNSHA-USLAX,DOC,45.0,USD,1.0
2021-06-038,2021-06-17,CNSHA-USLAX,BAS,1965.18,USD,1.0
2021-06-038,2021-06-17,CNSHA-USLAX,BAF,423.43,USD,1.0
2021-06-038,2021-06-17,CNSHA-USLAX,THC,214.49,EUR,1.1065
2021-06-038,2021-06-17,CNSHA-USLAX,DOC,45.0,USD,1.0
2021-06-060,2021-06-17,CNSHA-USLAX,BAS,1976.39,USD,1.0
2021-06-060,2021-06-17,CNSHA-USLAX,BAF,395.53,USD,1.0
2021-06-060,2021-06-17,CNSHA-USLAX,THC,216.15,EUR,1.1065
2021-06-060,2021-06-17,CNSHA-USLAX,DOC,45.0,USD,1.0
2021-06-019,2021-06-18,CNSHA-NLRTM,BAS,2485.5,USD,1.0
2021-06-019,2021-06-18,CNSHA-NLRTM,BAF,408.28,USD,1.0
2021-06-019,2021-06-18,CNSHA-NLRTM,THC,203.03,EUR,1.1065
2021-06-019,2021-06-18,CNSHA-NLRTM,DOC,45.0,USD,1.0
2021-06-041,2021-06-19,CNSHA-USLAX,BAS,1989.25,USD,1.0
2021-06-041,2021-06-19,CNSHA-USLAX,BAF,394.81,USD,1.0
2021-06-041,2021-06-19,CNSHA-USLAX,THC,208.34,EUR,1.1065
2021-06-041,2021-06-19,CNSHA-USLAX,DOC,45.0,USD,1.0
2021-06-042,2021-06-21,CNSHA-USLAX,BAS,1984.18,USD,1.0
2021-06-042,2021-06-21,CNSHA-USLAX,BAF,394.07,USD,1.0
2021-06-042,2021-06-21,CNSHA-USLAX,THC,224.99,EUR,1.1065
2021-06-042,2021-06-21,CNSHA-USLAX,DOC,45.0,USD,1.0
2021-06-044,2021-06-21,CNSHA-USLAX,BAS,1995.64,USD,1.0
2021-06-044,2021-06-21,CNSHA-USLAX,BAF,385.13,USD,1.0
2021-06-044,2021-06-21,CNSHA-USLAX,THC,206.56,EUR,1.1065
2021-06-044,2021-06-21,CNSHA-USLAX,DOC,45.0,USD,1.0
2021-06-013,2021-06-22,CNSHA-NLRTM,BAS,2482.65,USD,1.0
2021-06-013,2021-06-22,CNSHA-NLRTM,BAF,398.15,USD,1.0
2021-06-013,2021-06-22,CNSHA-NLRTM,THC,218.02,EUR,1.1065
2021-06-013,2021-06-22,CNSHA-NLRTM,DOC,45.0,USD,1.0
2021-06-034,2021-06-22,CNSHA-NLRTM,BAS,2506.32,USD,1.0
2021-06-034,2021-06-22,CNSHA-NLRTM,BAF,415.7,USD,1.0
2021-06-034,2021-06-22,CNSHA-NLRTM,THC,220.56,EUR,1.1065
2021-06-034,2021-06-22,CNSHA-NLRTM,DOC,45.0,USD,1.0
2021-06-022,2021-06-23,CNSHA-USLAX,BAS,1940.84,USD,1.0
2021-06-022,2021-06-23,CNSHA-USLAX,BAF,412.8,USD,1.0
2021-06-022,2021-06-23,CNSHA-USLAX,THC,223.91,EUR,1.1065
2021-06-022,2021-06-23,CNSHA-USLAX,DOC,45.0,USD,1.0
2021-06-043,2021-06-23,CNSHA-NLRTM,BAS,2479.04,USD,1.0
2021-06-043,2021-06-23,CNSHA-NLRTM,BAF,403.68,USD,1.0
2021-06-043,2021-06-23,CNSHA-NLRTM,THC,216.37,EUR,1.1065
2021-06-043,2021-06-23,CNSHA-NLRTM,DOC,45.0,USD,1.0
2021-06-046,2021-06-23,CNSHA-USLAX,BAS,1966.57,USD,1.0
2021-06-046,2021-06-23,CNSHA-USLAX,BAF,405.74,USD,1.0
2021-06-046,2021-06-23,CNSHA-USLAX,THC,227.11,EUR,1.1065
2021-06-046,2021-06-23,CNSHA-USLAX,DOC,45.0,USD,1.0
2021-06-015,2021-06-24,CNSHA-USLAX,BAS,1939.4,USD,1.0
2021-06-015,2021-06-24,CNSHA-USLAX,BAF,413.24,USD,1.0
2021-06-015,2021-06-24,CNSHA-USLAX,THC,217.12,EUR,1.1065
2021-06-015,2021-06-24,CNSHA-USLAX,DOC,45.0,USD,1.0
2021-06-016,2021-06-24,CNSHA-NLRTM,BAS,2451.16,USD,1.0
2021-06-016,2021-06-24,CNSHA-NLRTM,BAF,401.41,USD,1.0
2021-06-016,2021-06-24,CNSHA-NLRTM,THC,225.09,EUR,1.1065
2021-06-016,2021-06-24,CNSHA-NLRTM,DOC,45.0,USD,1.0
2021-06-045,2021-06-24,CNSHA-USLAX,BAS,1987.52,USD,1.0
2021-06-045,2021-06-24,CNSHA-USLAX,BAF,401.37,USD,1.0
2021-06-045,2021-06-24,CNSHA-USLAX,THC,219.88,EUR,1.1065
2021-06-045,2021-06-24,CNSHA-USLAX,DOC,45.0,USD,1.0
2021-06-002,2021-06-25,CNSHA-NLRTM,BAS,2527.52,USD,1.0
2021-06-002,2021-06-25,CNSHA-NLRTM,BAF,384.02,USD,1.0
2021-06-002,2021-06-25,CNSHA-NLRTM,THC,229.27,EUR,1.1065
2021-06-002,2021-06-25,CNSHA-NLRTM,DOC,45.0,USD,1.0
2021-06-026,2021-06-25,CNSHA-NLRTM,BAS,2459.9,USD,1.0
2021-06-026,2021-06-25,CNSHA-NLRTM,BAF,402.49,USD,1.0
2021-06-026,2021-06-25,CNSHA-NLRTM,THC,213.42,EUR,1.1065
2021-06-026,2021-06-25,CNSHA-NLRTM,DOC,45.0,USD,1.0
2021-06-028,2021-06-25,CNSHA-NLRTM,BAS,2448.97,USD,1.0
2021-06-028,2021-06-25,CNSHA-NLRTM,BAF,369.59,USD,1.0
2021-06-028,2021-06-25,CNSHA-NLRTM,THC,220.3,EUR,1.1065
2021-06-028,2021-06-25,CNSHA-NLRTM,DOC,45.0,USD,1.0
2021-06-014,2021-06-27,CNSHA-NLRTM,BAS,2459.04,USD,1.0
2021-06-014,2021-06-27,CNSHA-NLRTM,BAF,383.41,USD,1.0
2021-06-014,2021-06-27,CNSHA-NLRTM,THC,201.62,EUR,1.1065
2021-06-014,2021-06-27,CNSHA-NLRTM,DOC,45.0,USD,1.0
2021-06-051,2021-06-27,CNSHA-USLAX,BAS,1963.69,USD,1.0
2021-06-051,2021-06-27,CNSHA-USLAX,BAF,427.62,USD,1.0
2021-06-051,2021-06-27,CNSHA-USLAX,THC,218.27,EUR,1.1065
2021-06-051,2021-06-27,CNSHA-USLAX,DOC,45.0,USD,1.0
2021-07-021,2021-07-01,CNSHA-USLAX,BAS,1965.33,USD,1.0
2021-07-021,2021-07-01,CNSHA-USLAX,BAF,417.33,USD,1.0
2021-07-021,2021-07-01,CNSHA-USLAX,THC,214.42,EUR,1.1018
2021-07-021,2021-07-01,CNSHA-USLAX,DOC,45.0,USD,1.0
2021-07-042,2021-07-01,CNSHA-USLAX,BAS,1949.49,USD,1.0
2021-07-042,2021-07-01,CNSHA-USLAX,BAF,406.65,USD,1.0
2021-07-042,2021-07-01,CNSHA-USLAX,THC,213.69,EUR,1.1018
2021-07-042,2021-07-01,CNSHA-USLAX,DOC,45.0,USD,1.0
2021-07-050,2021-07-01,CNSHA-USLAX,BAS,1948.24,USD,1.0
2021-07-050,2021-07-01,CNSHA-USLAX,BAF,414.49,USD,1.0
2021-07-050,2021-07-01,CNSHA-USLAX,THC,216.82,EUR,1.1018
2021-07-050,2021-07-01,CNSHA-USLAX,DOC,45.0,USD,1.0
2021-07-003,2021-07-02,CNSHA-USLAX,BAS,1951.51,USD,1.0
2021-07-003,2021-07-02,CNSHA-USLAX,BAF,400.62,USD,1.0
2021-07-003,2021-07-02,CNSHA-USLAX,THC,218.27,EUR,1.1018
2021-07-003,2021-07-02,CNSHA-USLAX,DOC,45.0,USD,1.0
2021-07-008,2021-07-03,CNSHA-USLAX,BAS,1964.4,USD,1.0
2021-07-008,2021-07-03,CNSHA-USLAX,BAF,429.15,USD,1.0
2021-07-008,2021-07-03,CNSHA-USLAX,THC,220.8,EUR,1.1018
2021-07-008,2021-07-03,CNSHA-USLAX,DOC,45.0,USD,1.0
2021-07-029,2021-07-03,CNSHA-USLAX,BAS,1999.41,USD,1.0
2021-07-029,2021-07-03,CNSHA-USLAX,BAF,436.15,USD,1.0
2021-07-029,2021-07-03,CNSHA-USLAX,THC,224.59,EUR,1.1018
2021-07-029,2021-07-03,CNSHA-USLAX,DOC,45.0,USD,1.0
2021-07-047,2021-07-03,CNSHA-USLAX,BAS,1967.5,USD,1.0
2021-07-047,2021-07-03,CNSHA-USLAX,BAF,381.3,USD,1.0
2021-07-047,2021-07-03,CNSHA-USLAX,THC,213.56,EUR,1.1018
2021-07-047,2021-07-03,CNSHA-USLAX,DOC,45.0,USD,1.0
2021-07-013,2021-07-04,CNSHA-USLAX,BAS,1978.42,USD,1.0
2021-07-013,2021-07-04,CNSHA-USLAX,BAF,392.08,USD,1.0
2021-07-013,2021-07-04,CNSHA-USLAX,THC,212.66,EUR,1.1018
2021-07-013,2021-07-04,CNSHA-USLAX,DOC,45.0,USD,1.0
2021-07-020,2021-07-04,CNSHA-USLAX,BAS,2001.83,USD,1.0
2021-07-020,2021-07-04,CNSHA-USLAX,BAF,380.04,USD,1.0
2021-07-020,2021-07-04,CNSHA-USLAX,THC,220.44,EUR,1.1018
2021-07-020,2021-07-04,CNSHA-USLAX,DOC,45.0,USD,1.0
2021-07-044,2021-07-04,CNSHA-NLRTM,BAS,2481.72,USD,1.0
2021-07-044,2021-07-04,CNSHA-NLRTM,BAF,391.23,USD,1.0
2021-07-044,2021-07-04,CNSHA-NLRTM,THC,220.36,EUR,1.1018
2021-07-044,2021-07-04,CNSHA-NLRTM,DOC,45.0,USD,1.0
2021-07-026,2021-07-05,CNSHA-USLAX,BAS,1956.96,USD,1.0
2021-07-026,2021-07-05,CNSHA-USLAX,BAF,406.95,USD,1.0
2021-07-026,2021-07-05,CNSHA-USLAX,THC,218.79,EUR,1.1018
2021-07-026,2021-07-05,CNSHA-USLAX,DOC,45.0,USD,1.0
2021-07-004,2021-07-06,CNSHA-USLAX,BAS,1957.27,USD,1.0
2021-07-004,2021-07-06,CNSHA-USLAX,BAF,383.0,USD,1.0
2021-07-004,2021-07-06,CNSHA-USLAX,THC,219.08,EUR,1.1018
2021-07-004,2021-07-06,CNSHA-USLAX,DOC,45.0,USD,1.0
2021-07-022,2021-07-06,CNSHA-USLAX,BAS,1972.78,USD,1.0
2021-07-022,2021-07-06,CNSHA-USLAX,BAF,446.5,USD,1.0
2021-07-022,2021-07-06,CNSHA-USLAX,THC,208.42,EUR,1.1018
2021-07-022,2021-07-06,CNSHA-USLAX,DOC,45.0,USD,1.0
2021-07-024,2021-07-08,CNSHA-USLAX,BAS,1991.83,USD,1.0
2021-07-024,2021-07-08,CNSHA-USLAX,BAF,408.39,USD,1.0
2021-07-024,2021-07-08,CNSHA-USLAX,THC,228.28,EUR,1.1018
2021-07-024,2021-07-08,CNSHA-USLAX,DOC,45.0,USD,1.0
2021-07-035,2021-07-08,CNSHA-NLRTM,BAS,2474.25,USD,1.0
2021-07-035,2021-07-08,CNSHA-NLRTM,BAF,407.56,USD,1.0
2021-07-035,2021-07-08,CNSHA-NLRTM,THC,219.63,EUR,1.1018
2021-07-035,2021-07-08,CNSHA-NLRTM,DOC,45.0,USD,1.0
2021-07-049,2021-07-08,CNSHA-NLRTM,BAS,2428.5,USD,1.0
2021-07-049,2021-07-08,CNSHA-NLRTM,BAF,406.13,USD,1.0
2021-07-049,2021-07-08,CNSHA-NLRTM,THC,217.23,EUR,1.1018
2021-07-049,2021-07-08,CNSHA-NLRTM,DOC,45.0,USD,1.0
2021-07-030,2021-07-09,CNSHA-USLAX,BAS,1982.94,USD,1.0
2021-07-030,2021-07-09,CNSHA-USLAX,BAF,386.07,USD,1.0
2021-07-030,2021-07-09,CNSHA-USLAX,THC,224.13,EUR,1.1018
2021-07-030,2021-07-09,CNSHA-USLAX,DOC,45.0,USD,1.0
2021-07-032,2021-07-09,CNSHA-NLRTM,BAS,2445.06,USD,1.0
2021-07-032,2021-07-09,CNSHA-NLRTM,BAF,425.02,USD,1.0
2021-07-032,2021-07-09,CNSHA-NLRTM,THC,227.75,EUR,1.1018
2021-07-032,2021-07-09,CNSHA-NLRTM,DOC,45.0,USD,1.0
2021-07-054,2021-07-09,CNSHA-USLAX,BAS,1980.96,USD,1.0
2021-07-054,2021-07-09,CNSHA-USLAX,BAF,396.89,USD,1.0
2021-07-054,2021-07-09,CNSHA-USLAX,THC,215.07,EUR,1.1018
2021-07-054,2021-07-09,CNSHA-USLAX,DOC,45.0,USD,1.0
2021-07-005,2021-07-10,CNSHA-USLAX,BAS,1950.49,USD,1.0
2021-07-005,2021-07-10,CNSHA-USLAX,BAF,392.52,USD,1.0
2021-07-005,2021-07-10,CNSHA-USLAX,THC,222.12,EUR,1.1018
2021-07-005,2021-07-10,CNSHA-USLAX,DOC,45.0,USD,1.0
2021-07-007,2021-07-10,CNSHA-NLRTM,BAS,2471.16,USD,1.0
2021-07-007,2021-07-10,CNSHA-NLRTM,BAF,436.39,USD,1.0
2021-07-007,2021-07-10,CNSHA-NLRTM,THC,218.82,EUR,1.1018
2021-07-007,2021-07-10,CNSHA-NLRTM,DOC,45.0,USD,1.0
2021-07-018,2021-07-10,CNSHA-NLRTM,BAS,2479.9,USD,1.0
2021-07-018,2021-07-10,CNSHA-NLRTM,BAF,371.84,USD,1.0
2021-07-018,2021-07-10,CNSHA-NLRTM,THC,212.95,EUR,1.1018
2021-07-018,2021-07-10,CNSHA-NLRTM,DOC,45.0,USD,1.0
2021-07-034,2021-07-10,CNSHA-NLRTM,BAS,2430.62,USD,1.0
2021-07-034,2021-07-10,CNSHA-NLRTM,BAF,389.51,USD,1.0
2021-07-034,2021-07-10,CNSHA-NLRTM,THC,223.11,EUR,1.1018
2021-07-034,2021-07-10,CNSHA-NLRTM,DOC,45.0,USD,1.0
2021-07-053,2021-07-10,CNSHA-USLAX,BAS,1944.56,USD,1.0
2021-07-053,2021-07-10,CNSHA-USLAX,BAF,450.43,USD,1.0
2021-07-053,2021-07-10,CNSHA-USLAX,THC,215.49,EUR,1.1018
2021-07-053,2021-07-10,CNSHA-USLAX,DOC,45.0,USD,1.0
2021-07-010,2021-07-11,CNSHA-NLRTM,BAS,2497.8,USD,1.0
2021-07-010,2021-07-11,CNSHA-NLRTM,BAF,410.78,USD,1.0
2021-07-010,2021-07-11,CNSHA-NLRTM,THC,218.95,EUR,1.1018
2021-07-010,2021-07-11,CNSHA-NLRTM,DOC,45.0,USD,1.0
2021-07-027,2021-07-11,CNSHA-NLRTM,BAS,2463.94,USD,1.0
2021-07-027,2021-07-11,CNSHA-NLRTM,BAF,364.3,USD,1.0
2021-07-027,2021-07-11,CNSHA-NLRTM,THC,227.66,EUR,1.1018
2021-07-027,2021-07-11,CNSHA-NLRTM,DOC,45.0,USD,1.0
2021-07-046,2021-07-11,CNSHA-USLAX,BAS,1974.96,USD,1.0
2021-07-046,2021-07-11,CNSHA-USLAX,BAF,426.35,USD,1.0
2021-07-046,2021-07-11,CNSHA-USLAX,THC,215.17,EUR,1.1018
2021-07-046,2021-07-11,CNSHA-USLAX,DOC,45.0,USD,1.0
2021-07-055,2021-07-11,CNSHA-USLAX,BAS,1969.68,USD,1.0
2021-07-055,2021-07-11,CNSHA-USLAX,BAF,429.5,USD,1.0
2021-07-055,2021-07-11,CNSHA-USLAX,THC,216.66,EUR,1.1018
2021-07-055,2021-07-11,CNSHA-USLAX,DOC,45.0,USD,1.0
2021-07-001,2021-07-12,CNSHA-NLRTM,BAS,2496.06,USD,1.0
2021-07-001,2021-07-12,CNSHA-NLRTM,BAF,401.79,USD,1.0
2021-07-001,2021-07-12,CNSHA-NLRTM,THC,227.59,EUR,1.1018
2021-07-001,2021-07-12,CNSHA-NLRTM,DOC,45.0,USD,1.0
2021-07-002,2021-07-12,CNSHA-NLRTM,BAS,2490.92,USD,1.0
2021-07-002,2021-07-12,CNSHA-NLRTM,BAF,413.2,USD,1.0
2021-07-002,2021-07-12,CNSHA-NLRTM,THC,225.84,EUR,1.1018
2021-07-002,2021-07-12,CNSHA-NLRTM,DOC,45.0,USD,1.0
2021-07-012,2021-07-12,CNSHA-USLAX,BAS,1979.16,USD,1.0
2021-07-012,2021-07-12,CNSHA-USLAX,BAF,393.05,USD,1.0
2021-07-012,2021-07-12,CNSHA-USLAX,THC,224.4,EUR,1.1018
2021-07-012,2021-07-12,CNSHA-USLAX,DOC,45.0,USD,1.0
2021-07-016,2021-07-13,CNSHA-USLAX,BAS,1949.83,USD,1.0
2021-07-016,2021-07-13,CNSHA-USLAX,BAF,413.91,USD,1.0
2021-07-016,2021-07-13,CNSHA-USLAX,THC,233.75,EUR,1.1018
2021-07-016,2021-07-13,CNSHA-USLAX,DOC,45.0,USD,1.0
2021-07-041,2021-07-14,CNSHA-USLAX,BAS,1968.81,USD,1.0
2021-07-041,2021-07-14,CNSHA-USLAX,BAF,397.88,USD,1.0
2021-07-041,2021-07-14,CNSHA-USLAX,THC,227.55,EUR,1.1018
2021-07-041,2021-07-14,CNSHA-USLAX,DOC,45.0,USD,1.0
2021-07-017,2021-07-15,CNSHA-NLRTM,BAS,2449.31,USD,1.0
2021-07-017,2021-07-15,CNSHA-NLRTM,BAF,398.33,USD,1.0
2021-07-017,2021-07-15,CNSHA-NLRTM,THC,219.56,EUR,1.1018
2021-07-017,2021-07-15,CNSHA-NLRTM,DOC,45.0,USD,1.0
2021-07-023,2021-07-15,CNSHA-NLRTM,BAS,2425.23,USD,1.0
2021-07-023,2021-07-15,CNSHA-NLRTM,BAF,428.31,USD,1.0
2021-07-023,2021-07-15,CNSHA-NLRTM,THC,221.04,EUR,1.1018
2021-07-023,2021-07-15,CNSHA-NLRTM,DOC,45.0,USD,1.0
2021-07-000,2021-07-16,CNSHA-USLAX,BAS,1963.87,USD,1.0
2021-07-000,2021-07-16,CNSHA-USLAX,BAF,458.18,USD,1.0
2021-07-000,2021-07-16,CNSHA-USLAX,THC,213.01,EUR,1.1018
2021-07-000,2021-07-16,CNSHA-USLAX,DOC,45.0,USD,1.0
2021-07-031,2021-07-17,CNSHA-NLRTM,BAS,2458.69,USD,1.0
2021-07-031,2021-07-17,CNSHA-NLRTM,BAF,365.92,USD,1.0
2021-07-031,2021-07-17,CNSHA-NLRTM,THC,208.41,EUR,1.1018
2021-07-031,2021-07-17,CNSHA-NLRTM,DOC,45.0,USD,1.0
2021-07-051,2021-07-18,CNSHA-USLAX,BAS,1958.52,USD,1.0
2021-07-051,2021-07-18,CNSHA-USLAX,BAF,378.99,USD,1.0
2021-07-051,2021-07-18,CNSHA-USLAX,THC,227.62,EUR,1.1018
2021-07-051,2021-07-18,CNSHA-USLAX,DOC,45.0,USD,1.0
2021-07-011,2021-07-19,CNSHA-NLRTM,BAS,2428.43,USD,1.0
2021-07-011,2021-07-19,CNSHA-NLRTM,BAF,431.48,USD,1.0
2021-07-011,2021-07-19,CNSHA-NLRTM,THC,231.15,EUR,1.1018
2021-07-011,2021-07-19,CNSHA-NLRTM,DOC,45.0,USD,1.0
2021-07-045,2021-07-19,CNSHA-USLAX,BAS,1980.23,USD,1.0
2021-07-045,2021-07-19,CNSHA-USLAX,BAF,398.93,USD,1.0
2021-07-045,2021-07-19,CNSHA-USLAX,THC,217.74,EUR,1.1018
2021-07-045,2021-07-19,CNSHA-USLAX,DOC,45.0,USD,1.0
2021-07-025,2021-07-20,CNSHA-USLAX,BAS,1975.5,USD,1.0
2021-07-025,2021-07-20,CNSHA-USLAX,BAF,396.23,USD,1.0
2021-07-025,2021-07-20,CNSHA-USLAX,THC,230.04,EUR,1.1018
2021-07-025,2021-07-20,CNSHA-USLAX,DOC,45.0,USD,1.0
2021-07-036,2021-07-20,CNSHA-USLAX,BAS,1965.48,USD,1.0
2021-07-036,2021-07-20,CNSHA-USLAX,BAF,425.33,USD,1.0
2021-07-036,2021-07-20,CNSHA-USLAX,THC,218.08,EUR,1.1018
2021-07-036,2021-07-20,CNSHA-USLAX,DOC,45.0,USD,1.0
2021-07-019,2021-07-21,CNSHA-NLRTM,BAS,2483.44,USD,1.0
2021-07-019,2021-07-21,CNSHA-NLRTM,BAF,442.37,USD,1.0
2021-07-019,2021-07-21,CNSHA-NLRTM,THC,208.42,EUR,1.1018
2021-07-019,2021-07-21,CNSHA-NLRTM,DOC,45.0,USD,1.0
2021-07-014,2021-07-23,CNSHA-NLRTM,BAS,2457.56,USD,1.0
2021-07-014,2021-07-23,CNSHA-NLRTM,BAF,401.53,USD,1.0
2021-07-014,2021-07-23,CNSHA-NLRTM,THC,212.71,EUR,1.1018
2021-07-014,2021-07-23,CNSHA-NLRTM,DOC,45.0,USD,1.0
2021-07-038,2021-07-23,CNSHA-USLAX,BAS,1977.17,USD,1.0
2021-07-038,2021-07-23,CNSHA-USLAX,BAF,391.15,USD,1.0
2021-07-038,2021-07-23,CNSHA-USLAX,THC,210.55,EUR,1.1018
2021-07-038,2021-07-23,CNSHA-USLAX,DOC,45.0,USD,1.0
2021-07-043,2021-07-23,CNSHA-NLRTM,BAS,2463.47,USD,1.0
2021-07-043,2021-07-23,CNSHA-NLRTM,BAF,455.8,USD,1.0
2021-07-043,2021-07-23,CNSHA-NLRTM,THC,212.92,EUR,1.1018
2021-07-043,2021-07-23,CNSHA-NLRTM,DOC,45.0,USD,1.0
2021-07-006,2021-07-24,CNSHA-NLRTM,BAS,2439.43,USD,1.0
2021-07-006,2021-07-24,CNSHA-NLRTM,BAF,361.02,USD,1.0
2021-07-006,2021-07-24,CNSHA-NLRTM,THC,221.64,EUR,1.1018
2021-07-006,2021-07-24,CNSHA-NLRTM,DOC,45.0,USD,1.0
2021-07-009,2021-07-24,CNSHA-NLRTM,BAS,2479.71,USD,1.0
2021-07-009,2021-07-24,CNSHA-NLRTM,BAF,410.89,USD,1.0
2021-07-009,2021-07-24,CNSHA-NLRTM,THC,221.94,EUR,1.1018
2021-07-009,2021-07-24,CNSHA-NLRTM,DOC,45.0,USD,1.0
2021-07-040,2021-07-24,CNSHA-USLAX,BAS,1965.65,USD,1.0
2021-07-040,2021-07-24,CNSHA-USLAX,BAF,429.02,USD,1.0
2021-07-040,2021-07-24,CNSHA-USLAX,THC,212.53,EUR,1.1018
2021-07-040,2021-07-24,CNSHA-USLAX,DOC,45.0,USD,1.0
2021-07-052,2021-07-24,CNSHA-USLAX,BAS,1946.9,USD,1.0
2021-07-052,2021-07-24,CNSHA-USLAX,BAF,398.01,USD,1.0
2021-07-052,2021-07-24,CNSHA-USLAX,THC,218.37,EUR,1.1018
2021-07-052,2021-07-24,CNSHA-USLAX,DOC,45.0,USD,1.0
2021-07-015,2021-07-25,CNSHA-USLAX,BAS,1975.77,USD,1.0
2021-07-015,2021-07-25,CNSHA-USLAX,BAF,374.93,USD,1.0
2021-07-015,2021-07-25,CNSHA-USLAX,THC,216.09,EUR,1.1018
2021-07-015,2021-07-25,CNSHA-USLAX,DOC,45.0,USD,1.0
2021-07-028,2021-07-27,CNSHA-NLRTM,BAS,2457.82,USD,1.0
2021-07-028,2021-07-27,CNSHA-NLRTM,BAF,435.95,USD,1.0
2021-07-028,2021-07-27,CNSHA-NLRTM,THC,216.48,EUR,1.1018
2021-07-028,2021-07-27,CNSHA-NLRTM,DOC,45.0,USD,1.0
2021-07-037,2021-07-27,CNSHA-USLAX,BAS,1925.36,USD,1.0
2021-07-037,2021-07-27,CNSHA-USLAX,BAF,398.94,USD,1.0
2021-07-037,2021-07-27,CNSHA-USLAX,THC,220.43,EUR,1.1018
2021-07-037,2021-07-27,CNSHA-USLAX,DOC,45.0,USD,1.0
2021-07-039,2021-07-27,CNSHA-USLAX,BAS,1950.06,USD,1.0
2021-07-039,2021-07-27,CNSHA-USLAX,BAF,407.44,USD,1.0
2021-07-039,2021-07-27,CNSHA-USLAX,THC,210.35,EUR,1.1018
2021-07-039,2021-07-27,CNSHA-USLAX,DOC,45.0,USD,1.0
2021-07-048,2021-07-27,CNSHA-NLRTM,BAS,2508.55,USD,1.0
2021-07-048,2021-07-27,CNSHA-NLRTM,BAF,417.61,USD,1.0
2021-07-048,2021-07-27,CNSHA-NLRTM,THC,214.48,EUR,1.1018
2021-07-048,2021-07-27,CNSHA-NLRTM,DOC,45.0,USD,1.0
2021-07-033,2021-07-28,CNSHA-USLAX,BAS,1963.86,USD,1.0
2021-07-033,2021-07-28,CNSHA-USLAX,BAF,447.92,USD,1.0
2021-07-033,2021-07-28,CNSHA-USLAX,THC,214.79,EUR,1.1018
2021-07-033,2021-07-28,CNSHA-USLAX,DOC,45.0,USD,1.0
2021-08-029,2021-08-01,CNSHA-USLAX,BAS,1952.98,USD,1.0
2021-08-029,2021-08-01,CNSHA-USLAX,BAF,416.49,USD,1.0
2021-08-029,2021-08-01,CNSHA-USLAX,THC,226.82,EUR,1.0971
2021-08-029,2021-08-01,CNSHA-USLAX,DOC,45.0,USD,1.0
2021-08-029,2021-08-01,CNSHA-USLAX,PSS,200.0,USD,1.0
2021-08-052,2021-08-01,CNSHA-USLAX,BAS,1959.79,USD,1.0
2021-08-052,2021-08-01,CNSHA-USLAX,BAF,419.01,USD,1.0
2021-08-052,2021-08-01,CNSHA-USLAX,THC,205.37,EUR,1.0971
2021-08-052,2021-08-01,CNSHA-USLAX,DOC,45.0,USD,1.0
2021-08-052,2021-08-01,CNSHA-USLAX,PSS,200.0,USD,1.0
2021-08-008,2021-08-02,CNSHA-USLAX,BAS,1932.49,USD,1.0
2021-08-008,2021-08-02,CNSHA-USLAX,BAF,378.47,USD,1.0
2021-08-008,2021-08-02,CNSHA-USLAX,THC,221.58,EUR,1.0971
2021-08-008,2021-08-02,CNSHA-USLAX,DOC,45.0,USD,1.0
2021-08-008,2021-08-02,CNSHA-USLAX,PSS,200.0,USD,1.0
2021-08-011,2021-08-02,CNSHA-USLAX,BAS,1943.72,USD,1.0
2021-08-011,2021-08-02,CNSHA-USLAX,BAF,361.24,USD,1.0
2021-08-011,2021-08-02,CNSHA-USLAX,THC,222.0,EUR,1.0971
2021-08-011,2021-08-02,CNSHA-USLAX,DOC,45.0,USD,1.0
2021-08-011,2021-08-02,CNSHA-USLAX,PSS,200.0,USD,1.0
2021-08-019,2021-08-02,CNSHA-USLAX,BAS,1982.09,USD,1.0
2021-08-019,2021-08-02,CNSHA-USLAX,BAF,427.34,USD,1.0
2021-08-019,2021-08-02,CNSHA-USLAX,THC,218.04,EUR,1.0971
2021-08-019,2021-08-02,CNSHA-USLAX,DOC,45.0,USD,1.0
2021-08-019,2021-08-02,CNSHA-USLAX,PSS,200.0,USD,1.0
2021-08-026,2021-08-02,CNSHA-NLRTM,BAS,2468.1,USD,1.0
2021-08-026,2021-08-02,CNSHA-NLRTM,BAF,407.81,USD,1.0
2021-08-026,2021-08-02,CNSHA-NLRTM,THC,218.01,EUR,1.0971
2021-08-026,2021-08-02,CNSHA-NLRTM,DOC,45.0,USD,1.0
2021-08-026,2021-08-02,CNSHA-NLRTM,PSS,200.0,USD,1.0
2021-08-039,2021-08-02,CNSHA-USLAX,BAS,1961.64,USD,1.0
2021-08-039,2021-08-02,CNSHA-USLAX,BAF,438.96,USD,1.0
2021-08-039,2021-08-02,CNSHA-USLAX,THC,228.55,EUR,1.0971
2021-08-039,2021-08-02,CNSHA-USLAX,DOC,45.0,USD,1.0
2021-08-039,2021-08-02,CNSHA-USLAX,PSS,200.0,USD,1.0
2021-08-049,2021-08-02,CNSHA-NLRTM,BAS,2476.0,USD,1.0
2021-08-049,2021-08-02,CNSHA-NLRTM,BAF,449.48,USD,1.0
2021-08-049,2021-08-02,CNSHA-NLRTM,THC,216.0,EUR,1.0971
2021-08-049,2021-08-02,CNSHA-NLRTM,DOC,45.0,USD,1.0
2021-08-049,2021-08-02,CNSHA-NLRTM,PSS,200.0,USD,1.0
2021-08-060,2021-08-02,CNSHA-NLRTM,BAS,2457.72,USD,1.0
2021-08-060,2021-08-02,CNSHA-NLRTM,BAF,431.4,USD,1.0
2021-08-060,2021-08-02,CNSHA-NLRTM,THC,213.02,EUR,1.0971
2021-08-060,2021-08-02,CNSHA-NLRTM,DOC,45.0,USD,1.0
2021-08-060,2021-08-02,CNSHA-NLRTM,PSS,200.0,USD,1.0
2021-08-043,2021-08-04,CNSHA-USLAX,BAS,1993.04,USD,1.0
2021-08-043,2021-08-04,CNSHA-USLAX,BAF,406.27,USD,1.0
2021-08-043,2021-08-04,CNSHA-USLAX,THC,229.41,EUR,1.0971
2021-08-043,2021-08-04,CNSHA-USLAX,DOC,45.0,USD,1.0
2021-08-043,2021-08-04,CNSHA-USLAX,PSS,200.0,USD,1.0
2021-08-056,2021-08-04,CNSHA-NLRTM,BAS,2456.19,USD,1.0
2021-08-056,2021-08-04,CNSHA-NLRTM,BAF,435.11,USD,1.0
2021-08-056,2021-08-04,CNSHA-NLRTM,THC,210.22,EUR,1.0971
2021-08-056,2021-08-04,CNSHA-NLRTM,DOC,45.0,USD,1.0
2021-08-056,2021-08-04,CNSHA-NLRTM,PSS,200.0,USD,1.0
2021-08-059,2021-08-04,CNSHA-USLAX,BAS,1941.12,USD,1.0
2021-08-059,2021-08-04,CNSHA-USLAX,BAF,423.51,USD,1.0
2021-08-059,2021-08-04,CNSHA-USLAX,THC,224.28,EUR,1.0971
2021-08-059,2021-08-04,CNSHA-USLAX,DOC,45.0,USD,1.0
2021-08-059,2021-08-04,CNSHA-USLAX,PSS,200.0,USD,1.0
2021-08-009,2021-08-05,CNSHA-USLAX,BAS,1963.01,USD,1.0
2021-08-009,2021-08-05,CNSHA-USLAX,BAF,423.15,USD,1.0
2021-08-009,2021-08-05,CNSHA-USLAX,THC,222.14,EUR,1.0971
2021-08-009,2021-08-05,CNSHA-USLAX,DOC,45.0,USD,1.0
2021-08-009,2021-08-05,CNSHA-USLAX,PSS,200.0,USD,1.0
2021-08-006,2021-08-06,CNSHA-USLAX,BAS,1955.96,USD,1.0
2021-08-006,2021-08-06,CNSHA-USLAX,BAF,370.94,USD,1.0
2021-08-006,2021-08-06,CNSHA-USLAX,THC,214.45,EUR,1.0971
2021-08-006,2021-08-06,CNSHA-USLAX,DOC,45.0,USD,1.0
2021-08-006,2021-08-06,CNSHA-USLAX,PSS,200.0,USD,1.0
2021-08-010,2021-08-06,CNSHA-NLRTM,BAS,2489.89,USD,1.0
2021-08-010,2021-08-06,CNSHA-NLRTM,BAF,425.86,USD,1.0
2021-08-010,2021-08-06,CNSHA-NLRTM,THC,225.84,EUR,1.0971
2021-08-010,2021-08-06,CNSHA-NLRTM,DOC,45.0,USD,1.0
2021-08-010,2021-08-06,CNSHA-NLRTM,PSS,200.0,USD,1.0
2021-08-013,2021-08-06,CNSHA-NLRTM,BAS,2444.49,USD,1.0
2021-08-013,2021-08-06,CNSHA-NLRTM,BAF,402.76,USD,1.0
2021-08-013,2021-08-06,CNSHA-NLRTM,THC,215.9,EUR,1.0971
2021-08-013,2021-08-06,CNSHA-NLRTM,DOC,45.0,USD,1.0
2021-08-013,2021-08-06,CNSHA-NLRTM,PSS,200.0,USD,1.0
2021-08-016,2021-08-06,CNSHA-NLRTM,BAS,2454.73,USD,1.0
2021-08-016,2021-08-06,CNSHA-NLRTM,BAF,424.13,USD,1.0
2021-08-016,2021-08-06,CNSHA-NLRTM,THC,216.23,EUR,1.0971
2021-08-016,2021-08-06,CNSHA-NLRTM,DOC,45.0,USD,1.0
2021-08-016,2021-08-06,CNSHA-NLRTM,PSS,200.0,USD,1.0
2021-08-046,2021-08-06,CNSHA-USLAX,BAS,1973.83,USD,1.0
2021-08-046,2021-08-06,CNSHA-USLAX,BAF,424.68,USD,1.0
2021-08-046,2021-08-06,CNSHA-USLAX,THC,220.34,EUR,1.0971
2021-08-046,2021-08-06,CNSHA-USLAX,DOC,45.0,USD,1.0
2021-08-046,2021-08-06,CNSHA-USLAX,PSS,200.0,USD,1.0
2021-08-048,2021-08-06,CNSHA-USLAX,BAS,1989.41,USD,1.0
2021-08-048,2021-08-06,CNSHA-USLAX,BAF,413.76,USD,1.0
2021-08-048,2021-08-06,CNSHA-USLAX,THC,217.63,EUR,1.0971
2021-08-048,2021-08-06,CNSHA-USLAX,DOC,45.0,USD,1.0
2021-08-048,2021-08-06,CNSHA-USLAX,PSS,200.0,USD,1.0
2021-08-017,2021-08-08,CNSHA-USLAX,BAS,1972.4,USD,1.0
2021-08-017,2021-08-08,CNSHA-USLAX,BAF,403.85,USD,1.0
2021-08-017,2021-08-08,CNSHA-USLAX,THC,214.15,EUR,1.0971
2021-08-017,2021-08-08,CNSHA-USLAX,DOC,45.0,USD,1.0
2021-08-017,2021-08-08,CNSHA-USLAX,PSS,200.0,USD,1.0
2021-08-044,2021-08-08,CNSHA-USLAX,BAS,1938.72,USD,1.0
2021-08-044,2021-08-08,CNSHA-USLAX,BAF,388.77,USD,1.0
2021-08-044,2021-08-08,CNSHA-USLAX,THC,226.41,EUR,1.0971
2021-08-044,2021-08-08,CNSHA-USLAX,DOC,45.0,USD,1.0
2021-08-044,2021-08-08,CNSHA-USLAX,PSS,200.0,USD,1.0
2021-08-054,2021-08-08,CNSHA-NLRTM,BAS,2478.96,USD,1.0
2021-08-054,2021-08-08,CNSHA-NLRTM,BAF,372.36,USD,1.0
2021-08-054,2021-08-08,CNSHA-NLRTM,THC,214.06,EUR,1.0971
2021-08-054,2021-08-08,CNSHA-NLRTM,DOC,45.0,USD,1.0
2021-08-054,2021-08-08,CNSHA-NLRTM,PSS,200.0,USD,1.0
2021-08-018,2021-08-10,CNSHA-NLRTM,BAS,2499.03,USD,1.0
2021-08-018,2021-08-10,CNSHA-NLRTM,BAF,394.39,USD,1.0
2021-08-018,2021-08-10,CNSHA-NLRTM,THC,224.67,EUR,1.0971
2021-08-018,2021-08-10,CNSHA-NLRTM,DOC,45.0,USD,1.0
2021-08-018,2021-08-10,CNSHA-NLRTM,PSS,200.0,USD,1.0
2021-08-021,2021-08-11,CNSHA-USLAX,BAS,1969.09,USD,1.0
2021-08-021,2021-08-11,CNSHA-USLAX,BAF,421.47,USD,1.0
2021-08-021,2021-08-11,CNSHA-USLAX,THC,215.46,EUR,1.0971
2021-08-021,2021-08-11,CNSHA-USLAX,DOC,45.0,USD,1.0
2021-08-021,2021-08-11,CNSHA-USLAX,PSS,200.0,USD,1.0
2021-08-000,2021-08-12,CNSHA-NLRTM,BAS,2460.14,USD,1.0
2021-08-000,2021-08-12,CNSHA-NLRTM,BAF,420.76,USD,1.0
2021-08-000,2021-08-12,CNSHA-NLRTM,THC,221.78,EUR,1.0971
2021-08-000,2021-08-12,CNSHA-NLRTM,DOC,45.0,USD,1.0
2021-08-000,2021-08-12,CNSHA-NLRTM,PSS,200.0,USD,1.0
2021-08-020,2021-08-12,CNSHA-NLRTM,BAS,2434.48,USD,1.0
2021-08-020,2021-08-12,CNSHA-NLRTM,BAF,405.54,USD,1.0
2021-08-020,2021-08-12,CNSHA-NLRTM,THC,211.82,EUR,1.0971
2021-08-020,2021-08-12,CNSHA-NLRTM,DOC,45.0,USD,1.0
2021-08-020,2021-08-12,CNSHA-NLRTM,PSS,200.0,USD,1.0
2021-08-031,2021-08-12,CNSHA-USLAX,BAS,1949.53,USD,1.0
2021-08-031,2021-08-12,CNSHA-USLAX,BAF,410.17,USD,1.0
2021-08-031,2021-08-12,CNSHA-USLAX,THC,231.95,EUR,1.0971
2021-08-031,2021-08-12,CNSHA-USLAX,DOC,45.0,USD,1.0
2021-08-031,2021-08-12,CNSHA-USLAX,PSS,200.0,USD,1.0
2021-08-034,2021-08-12,CNSHA-NLRTM,BAS,2451.73,USD,1.0
2021-08-034,2021-08-12,CNSHA-NLRTM,BAF,431.49,USD,1.0
2021-08-034,2021-08-12,CNSHA-NLRTM,THC,222.54,EUR,1.0971
2021-08-034,2021-08-12,CNSHA-NLRTM,DOC,45.0,USD,1.0
2021-08-034,2021-08-12,CNSHA-NLRTM,PSS,200.0,USD,1.0
2021-08-037,2021-08-12,CNSHA-USLAX,BAS,1981.37,USD,1.0
2021-08-037,2021-08-12,CNSHA-USLAX,BAF,437.62,USD,1.0
2021-08-037,2021-08-12,CNSHA-USLAX,THC,219.67,EUR,1.0971
2021-08-037,2021-08-12,CNSHA-USLAX,DOC,45.0,USD,1.0
2021-08-037,2021-08-12,CNSHA-USLAX,PSS,200.0,USD,1.0
2021-08-025,2021-08-13,CNSHA-NLRTM,BAS,2470.2,USD,1.0
2021-08-025,2021-08-13,CNSHA-NLRTM,BAF,436.44,USD,1.0
2021-08-025,2021-08-13,CNSHA-NLRTM,THC,209.65,EUR,1.0971
2021-08-025,2021-08-13,CNSHA-NLRTM,DOC,45.0,USD,1.0
2021-08-025,2021-08-13,CNSHA-NLRTM,PSS,200.0,USD,1.0
2021-08-028,2021-08-13,CNSHA-NLRTM,BAS,2497.66,USD,1.0
2021-08-028,2021-08-13,CNSHA-NLRTM,BAF,410.52,USD,1.0
2021-08-028,2021-08-13,CNSHA-NLRTM,THC,228.72,EUR,1.0971
2021-08-028,2021-08-13,CNSHA-NLRTM,DOC,45.0,USD,1.0
2021-08-028,2021-08-13,CNSHA-NLRTM,PSS,200.0,USD,1.0
2021-08-004,2021-08-14,CNSHA-USLAX,BAS,1949.76,USD,1.0
2021-08-004,2021-08-14,CNSHA-USLAX,BAF,412.71,USD,1.0
2021-08-004,2021-08-14,CNSHA-USLAX,THC,215.87,EUR,1.0971
2021-08-004,2021-08-14,CNSHA-USLAX,DOC,45.0,USD,1.0
2021-08-004,2021-08-14,CNSHA-USLAX,PSS,200.0,USD,1.0
2021-08-050,2021-08-14,CNSHA-USLAX,BAS,1948.05,USD,1.0
2021-08-050,2021-08-14,CNSHA-USLAX,BAF,377.77,USD,1.0
2021-08-050,2021-08-14,CNSHA-USLAX,THC,217.01,EUR,1.0971
2021-08-050,2021-08-14,CNSHA-USLAX,DOC,45.0,USD,1.0
2021-08-050,2021-08-14,CNSHA-USLAX,PSS,200.0,USD,1.0
2021-08-014,2021-08-16,CNSHA-NLRTM,BAS,2451.99,USD,1.0
2021-08-014,2021-08-16,CNSHA-NLRTM,BAF,395.06,USD,1.0
2021-08-014,2021-08-16,CNSHA-NLRTM,THC,221.53,EUR,1.0971
2021-08-014,2021-08-16,CNSHA-NLRTM,DOC,45.0,USD,1.0
2021-08-014,2021-08-16,CNSHA-NLRTM,PSS,200.0,USD,1.0
2021-08-022,2021-08-16,CNSHA-NLRTM,BAS,2477.14,USD,1.0
2021-08-022,2021-08-16,CNSHA-NLRTM,BAF,402.39,USD,1.0
2021-08-022,2021-08-16,CNSHA-NLRTM,THC,224.34,EUR,1.0971
2021-08-022,2021-08-16,CNSHA-NLRTM,DOC,45.0,USD,1.0
2021-08-022,2021-08-16,CNSHA-NLRTM,PSS,200.0,USD,1.0
2021-08-023,2021-08-16,CNSHA-USLAX,BAS,1929.49,USD,1.0
2021-08-023,2021-08-16,CNSHA-USLAX,BAF,427.79,USD,1.0
2021-08-023,2021-08-16,CNSHA-USLAX,THC,212.32,EUR,1.0971
2021-08-023,2021-08-16,CNSHA-USLAX,DOC,45.0,USD,1.0
2021-08-023,2021-08-16,CNSHA-USLAX,PSS,200.0,USD,1.0
2021-08-032,2021-08-16,CNSHA-NLRTM,BAS,2495.29,USD,1.0
2021-08-032,2021-08-16,CNSHA-NLRTM,BAF,425.01,USD,1.0
2021-08-032,2021-08-16,CNSHA-NLRTM,THC,219.04,EUR,1.0971
2021-08-032,2021-08-16,CNSHA-NLRTM,DOC,45.0,USD,1.0
2021-08-032,2021-08-16,CNSHA-NLRTM,PSS,200.0,USD,1.0
2021-08-033,2021-08-17,CNSHA-USLAX,BAS,2000.37,USD,1.0
2021-08-033,2021-08-17,CNSHA-USLAX,BAF,393.7,USD,1.0
2021-08-033,2021-08-17,CNSHA-USLAX,THC,211.15,EUR,1.0971
2021-08-033,2021-08-17,CNSHA-USLAX,DOC,45.0,USD,1.0
2021-08-033,2021-08-17,CNSHA-USLAX,PSS,200.0,USD,1.0
2021-08-035,2021-08-17,CNSHA-NLRTM,BAS,2478.64,USD,1.0
2021-08-035,2021-08-17,CNSHA-NLRTM,BAF,451.75,USD,1.0
2021-08-035,2021-08-17,CNSHA-NLRTM,THC,225.15,EUR,1.0971
2021-08-035,2021-08-17,CNSHA-NLRTM,DOC,45.0,USD,1.0
2021-08-035,2021-08-17,CNSHA-NLRTM,PSS,200.0,USD,1.0
2021-08-012,2021-08-18,CNSHA-NLRTM,BAS,2454.37,USD,1.0
2021-08-012,2021-08-18,CNSHA-NLRTM,BAF,415.28,USD,1.0
2021-08-012,2021-08-18,CNSHA-NLRTM,THC,226.74,EUR,1.0971
2021-08-012,2021-08-18,CNSHA-NLRTM,DOC,45.0,USD,1.0
2021-08-012,2021-08-18,CNSHA-NLRTM,PSS,200.0,USD,1.0
2021-08-024,2021-08-18,CNSHA-USLAX,BAS,1962.0,USD,1.0
2021-08-024,2021-08-18,CNSHA-USLAX,BAF,403.94,USD,1.0
2021-08-024,2021-08-18,CNSHA-USLAX,THC,219.86,EUR,1.0971
2021-08-024,2021-08-18,CNSHA-USLAX,DOC,45.0,USD,1.0
2021-08-024,2021-08-18,CNSHA-USLAX,PSS,200.0,USD,1.0
2021-08-030,2021-08-18,CNSHA-NLRTM,BAS,2464.03,USD,1.0
2021-08-030,2021-08-18,CNSHA-NLRTM,BAF,401.67,USD,1.0
2021-08-030,2021-08-18,CNSHA-NLRTM,THC,221.39,EUR,1.0971
2021-08-030,2021-08-18,CNSHA-NLRTM,DOC,45.0,USD,1.0
2021-08-030,2021-08-18,CNSHA-NLRTM,PSS,200.0,USD,1.0
2021-08-036,2021-08-18,CNSHA-USLAX,BAS,1959.17,USD,1.0
2021-08-036,2021-08-18,CNSHA-USLAX,BAF,407.28,USD,1.0
2021-08-036,2021-08-18,CNSHA-USLAX,THC,219.33,EUR,1.0971
2021-08-036,2021-08-18,CNSHA-USLAX,DOC,45.0,USD,1.0
2021-08-036,2021-08-18,CNSHA-USLAX,PSS,200.0,USD,1.0
2021-08-053,2021-08-18,CNSHA-USLAX,BAS,1990.5,USD,1.0
2021-08-053,2021-08-18,CNSHA-USLAX,BAF,448.16,USD,1.0
2021-08-053,2021-08-18,CNSHA-USLAX,THC,225.5,EUR,1.0971
2021-08-053,2021-08-18,CNSHA-USLAX,DOC,45.0,USD,1.0
2021-08-053,2021-08-18,CNSHA-USLAX,PSS,200.0,USD,1.0
2021-08-007,2021-08-20,CNSHA-USLAX,BAS,1975.45,USD,1.0
2021-08-007,2021-08-20,CNSHA-USLAX,BAF,387.74,USD,1.0
2021-08-007,2021-08-20,CNSHA-USLAX,THC,231.27,EUR,1.0971
2021-08-007,2021-08-20,CNSHA-USLAX,DOC,45.0,USD,1.0
2021-08-007,2021-08-20,CNSHA-USLAX,PSS,200.0,USD,1.0
2021-08-040,2021-08-20,CNSHA-NLRTM,BAS,2496.81,USD,1.0
2021-08-040,2021-08-20,CNSHA-NLRTM,BAF,409.93,USD,1.0
2021-08-040,2021-08-20,CNSHA-NLRTM,THC,224.35,EUR,1.0971
2021-08-040,2021-08-20,CNSHA-NLRTM,DOC,45.0,USD,1.0
2021-08-040,2021-08-20,CNSHA-NLRTM,PSS,200.0,USD,1.0
2021-08-005,2021-08-21,CNSHA-USLAX,BAS,1970.21,USD,1.0
2021-08-005,2021-08-21,CNSHA-USLAX,BAF,428.85,USD,1.0
2021-08-005,2021-08-21,CNSHA-USLAX,THC,221.51,EUR,1.0971
2021-08-005,2021-08-21,CNSHA-USLAX,DOC,45.0,USD,1.0
2021-08-005,2021-08-21,CNSHA-USLAX,PSS,200.0,USD,1.0
2021-08-042,2021-08-21,CNSHA-USLAX,BAS,1939.0,USD,1.0
2021-08-042,2021-08-21,CNSHA-USLAX,BAF,429.71,USD,1.0
2021-08-042,2021-08-21,CNSHA-USLAX,THC,227.4,EUR,1.0971
2021-08-042,2021-08-21,CNSHA-USLAX,DOC,45.0,USD,1.0
2021-08-042,2021-08-21,CNSHA-USLAX,PSS,200.0,USD,1.0
2021-08-058,2021-08-21,CNSHA-USLAX,BAS,1935.18,USD,1.0
2021-08-058,2021-08-21,CNSHA-USLAX,BAF,413.3,USD,1.0
2021-08-058,2021-08-21,CNSHA-USLAX,THC,216.48,EUR,1.0971
2021-08-058,2021-08-21,CNSHA-USLAX,DOC,45.0,USD,1.0
2021-08-058,2021-08-21,CNSHA-USLAX,PSS,200.0,USD,1.0
2021-08-001,2021-08-22,CNSHA-NLRTM,BAS,2454.63,USD,1.0
2021-08-001,2021-08-22,CNSHA-NLRTM,BAF,409.27,USD,1.0
2021-08-001,2021-08-22,CNSHA-NLRTM,THC,218.2,EUR,1.0971
2021-08-001,2021-08-22,CNSHA-NLRTM,DOC,45.0,USD,1.0
2021-08-001,2021-08-22,CNSHA-NLRTM,PSS,200.0,USD,1.0
2021-08-015,2021-08-22,CNSHA-USLAX,BAS,1953.84,USD,1.0
2021-08-015,2021-08-22,CNSHA-USLAX,BAF,402.49,USD,1.0
2021-08-015,2021-08-22,CNSHA-USLAX,THC,223.62,EUR,1.0971
2021-08-015,2021-08-22,CNSHA-USLAX,DOC,45.0,USD,1.0
2021-08-015,2021-08-22,CNSHA-USLAX,PSS,200.0,USD,1.0
2021-08-057,2021-08-23,CNSHA-NLRTM,BAS,2497.58,USD,1.0
2021-08-057,2021-08-23,CNSHA-NLRTM,BAF,394.96,USD,1.0
2021-08-057,2021-08-23,CNSHA-NLRTM,THC,222.44,EUR,1.0971
2021-08-057,2021-08-23,CNSHA-NLRTM,DOC,45.0,USD,1.0
2021-08-057,2021-08-23,CNSHA-NLRTM,PSS,200.0,USD,1.0
2021-08-002,2021-08-24,CNSHA-USLAX,BAS,1984.95,USD,1.0
2021-08-002,2021-08-24,CNSHA-USLAX,BAF,426.79,USD,1.0
2021-08-002,2021-08-24,CNSHA-USLAX,THC,226.79,EUR,1.0971
2021-08-002,2021-08-24,CNSHA-USLAX,DOC,45.0,USD,1.0
2021-08-002,2021-08-24,CNSHA-USLAX,PSS,200.0,USD,1.0
2021-08-003,2021-08-24,CNSHA-NLRTM,BAS,2463.74,USD,1.0
2021-08-003,2021-08-24,CNSHA-NLRTM,BAF,387.34,USD,1.0
2021-08-003,2021-08-24,CNSHA-NLRTM,THC,220.57,EUR,1.0971
2021-08-003,2021-08-24,CNSHA-NLRTM,DOC,45.0,USD,1.0
2021-08-003,2021-08-24,CNSHA-NLRTM,PSS,200.0,USD,1.0
2021-08-027,2021-08-24,CNSHA-USLAX,BAS,1983.75,USD,1.0
2021-08-027,2021-08-24,CNSHA-USLAX,BAF,385.56,USD,1.0
2021-08-027,2021-08-24,CNSHA-USLAX,THC,212.49,EUR,1.0971
2021-08-027,2021-08-24,CNSHA-USLAX,DOC,45.0,USD,1.0
2021-08-027,2021-08-24,CNSHA-USLAX,PSS,200.0,USD,1.0
2021-08-045,2021-08-24,CNSHA-NLRTM,BAS,2454.6,USD,1.0
2021-08-045,2021-08-24,CNSHA-NLRTM,BAF,416.69,USD,1.0
2021-08-045,2021-08-24,CNSHA-NLRTM,THC,226.72,EUR,1.0971
2021-08-045,2021-08-24,CNSHA-NLRTM,DOC,45.0,USD,1.0
2021-08-045,2021-08-24,CNSHA-NLRTM,PSS,200.0,USD,1.0
2021-08-055,2021-08-24,CNSHA-USLAX,BAS,1964.56,USD,1.0
2021-08-055,2021-08-24,CNSHA-USLAX,BAF,431.09,USD,1.0
2021-08-055,2021-08-24,CNSHA-USLAX,THC,218.09,EUR,1.0971
2021-08-055,2021-08-24,CNSHA-USLAX,DOC,45.0,USD,1.0
2021-08-055,2021-08-24,CNSHA-USLAX,PSS,200.0,USD,1.0
2021-08-047,2021-08-26,CNSHA-NLRTM,BAS,2467.09,USD,1.0
2021-08-047,2021-08-26,CNSHA-NLRTM,BAF,415.32,USD,1.0
2021-08-047,2021-08-26,CNSHA-NLRTM,THC,219.39,EUR,1.0971
2021-08-047,2021-08-26,CNSHA-NLRTM,DOC,45.0,USD,1.0
2021-08-047,2021-08-26,CNSHA-NLRTM,PSS,200.0,USD,1.0
2021-08-051,2021-08-26,CNSHA-NLRTM,BAS,2502.66,USD,1.0
2021-08-051,2021-08-26,CNSHA-NLRTM,BAF,418.43,USD,1.0
2021-08-051,2021-08-26,CNSHA-NLRTM,THC,224.42,EUR,1.0971
2021-08-051,2021-08-26,CNSHA-NLRTM,DOC,45.0,USD,1.0
2021-08-051,2021-08-26,CNSHA-NLRTM,PSS,200.0,USD,1.0
2021-08-061,2021-08-26,CNSHA-USLAX,BAS,1963.81,USD,1.0
2021-08-061,2021-08-26,CNSHA-USLAX,BAF,389.32,USD,1.0
2021-08-061,2021-08-26,CNSHA-USLAX,THC,229.45,EUR,1.0971
2021-08-061,2021-08-26,CNSHA-USLAX,DOC,45.0,USD,1.0
2021-08-061,2021-08-26,CNSHA-USLAX,PSS,200.0,USD,1.0
2021-08-038,2021-08-27,CNSHA-NLRTM,BAS,2515.85,USD,1.0
2021-08-038,2021-08-27,CNSHA-NLRTM,BAF,401.77,USD,1.0
2021-08-038,2021-08-27,CNSHA-NLRTM,THC,212.24,EUR,1.0971
2021-08-038,2021-08-27,CNSHA-NLRTM,DOC,45.0,USD,1.0
2021-08-038,2021-08-27,CNSHA-NLRTM,PSS,200.0,USD,1.0
2021-08-041,2021-08-27,CNSHA-USLAX,BAS,1966.67,USD,1.0
2021-08-041,2021-08-27,CNSHA-USLAX,BAF,385.93,USD,1.0
2021-08-041,2021-08-27,CNSHA-USLAX,THC,232.97,EUR,1.0971
2021-08-041,2021-08-27,CNSHA-USLAX,DOC,45.0,USD,1.0
2021-08-041,2021-08-27,CNSHA-USLAX,PSS,200.0,USD,1.0
2021-08-062,2021-08-28,CNSHA-USLAX,BAS,1927.71,USD,1.0
2021-08-062,2021-08-28,CNSHA-USLAX,BAF,399.43,USD,1.0
2021-08-062,2021-08-28,CNSHA-USLAX,THC,223.27,EUR,1.0971
2021-08-062,2021-08-28,CNSHA-USLAX,DOC,45.0,USD,1.0
2021-08-062,2021-08-28,CNSHA-USLAX,PSS,200.0,USD,1.0
2021-09-019,2021-09-01,CNSHA-NLRTM,BAS,2483.07,USD,1.0
2021-09-019,2021-09-01,CNSHA-NLRTM,BAF,403.23,USD,1.0
2021-09-019,2021-09-01,CNSHA-NLRTM,THC,222.09,EUR,1.0924
2021-09-019,2021-09-01,CNSHA-NLRTM,DOC,45.0,USD,1.0
2021-09-019,2021-09-01,CNSHA-NLRTM,PSS,200.0,USD,1.0
2021-09-001,2021-09-03,CNSHA-USLAX,BAS,1956.4,USD,1.0
2021-09-001,2021-09-03,CNSHA-USLAX,BAF,384.04,USD,1.0
2021-09-001,2021-09-03,CNSHA-USLAX,THC,214.03,EUR,1.0924
2021-09-001,2021-09-03,CNSHA-USLAX,DOC,45.0,USD,1.0
2021-09-001,2021-09-03,CNSHA-USLAX,PSS,200.0,USD,1.0
2021-09-030,2021-09-03,CNSHA-NLRTM,BAS,2445.4,USD,1.0
2021-09-030,2021-09-03,CNSHA-NLRTM,BAF,444.18,USD,1.0
2021-09-030,2021-09-03,CNSHA-NLRTM,THC,215.82,EUR,1.0924
2021-09-030,2021-09-03,CNSHA-NLRTM,DOC,45.0,USD,1.0
2021-09-030,2021-09-03,CNSHA-NLRTM,PSS,200.0,USD,1.0
2021-09-044,2021-09-03,CNSHA-USLAX,BAS,1992.21,USD,1.0
2021-09-044,2021-09-03,CNSHA-USLAX,BAF,422.17,USD,1.0
2021-09-044,2021-09-03,CNSHA-USLAX,THC,214.56,EUR,1.0924
2021-09-044,2021-09-03,CNSHA-USLAX,DOC,45.0,USD,1.0
2021-09-044,2021-09-03,CNSHA-USLAX,PSS,200.0,USD,1.0
2021-09-050,2021-09-03,CNSHA-NLRTM,BAS,2447.31,USD,1.0
2021-09-050,2021-09-03,CNSHA-NLRTM,BAF,413.7,USD,1.0
2021-09-050,2021-09-03,CNSHA-NLRTM,THC,218.55,EUR,1.0924
2021-09-050,2021-09-03,CNSHA-NLRTM,DOC,45.0,USD,1.0
2021-09-050,2021-09-03,CNSHA-NLRTM,PSS,200.0,USD,1.0
2021-09-005,2021-09-04,CNSHA-NLRTM,BAS,2491.33,USD,1.0
2021-09-005,2021-09-04,CNSHA-NLRTM,BAF,412.97,USD,1.0
2021-09-005,2021-09-04,CNSHA-NLRTM,THC,238.61,EUR,1.0924
2021-09-005,2021-09-04,CNSHA-NLRTM,DOC,45.0,USD,1.0
2021-09-005,2021-09-04,CNSHA-NLRTM,PSS,200.0,USD,1.0
2021-09-009,2021-09-04,CNSHA-USLAX,BAS,1977.06,USD,1.0
2021-09-009,2021-09-04,CNSHA-USLAX,BAF,418.82,USD,1.0
2021-09-009,2021-09-04,CNSHA-USLAX,THC,216.92,EUR,1.0924
2021-09-009,2021-09-04,CNSHA-USLAX,DOC,45.0,USD,1.0
2021-09-009,2021-09-04,CNSHA-USLAX,PSS,200.0,USD,1.0
2021-09-020,2021-09-04,CNSHA-NLRTM,BAS,2472.69,USD,1.0
2021-09-020,2021-09-04,CNSHA-NLRTM,BAF,426.81,USD,1.0
2021-09-020,2021-09-04,CNSHA-NLRTM,THC,217.89,EUR,1.0924
2021-09-020,2021-09-04,CNSHA-NLRTM,DOC,45.0,USD,1.0
2021-09-020,2021-09-04,CNSHA-NLRTM,PSS,200.0,USD,1.0
2021-09-048,2021-09-05,CNSHA-USLAX,BAS,1989.74,USD,1.0
2021-09-048,2021-09-05,CNSHA-USLAX,BAF,451.56,USD,1.0
2021-09-048,2021-09-05,CNSHA-USLAX,THC,220.91,EUR,1.0924
2021-09-048,2021-09-05,CNSHA-USLAX,DOC,45.0,USD,1.0
2021-09-048,2021-09-05,CNSHA-USLAX,PSS,200.0,USD,1.0
2021-09-012,2021-09-06,CNSHA-NLRTM,BAS,2484.2,USD,1.0
2021-09-012,2021-09-06,CNSHA-NLRTM,BAF,474.11,USD,1.0
2021-09-012,2021-09-06,CNSHA-NLRTM,THC,211.89,EUR,1.0924
2021-09-012,2021-09-06,CNSHA-NLRTM,DOC,45.0,USD,1.0
2021-09-012,2021-09-06,CNSHA-NLRTM,PSS,200.0,USD,1.0
2021-09-015,2021-09-06,CNSHA-NLRTM,BAS,2492.89,USD,1.0
2021-09-015,2021-09-06,CNSHA-NLRTM,BAF,424.99,USD,1.0
2021-09-015,2021-09-06,CNSHA-NLRTM,THC,211.64,EUR,1.0924
2021-09-015,2021-09-06,CNSHA-NLRTM,DOC,45.0,USD,1.0
2021-09-015,2021-09-06,CNSHA-NLRTM,PSS,200.0,USD,1.0
2021-09-031,2021-09-06,CNSHA-NLRTM,BAS,2479.99,USD,1.0
2021-09-031,2021-09-06,CNSHA-NLRTM,BAF,403.24,USD,1.0
2021-09-031,2021-09-06,CNSHA-NLRTM,THC,228.1,EUR,1.0924
2021-09-031,2021-09-06,CNSHA-NLRTM,DOC,45.0,USD,1.0
2021-09-031,2021-09-06,CNSHA-NLRTM,PSS,200.0,USD,1.0
2021-09-047,2021-09-08,CNSHA-USLAX,BAS,1941.83,USD,1.0
2021-09-047,2021-09-08,CNSHA-USLAX,BAF,421.61,USD,1.0
2021-09-047,2021-09-08,CNSHA-USLAX,THC,216.82,EUR,1.0924
2021-09-047,2021-09-08,CNSHA-USLAX,DOC,45.0,USD,1.0
2021-09-047,2021-09-08,CNSHA-USLAX,PSS,200.0,USD,1.0
2021-09-000,2021-09-09,CNSHA-NLRTM,BAS,2485.83,USD,1.0
2021-09-000,2021-09-09,CNSHA-NLRTM,BAF,395.27,USD,1.0
2021-09-000,2021-09-09,CNSHA-NLRTM,THC,222.76,EUR,1.0924
2021-09-000,2021-09-09,CNSHA-NLRTM,DOC,45.0,USD,1.0
2021-09-000,2021-09-09,CNSHA-NLRTM,PSS,200.0,USD,1.0
2021-09-010,2021-09-09,CNSHA-NLRTM,BAS,2465.33,USD,1.0
2021-09-010,2021-09-09,CNSHA-NLRTM,BAF,422.15,USD,1.0
2021-09-010,2021-09-09,CNSHA-NLRTM,THC,223.2,EUR,1.0924
2021-09-010,2021-09-09,CNSHA-NLRTM,DOC,45.0,USD,1.0
2021-09-010,2021-09-09,CNSHA-NLRTM,PSS,200.0,USD,1.0
2021-09-013,2021-09-09,CNSHA-NLRTM,BAS,2514.03,USD,1.0
2021-09-013,2021-09-09,CNSHA-NLRTM,BAF,373.0,USD,1.0
2021-09-013,2021-09-09,CNSHA-NLRTM,THC,211.14,EUR,1.0924
2021-09-013,2021-09-09,CNSHA-NLRTM,DOC,45.0,USD,1.0
2021-09-013,2021-09-09,CNSHA-NLRTM,PSS,200.0,USD,1.0
2021-09-026,2021-09-09,CNSHA-USLAX,BAS,1999.35,USD,1.0
2021-09-026,2021-09-09,CNSHA-USLAX,BAF,422.21,USD,1.0
2021-09-026,2021-09-09,CNSHA-USLAX,THC,215.8,EUR,1.0924
2021-09-026,2021-09-09,CNSHA-USLAX,DOC,45.0,USD,1.0
2021-09-026,2021-09-09,CNSHA-USLAX,PSS,200.0,USD,1.0
2021-09-003,2021-09-10,CNSHA-USLAX,BAS,2004.19,USD,1.0
2021-09-003,2021-09-10,CNSHA-USLAX,BAF,397.78,USD,1.0
2021-09-003,2021-09-10,CNSHA-USLAX,THC,224.95,EUR,1.0924
2021-09-003,2021-09-10,CNSHA-USLAX,DOC,45.0,USD,1.0
2021-09-003,2021-09-10,CNSHA-USLAX,PSS,200.0,USD,1.0
2021-09-008,2021-09-10,CNSHA-NLRTM,BAS,2519.84,USD,1.0
2021-09-008,2021-09-10,CNSHA-NLRTM,BAF,390.84,USD,1.0
2021-09-008,2021-09-10,CNSHA-NLRTM,THC,226.83,EUR,1.0924
2021-09-008,2021-09-10,CNSHA-NLRTM,DOC,45.0,USD,1.0
2021-09-008,2021-09-10,CNSHA-NLRTM,PSS,200.0,USD,1.0
2021-09-022,2021-09-11,CNSHA-USLAX,BAS,1968.89,USD,1.0
2021-09-022,2021-09-11,CNSHA-USLAX,BAF,461.42,USD,1.0
2021-09-022,2021-09-11,CNSHA-USLAX,THC,216.56,EUR,1.0924
2021-09-022,2021-09-11,CNSHA-USLAX,DOC,45.0,USD,1.0
2021-09-022,2021-09-11,CNSHA-USLAX,PSS,200.0,USD,1.0
2021-09-002,2021-09-12,CNSHA-USLAX,BAS,2007.86,USD,1.0
2021-09-002,2021-09-12,CNSHA-USLAX,BAF,419.66,USD,1.0
2021-09-002,2021-09-12,CNSHA-USLAX,THC,222.29,EUR,1.0924
2021-09-002,2021-09-12,CNSHA-USLAX,DOC,45.0,USD,1.0
2021-09-002,2021-09-12,CNSHA-USLAX,PSS,200.0,USD,1.0
2021-09-017,2021-09-12,CNSHA-USLAX,BAS,2002.17,USD,1.0
2021-09-017,2021-09-12,CNSHA-USLAX,BAF,377.81,USD,1.0
2021-09-017,2021-09-12,CNSHA-USLAX,THC,220.08,EUR,1.0924
2021-09-017,2021-09-12,CNSHA-USLAX,DOC,45.0,USD,1.0
2021-09-017,2021-09-12,CNSHA-USLAX,PSS,200.0,USD,1.0
2021-09-025,2021-09-12,CNSHA-NLRTM,BAS,2477.92,USD,1.0
2021-09-025,2021-09-12,CNSHA-NLRTM,BAF,412.03,USD,1.0
2021-09-025,2021-09-12,CNSHA-NLRTM,THC,209.55,EUR,1.0924
2021-09-025,2021-09-12,CNSHA-NLRTM,DOC,45.0,USD,1.0
2021-09-025,2021-09-12,CNSHA-NLRTM,PSS,200.0,USD,1.0
2021-09-038,2021-09-12,CNSHA-USLAX,BAS,1972.11,USD,1.0
2021-09-038,2021-09-12,CNSHA-USLAX,BAF,425.35,USD,1.0
2021-09-038,2021-09-12,CNSHA-USLAX,THC,210.26,EUR,1.0924
2021-09-038,2021-09-12,CNSHA-USLAX,DOC,45.0,USD,1.0
2021-09-038,2021-09-12,CNSHA-USLAX,PSS,200.0,USD,1.0
2021-09-041,2021-09-12,CNSHA-NLRTM,BAS,2470.4,USD,1.0
2021-09-041,2021-09-12,CNSHA-NLRTM,BAF,431.93,USD,1.0
2021-09-041,2021-09-12,CNSHA-NLRTM,THC,221.14,EUR,1.0924
2021-09-041,2021-09-12,CNSHA-NLRTM,DOC,45.0,USD,1.0
2021-09-041,2021-09-12,CNSHA-NLRTM,PSS,200.0,USD,1.0
2021-09-014,2021-09-13,CNSHA-NLRTM,BAS,2485.72,USD,1.0
2021-09-014,2021-09-13,CNSHA-NLRTM,BAF,446.18,USD,1.0
2021-09-014,2021-09-13,CNSHA-NLRTM,THC,224.65,EUR,1.0924
2021-09-014,2021-09-13,CNSHA-NLRTM,DOC,45.0,USD,1.0
2021-09-014,2021-09-13,CNSHA-NLRTM,PSS,200.0,USD,1.0
2021-09-016,2021-09-14,CNSHA-NLRTM,BAS,2477.13,USD,1.0
2021-09-016,2021-09-14,CNSHA-NLRTM,BAF,424.38,USD,1.0
2021-09-016,2021-09-14,CNSHA-NLRTM,THC,225.87,EUR,1.0924
2021-09-016,2021-09-14,CNSHA-NLRTM,DOC,45.0,USD,1.0
2021-09-016,2021-09-14,CNSHA-NLRTM,PSS,200.0,USD,1.0
2021-09-036,2021-09-14,CNSHA-USLAX,BAS,1952.16,USD,1.0
2021-09-036,2021-09-14,CNSHA-USLAX,BAF,440.14,USD,1.0
2021-09-036,2021-09-14,CNSHA-USLAX,THC,231.34,EUR,1.0924
2021-09-036,2021-09-14,CNSHA-USLAX,DOC,45.0,USD,1.0
2021-09-036,2021-09-14,CNSHA-USLAX,PSS,200.0,USD,1.0
2021-09-037,2021-09-14,CNSHA-USLAX,BAS,1968.53,USD,1.0
2021-09-037,2021-09-14,CNSHA-USLAX,BAF,402.73,USD,1.0
2021-09-037,2021-09-14,CNSHA-USLAX,THC,220.16,EUR,1.0924
2021-09-037,2021-09-14,CNSHA-USLAX,DOC,45.0,USD,1.0
2021-09-037,2021-09-14,CNSHA-USLAX,PSS,200.0,USD,1.0
2021-09-040,2021-09-15,CNSHA-NLRTM,BAS,2480.48,USD,1.0
2021-09-040,2021-09-15,CNSHA-NLRTM,BAF,405.28,USD,1.0
2021-09-040,2021-09-15,CNSHA-NLRTM,THC,205.53,EUR,1.0924
2021-09-040,2021-09-15,CNSHA-NLRTM,DOC,45.0,USD,1.0
2021-09-040,2021-09-15,CNSHA-NLRTM,PSS,200.0,USD,1.0
2021-09-049,2021-09-15,CNSHA-NLRTM,BAS,2454.37,USD,1.0
2021-09-049,2021-09-15,CNSHA-NLRTM,BAF,402.56,USD,1.0
2021-09-049,2021-09-15,CNSHA-NLRTM,THC,227.31,EUR,1.0924
2021-09-049,2021-09-15,CNSHA-NLRTM,DOC,45.0,USD,1.0
2021-09-049,2021-09-15,CNSHA-NLRTM,PSS,200.0,USD,1.0
2021-09-055,2021-09-16,CNSHA-NLRTM,BAS,2459.11,USD,1.0
2021-09-055,2021-09-16,CNSHA-NLRTM,BAF,425.11,USD,1.0
2021-09-055,2021-09-16,CNSHA-NLRTM,THC,223.15,EUR,1.0924
2021-09-055,2021-09-16,CNSHA-NLRTM,DOC,45.0,USD,1.0
2021-09-055,2021-09-16,CNSHA-NLRTM,PSS,200.0,USD,1.0
2021-09-056,2021-09-16,CNSHA-USLAX,BAS,1971.11,USD,1.0
2021-09-056,2021-09-16,CNSHA-USLAX,BAF,454.91,USD,1.0
2021-09-056,2021-09-16,CNSHA-USLAX,THC,221.32,EUR,1.0924
2021-09-056,2021-09-16,CNSHA-USLAX,DOC,45.0,USD,1.0
2021-09-056,2021-09-16,CNSHA-USLAX,PSS,200.0,USD,1.0
2021-09-018,2021-09-17,CNSHA-USLAX,BAS,1976.64,USD,1.0
2021-09-018,2021-09-17,CNSHA-USLAX,BAF,405.89,USD,1.0
2021-09-018,2021-09-17,CNSHA-USLAX,THC,215.17,EUR,1.0924
2021-09-018,2021-09-17,CNSHA-USLAX,DOC,45.0,USD,1.0
2021-09-018,2021-09-17,CNSHA-USLAX,PSS,200.0,USD,1.0
2021-09-023,2021-09-17,CNSHA-NLRTM,BAS,2504.59,USD,1.0
2021-09-023,2021-09-17,CNSHA-NLRTM,BAF,425.94,USD,1.0
2021-09-023,2021-09-17,CNSHA-NLRTM,THC,220.41,EUR,1.0924
2021-09-023,2021-09-17,CNSHA-NLRTM,DOC,45.0,USD,1.0
2021-09-023,2021-09-17,CNSHA-NLRTM,PSS,200.0,USD,1.0
2021-09-028,2021-09-18,CNSHA-USLAX,BAS,1990.15,USD,1.0
2021-09-028,2021-09-18,CNSHA-USLAX,BAF,409.62,USD,1.0
2021-09-028,2021-09-18,CNSHA-USLAX,THC,217.27,EUR,1.0924
2021-09-028,2021-09-18,CNSHA-USLAX,DOC,45.0,USD,1.0
2021-09-028,2021-09-18,CNSHA-USLAX,PSS,200.0,USD,1.0
2021-09-045,2021-09-18,CNSHA-NLRTM,BAS,2456.25,USD,1.0
2021-09-045,2021-09-18,CNSHA-NLRTM,BAF,386.62,USD,1.0
2021-09-045,2021-09-18,CNSHA-NLRTM,THC,221.87,EUR,1.0924
2021-09-045,2021-09-18,CNSHA-NLRTM,DOC,45.0,USD,1.0
2021-09-045,2021-09-18,CNSHA-NLRTM,PSS,200.0,USD,1.0
2021-09-051,2021-09-18,CNSHA-USLAX,BAS,1966.45,USD,1.0
2021-09-051,2021-09-18,CNSHA-USLAX,BAF,413.18,USD,1.0
2021-09-051,2021-09-18,CNSHA-USLAX,THC,220.98,EUR,1.0924
2021-09-051,2021-09-18,CNSHA-USLAX,DOC,45.0,USD,1.0
2021-09-051,2021-09-18,CNSHA-USLAX,PSS,200.0,USD,1.0
2021-09-006,2021-09-20,CNSHA-USLAX,BAS,1975.27,USD,1.0
2021-09-006,2021-09-20,CNSHA-USLAX,BAF,429.21,USD,1.0
2021-09-006,2021-09-20,CNSHA-USLAX,THC,222.26,EUR,1.0924
2021-09-006,2021-09-20,CNSHA-USLAX,DOC,45.0,USD,1.0
2021-09-006,2021-09-20,CNSHA-USLAX,PSS,200.0,USD,1.0
2021-09-043,2021-09-20,CNSHA-NLRTM,BAS,2464.5,USD,1.0
2021-09-043,2021-09-20,CNSHA-NLRTM,BAF,435.47,USD,1.0
2021-09-043,2021-09-20,CNSHA-NLRTM,THC,229.07,EUR,1.0924
2021-09-043,2021-09-20,CNSHA-NLRTM,DOC,45.0,USD,1.0
2021-09-043,2021-09-20,CNSHA-NLRTM,PSS,200.0,USD,1.0
2021-09-053,2021-09-20,CNSHA-USLAX,BAS,1962.0,USD,1.0
2021-09-053,2021-09-20,CNSHA-USLAX,BAF,382.08,USD,1.0
2021-09-053,2021-09-20,CNSHA-USLAX,THC,223.13,EUR,1.0924
2021-09-053,2021-09-20,CNSHA-USLAX,DOC,45.0,USD,1.0
2021-09-053,2021-09-20,CNSHA-USLAX,PSS,200.0,USD,1.0
2021-09-027,2021-09-21,CNSHA-USLAX,BAS,2000.94,USD,1.0
2021-09-027,2021-09-21,CNSHA-USLAX,BAF,419.9,USD,1.0
2021-09-027,2021-09-21,CNSHA-USLAX,THC,219.7,EUR,1.0924
2021-09-027,2021-09-21,CNSHA-USLAX,DOC,45.0,USD,1.0
2021-09-027,2021-09-21,CNSHA-USLAX,PSS,200.0,USD,1.0
2021-09-032,2021-09-21,CNSHA-USLAX,BAS,1954.82,USD,1.0
2021-09-032,2021-09-21,CNSHA-USLAX,BAF,430.39,USD,1.0
2021-09-032,2021-09-21,CNSHA-USLAX,THC,215.19,EUR,1.0924
2021-09-032,2021-09-21,CNSHA-USLAX,DOC,45.0,USD,1.0
2021-09-032,2021-09-21,CNSHA-USLAX,PSS,200.0,USD,1.0
2021-09-004,2021-09-23,CNSHA-USLAX,BAS,1982.71,USD,1.0
2021-09-004,2021-09-23,CNSHA-USLAX,BAF,389.45,USD,1.0
2021-09-004,2021-09-23,CNSHA-USLAX,THC,217.45,EUR,1.0924
2021-09-004,2021-09-23,CNSHA-USLAX,DOC,45.0,USD,1.0
2021-09-004,2021-09-23,CNSHA-USLAX,PSS,200.0,USD,1.0
2021-09-042,2021-09-23,CNSHA-USLAX,BAS,1937.29,USD,1.0
2021-09-042,2021-09-23,CNSHA-USLAX,BAF,429.53,USD,1.0
2021-09-042,2021-09-23,CNSHA-USLAX,THC,231.53,EUR,1.0924
2021-09-042,2021-09-23,CNSHA-USLAX,DOC,45.0,USD,1.0
2021-09-042,2021-09-23,CNSHA-USLAX,PSS,200.0,USD,1.0
2021-09-011,2021-09-24,CNSHA-USLAX,BAS,1967.31,USD,1.0
2021-09-011,2021-09-24,CNSHA-USLAX,BAF,441.68,USD,1.0
2021-09-011,2021-09-24,CNSHA-USLAX,THC,208.78,EUR,1.0924
2021-09-011,2021-09-24,CNSHA-USLAX,DOC,45.0,USD,1.0
2021-09-011,2021-09-24,CNSHA-USLAX,PSS,200.0,USD,1.0
2021-09-033,2021-09-24,CNSHA-USLAX,BAS,1939.51,USD,1.0
2021-09-033,2021-09-24,CNSHA-USLAX,BAF,431.7,USD,1.0
2021-09-033,2021-09-24,CNSHA-USLAX,THC,209.48,EUR,1.0924
2021-09-033,2021-09-24,CNSHA-USLAX,DOC,45.0,USD,1.0
2021-09-033,2021-09-24,CNSHA-USLAX,PSS,200.0,USD,1.0
2021-09-035,2021-09-24,CNSHA-USLAX,BAS,1976.38,USD,1.0
2021-09-035,2021-09-24,CNSHA-USLAX,BAF,407.22,USD,1.0
2021-09-035,2021-09-24,CNSHA-USLAX,THC,220.53,EUR,1.0924
2021-09-035,2021-09-24,CNSHA-USLAX,DOC,45.0,USD,1.0
2021-09-035,2021-09-24,CNSHA-USLAX,PSS,200.0,USD,1.0
2021-09-054,2021-09-24,CNSHA-NLRTM,BAS,2459.99,USD,1.0
2021-09-054,2021-09-24,CNSHA-NLRTM,BAF,425.05,USD,1.0
2021-09-054,2021-09-24,CNSHA-NLRTM,THC,223.41,EUR,1.0924
2021-09-054,2021-09-24,CNSHA-NLRTM,DOC,45.0,USD,1.0
2021-09-054,2021-09-24,CNSHA-NLRTM,PSS,200.0,USD,1.0
2021-09-007,2021-09-25,CNSHA-NLRTM,BAS,2407.91,USD,1.0
2021-09-007,2021-09-25,CNSHA-NLRTM,BAF,395.21,USD,1.0
2021-09-007,2021-09-25,CNSHA-NLRTM,THC,230.18,EUR,1.0924
2021-09-007,2021-09-25,CNSHA-NLRTM,DOC,45.0,USD,1.0
2021-09-007,2021-09-25,CNSHA-NLRTM,PSS,200.0,USD,1.0
2021-09-046,2021-09-25,CNSHA-USLAX,BAS,1953.92,USD,1.0
2021-09-046,2021-09-25,CNSHA-USLAX,BAF,425.96,USD,1.0
2021-09-046,2021-09-25,CNSHA-USLAX,THC,217.41,EUR,1.0924
2021-09-046,2021-09-25,CNSHA-USLAX,DOC,45.0,USD,1.0
2021-09-046,2021-09-25,CNSHA-USLAX,PSS,200.0,USD,1.0
2021-09-052,2021-09-25,CNSHA-NLRTM,BAS,2539.94,USD,1.0
2021-09-052,2021-09-25,CNSHA-NLRTM,BAF,432.81,USD,1.0
2021-09-052,2021-09-25,CNSHA-NLRTM,THC,222.53,EUR,1.0924
2021-09-052,2021-09-25,CNSHA-NLRTM,DOC,45.0,USD,1.0
2021-09-052,2021-09-25,CNSHA-NLRTM,PSS,200.0,USD,1.0
2021-09-024,2021-09-26,CNSHA-USLAX,BAS,1970.48,USD,1.0
2021-09-024,2021-09-26,CNSHA-USLAX,BAF,419.04,USD,1.0
2021-09-024,2021-09-26,CNSHA-USLAX,THC,214.73,EUR,1.0924
2021-09-024,2021-09-26,CNSHA-USLAX,DOC,45.0,USD,1.0
2021-09-024,2021-09-26,CNSHA-USLAX,PSS,200.0,USD,1.0
2021-09-034,2021-09-26,CNSHA-NLRTM,BAS,2497.89,USD,1.0
2021-09-034,2021-09-26,CNSHA-NLRTM,BAF,392.48,USD,1.0
2021-09-034,2021-09-26,CNSHA-NLRTM,THC,215.73,EUR,1.0924
2021-09-034,2021-09-26,CNSHA-NLRTM,DOC,45.0,USD,1.0
2021-09-034,2021-09-26,CNSHA-NLRTM,PSS,200.0,USD,1.0
2021-09-021,2021-09-27,CNSHA-USLAX,BAS,2004.55,USD,1.0
2021-09-021,2021-09-27,CNSHA-USLAX,BAF,407.47,USD,1.0
2021-09-021,2021-09-27,CNSHA-USLAX,THC,228.52,EUR,1.0924
2021-09-021,2021-09-27,CNSHA-USLAX,DOC,45.0,USD,1.0
2021-09-021,2021-09-27,CNSHA-USLAX,PSS,200.0,USD,1.0
2021-09-029,2021-09-27,CNSHA-NLRTM,BAS,2476.82,USD,1.0
2021-09-029,2021-09-27,CNSHA-NLRTM,BAF,424.45,USD,1.0
2021-09-029,2021-09-27,CNSHA-NLRTM,THC,219.35,EUR,1.0924
2021-09-029,2021-09-27,CNSHA-NLRTM,DOC,45.0,USD,1.0
2021-09-029,2021-09-27,CNSHA-NLRTM,PSS,200.0,USD,1.0
2021-09-039,2021-09-28,CNSHA-USLAX,BAS,2001.14,USD,1.0
2021-09-039,2021-09-28,CNSHA-USLAX,BAF,414.06,USD,1.0
2021-09-039,2021-09-28,CNSHA-USLAX,THC,222.81,EUR,1.0924
2021-09-039,2021-09-28,CNSHA-USLAX,DOC,45.0,USD,1.0
2021-09-039,2021-09-28,CNSHA-USLAX,PSS,200.0,USD,1.0
2021-10-033,2021-10-01,CNSHA-NLRTM,BAS,2523.64,USD,1.0
2021-10-033,2021-10-01,CNSHA-NLRTM,BAF,449.55,USD,1.0
2021-10-033,2021-10-01,CNSHA-NLRTM,THC,213.99,EUR,1.0876
2021-10-033,2021-10-01,CNSHA-NLRTM,DOC,45.0,USD,1.0
2021-10-033,2021-10-01,CNSHA-NLRTM,PSS,200.0,USD,1.0
2021-10-036,2021-10-01,CNSHA-USLAX,BAS,1950.02,USD,1.0
2021-10-036,2021-10-01,CNSHA-USLAX,BAF,369.84,USD,1.0
2021-10-036,2021-10-01,CNSHA-USLAX,THC,216.18,EUR,1.0876
2021-10-036,2021-10-01,CNSHA-USLAX,DOC,45.0,USD,1.0
2021-10-036,2021-10-01,CNSHA-USLAX,PSS,200.0,USD,1.0
2021-10-044,2021-10-01,CNSHA-USLAX,BAS,1963.91,USD,1.0
2021-10-044,2021-10-01,CNSHA-USLAX,BAF,393.97,USD,1.0
2021-10-044,2021-10-01,CNSHA-USLAX,THC,207.94,EUR,1.0876
2021-10-044,2021-10-01,CNSHA-USLAX,DOC,45.0,USD,1.0
2021-10-044,2021-10-01,CNSHA-USLAX,PSS,200.0,USD,1.0
2021-10-049,2021-10-01,CNSHA-NLRTM,BAS,2460.29,USD,1.0
2021-10-049,2021-10-01,CNSHA-NLRTM,BAF,404.98,USD,1.0
2021-10-049,2021-10-01,CNSHA-NLRTM,THC,222.47,EUR,1.0876
2021-10-049,2021-10-01,CNSHA-NLRTM,DOC,45.0,USD,1.0
2021-10-049,2021-10-01,CNSHA-NLRTM,PSS,200.0,USD,1.0
2021-10-000,2021-10-02,CNSHA-USLAX,BAS,1946.08,USD,1.0
2021-10-000,2021-10-02,CNSHA-USLAX,BAF,432.2,USD,1.0
2021-10-000,2021-10-02,CNSHA-USLAX,THC,223.6,EUR,1.0876
2021-10-000,2021-10-02,CNSHA-USLAX,DOC,45.0,USD,1.0
2021-10-000,2021-10-02,CNSHA-USLAX,PSS,200.0,USD,1.0
2021-10-016,2021-10-02,CNSHA-USLAX,BAS,2009.97,USD,1.0
2021-10-016,2021-10-02,CNSHA-USLAX,BAF,405.26,USD,1.0
2021-10-016,2021-10-02,CNSHA-USLAX,THC,220.77,EUR,1.0876
2021-10-016,2021-10-02,CNSHA-USLAX,DOC,45.0,USD,1.0
2021-10-016,2021-10-02,CNSHA-USLAX,PSS,200.0,USD,1.0
2021-10-006,2021-10-03,CNSHA-NLRTM,BAS,2472.6,USD,1.0
2021-10-006,2021-10-03,CNSHA-NLRTM,BAF,406.23,USD,1.0
2021-10-006,2021-10-03,CNSHA-NLRTM,THC,226.5,EUR,1.0876
2021-10-006,2021-10-03,CNSHA-NLRTM,DOC,45.0,USD,1.0
2021-10-006,2021-10-03,CNSHA-NLRTM,PSS,200.0,USD,1.0
2021-10-053,2021-10-03,CNSHA-USLAX,BAS,1977.3,USD,1.0
2021-10-053,2021-10-03,CNSHA-USLAX,BAF,391.86,USD,1.0
2021-10-053,2021-10-03,CNSHA-USLAX,THC,229.31,EUR,1.0876
2021-10-053,2021-10-03,CNSHA-USLAX,DOC,45.0,USD,1.0
2021-10-053,2021-10-03,CNSHA-USLAX,PSS,200.0,USD,1.0
2021-10-005,2021-10-04,CNSHA-NLRTM,BAS,2495.03,USD,1.0
2021-10-005,2021-10-04,CNSHA-NLRTM,BAF,403.58,USD,1.0
2021-10-005,2021-10-04,CNSHA-NLRTM,THC,221.44,EUR,1.0876
2021-10-005,2021-10-04,CNSHA-NLRTM,DOC,45.0,USD,1.0
2021-10-005,2021-10-04,CNSHA-NLRTM,PSS,200.0,USD,1.0
2021-10-004,2021-10-05,CNSHA-USLAX,BAS,1943.05,USD,1.0
2021-10-004,2021-10-05,CNSHA-USLAX,BAF,433.18,USD,1.0
2021-10-004,2021-10-05,CNSHA-USLAX,THC,211.42,EUR,1.0876
2021-10-004,2021-10-05,CNSHA-USLAX,DOC,45.0,USD,1.0
2021-10-004,2021-10-05,CNSHA-USLAX,PSS,200.0,USD,1.0
2021-10-023,2021-10-05,CNSHA-USLAX,BAS,2000.8,USD,1.0
2021-10-023,2021-10-05,CNSHA-USLAX,BAF,375.74,USD,1.0
2021-10-023,2021-10-05,CNSHA-USLAX,THC,214.55,EUR,1.0876
2021-10-023,2021-10-05,CNSHA-USLAX,DOC,45.0,USD,1.0
2021-10-023,2021-10-05,CNSHA-USLAX,PSS,200.0,USD,1.0
2021-10-032,2021-10-05,CNSHA-USLAX,BAS,1997.74,USD,1.0
2021-10-032,2021-10-05,CNSHA-USLAX,BAF,451.46,USD,1.0
2021-10-032,2021-10-05,CNSHA-USLAX,THC,221.55,EUR,1.0876
2021-10-032,2021-10-05,CNSHA-USLAX,DOC,45.0,USD,1.0
2021-10-032,2021-10-05,CNSHA-USLAX,PSS,200.0,USD,1.0
2021-10-048,2021-10-05,CNSHA-USLAX,BAS,1975.32,USD,1.0
2021-10-048,2021-10-05,CNSHA-USLAX,BAF,425.25,USD,1.0
2021-10-048,2021-10-05,CNSHA-USLAX,THC,229.47,EUR,1.0876
2021-10-048,2021-10-05,CNSHA-USLAX,DOC,45.0,USD,1.0
2021-10-048,2021-10-05,CNSHA-USLAX,PSS,200.0,USD,1.0
2021-10-008,2021-10-06,CNSHA-NLRTM,BAS,2435.55,USD,1.0
2021-10-008,2021-10-06,CNSHA-NLRTM,BAF,407.51,USD,1.0
2021-10-008,2021-10-06,CNSHA-NLRTM,THC,209.76,EUR,1.0876
2021-10-008,2021-10-06,CNSHA-NLRTM,DOC,45.0,USD,1.0
2021-10-008,2021-10-06,CNSHA-NLRTM,PSS,200.0,USD,1.0
2021-10-021,2021-10-06,CNSHA-NLRTM,BAS,2500.91,USD,1.0
2021-10-021,2021-10-06,CNSHA-NLRTM,BAF,430.77,USD,1.0
2021-10-021,2021-10-06,CNSHA-NLRTM,THC,220.44,EUR,1.0876
2021-10-021,2021-10-06,CNSHA-NLRTM,DOC,45.0,USD,1.0
2021-10-021,2021-10-06,CNSHA-NLRTM,PSS,200.0,USD,1.0
2021-10-051,2021-10-06,CNSHA-USLAX,BAS,1958.13,USD,1.0
2021-10-051,2021-10-06,CNSHA-USLAX,BAF,395.79,USD,1.0
2021-10-051,2021-10-06,CNSHA-USLAX,THC,221.56,EUR,1.0876
2021-10-051,2021-10-06,CNSHA-USLAX,DOC,45.0,USD,1.0
2021-10-051,2021-10-06,CNSHA-USLAX,PSS,200.0,USD,1.0
2021-10-001,2021-10-08,CNSHA-NLRTM,BAS,2460.1,USD,1.0
2021-10-001,2021-10-08,CNSHA-NLRTM,BAF,407.43,USD,1.0
2021-10-001,2021-10-08,CNSHA-NLRTM,THC,205.74,EUR,1.0876
2021-10-001,2021-10-08,CNSHA-NLRTM,DOC,45.0,USD,1.0
2021-10-001,2021-10-08,CNSHA-NLRTM,PSS,200.0,USD,1.0
2021-10-018,2021-10-08,CNSHA-NLRTM,BAS,2467.2,USD,1.0
2021-10-018,2021-10-08,CNSHA-NLRTM,BAF,413.62,USD,1.0
2021-10-018,2021-10-08,CNSHA-NLRTM,THC,219.31,EUR,1.0876
2021-10-018,2021-10-08,CNSHA-NLRTM,DOC,45.0,USD,1.0
2021-10-018,2021-10-08,CNSHA-NLRTM,PSS,200.0,USD,1.0
2021-10-028,2021-10-08,CNSHA-USLAX,BAS,1985.71,USD,1.0
2021-10-028,2021-10-08,CNSHA-USLAX,BAF,449.42,USD,1.0
2021-10-028,2021-10-08,CNSHA-USLAX,THC,215.58,EUR,1.0876
2021-10-028,2021-10-08,CNSHA-USLAX,DOC,45.0,USD,1.0
2021-10-028,2021-10-08,CNSHA-USLAX,PSS,200.0,USD,1.0
2021-10-031,2021-10-08,CNSHA-USLAX,BAS,1986.74,USD,1.0
2021-10-031,2021-10-08,CNSHA-USLAX,BAF,412.0,USD,1.0
2021-10-031,2021-10-08,CNSHA-USLAX,THC,215.65,EUR,1.0876
2021-10-031,2021-10-08,CNSHA-USLAX,DOC,45.0,USD,1.0
2021-10-031,2021-10-08,CNSHA-USLAX,PSS,200.0,USD,1.0
2021-10-037,2021-10-08,CNSHA-NLRTM,BAS,2449.06,USD,1.0
2021-10-037,2021-10-08,CNSHA-NLRTM,BAF,435.29,USD,1.0
2021-10-037,2021-10-08,CNSHA-NLRTM,THC,223.67,EUR,1.0876
2021-10-037,2021-10-08,CNSHA-NLRTM,DOC,45.0,USD,1.0
2021-10-037,2021-10-08,CNSHA-NLRTM,PSS,200.0,USD,1.0
2021-10-039,2021-10-08,CNSHA-NLRTM,BAS,2489.74,USD,1.0
2021-10-039,2021-10-08,CNSHA-NLRTM,BAF,432.68,USD,1.0
2021-10-039,2021-10-08,CNSHA-NLRTM,THC,214.71,EUR,1.0876
2021-10-039,2021-10-08,CNSHA-NLRTM,DOC,45.0,USD,1.0
2021-10-039,2021-10-08,CNSHA-NLRTM,PSS,200.0,USD,1.0
2021-10-029,2021-10-09,CNSHA-NLRTM,BAS,2474.74,USD,1.0
2021-10-029,2021-10-09,CNSHA-NLRTM,BAF,449.72,USD,1.0
2021-10-029,2021-10-09,CNSHA-NLRTM,THC,229.71,EUR,1.0876
2021-10-029,2021-10-09,CNSHA-NLRTM,DOC,45.0,USD,1.0
2021-10-029,2021-10-09,CNSHA-NLRTM,PSS,200.0,USD,1.0
2021-10-046,2021-10-09,CNSHA-NLRTM,BAS,2465.45,USD,1.0
2021-10-046,2021-10-09,CNSHA-NLRTM,BAF,434.34,USD,1.0
2021-10-046,2021-10-09,CNSHA-NLRTM,THC,215.69,EUR,1.0876
2021-10-046,2021-10-09,CNSHA-NLRTM,DOC,45.0,USD,1.0
2021-10-046,2021-10-09,CNSHA-NLRTM,PSS,200.0,USD,1.0
2021-10-034,2021-10-10,CNSHA-NLRTM,BAS,2438.66,USD,1.0
2021-10-034,2021-10-10,CNSHA-NLRTM,BAF,430.39,USD,1.0
2021-10-034,2021-10-10,CNSHA-NLRTM,THC,211.68,EUR,1.0876
2021-10-034,2021-10-10,CNSHA-NLRTM,DOC,45.0,USD,1.0
2021-10-034,2021-10-10,CNSHA-NLRTM,PSS,200.0,USD,1.0
2021-10-042,2021-10-10,CNSHA-USLAX,BAS,1985.38,USD,1.0
2021-10-042,2021-10-10,CNSHA-USLAX,BAF,426.26,USD,1.0
2021-10-042,2021-10-10,CNSHA-USLAX,THC,227.15,EUR,1.0876
2021-10-042,2021-10-10,CNSHA-USLAX,DOC,45.0,USD,1.0
2021-10-042,2021-10-10,CNSHA-USLAX,PSS,200.0,USD,1.0
2021-10-050,2021-10-11,CNSHA-NLRTM,BAS,2496.07,USD,1.0
2021-10-050,2021-10-11,CNSHA-NLRTM,BAF,418.32,USD,1.0
2021-10-050,2021-10-11,CNSHA-NLRTM,THC,224.07,EUR,1.0876
2021-10-050,2021-10-11,CNSHA-NLRTM,DOC,45.0,USD,1.0
2021-10-050,2021-10-11,CNSHA-NLRTM,PSS,200.0,USD,1.0
2021-10-027,2021-10-12,CNSHA-NLRTM,BAS,2519.88,USD,1.0
2021-10-027,2021-10-12,CNSHA-NLRTM,BAF,431.83,USD,1.0
2021-10-027,2021-10-12,CNSHA-NLRTM,THC,227.94,EUR,1.0876
2021-10-027,2021-10-12,CNSHA-NLRTM,DOC,45.0,USD,1.0
2021-10-027,2021-10-12,CNSHA-NLRTM,PSS,200.0,USD,1.0
2021-10-030,2021-10-13,CNSHA-USLAX,BAS,1974.29,USD,1.0
2021-10-030,2021-10-13,CNSHA-USLAX,BAF,416.48,USD,1.0
2021-10-030,2021-10-13,CNSHA-USLAX,THC,223.27,EUR,1.0876
2021-10-030,2021-10-13,CNSHA-USLAX,DOC,45.0,USD,1.0
2021-10-030,2021-10-13,CNSHA-USLAX,PSS,200.0,USD,1.0
2021-10-010,2021-10-14,CNSHA-USLAX,BAS,1967.31,USD,1.0
2021-10-010,2021-10-14,CNSHA-USLAX,BAF,406.11,USD,1.0
2021-10-010,2021-10-14,CNSHA-USLAX,THC,203.8,EUR,1.0876
2021-10-010,2021-10-14,CNSHA-USLAX,DOC,45.0,USD,1.0
2021-10-010,2021-10-14,CNSHA-USLAX,PSS,200.0,USD,1.0
2021-10-012,2021-10-14,CNSHA-USLAX,BAS,1978.16,USD,1.0
2021-10-012,2021-10-14,CNSHA-USLAX,BAF,401.14,USD,1.0
2021-10-012,2021-10-14,CNSHA-USLAX,THC,232.29,EUR,1.0876
2021-10-012,2021-10-14,CNSHA-USLAX,DOC,45.0,USD,1.0
2021-10-012,2021-10-14,CNSHA-USLAX,PSS,200.0,USD,1.0
2021-10-011,2021-10-15,CNSHA-NLRTM,BAS,2475.25,USD,1.0
2021-10-011,2021-10-15,CNSHA-NLRTM,BAF,407.81,USD,1.0
2021-10-011,2021-10-15,CNSHA-NLRTM,THC,213.49,EUR,1.0876
2021-10-011,2021-10-15,CNSHA-NLRTM,DOC,45.0,USD,1.0
2021-10-011,2021-10-15,CNSHA-NLRTM,PSS,200.0,USD,1.0
2021-10-003,2021-10-16,CNSHA-USLAX,BAS,1993.73,USD,1.0
2021-10-003,2021-10-16,CNSHA-USLAX,BAF,446.43,USD,1.0
2021-10-003,2021-10-16,CNSHA-USLAX,THC,219.03,EUR,1.0876
2021-10-003,2021-10-16,CNSHA-USLAX,DOC,45.0,USD,1.0
2021-10-003,2021-10-16,CNSHA-USLAX,PSS,200.0,USD,1.0
2021-10-013,2021-10-16,CNSHA-NLRTM,BAS,2477.95,USD,1.0
2021-10-013,2021-10-16,CNSHA-NLRTM,BAF,405.41,USD,1.0
2021-10-013,2021-10-16,CNSHA-NLRTM,THC,213.48,EUR,1.0876
2021-10-013,2021-10-16,CNSHA-NLRTM,DOC,45.0,USD,1.0
2021-10-013,2021-10-16,CNSHA-NLRTM,PSS,200.0,USD,1.0
2021-10-025,2021-10-16,CNSHA-NLRTM,BAS,2462.6,USD,1.0
2021-10-025,2021-10-16,CNSHA-NLRTM,BAF,409.48,USD,1.0
2021-10-025,2021-10-16,CNSHA-NLRTM,THC,215.38,EUR,1.0876
2021-10-025,2021-10-16,CNSHA-NLRTM,DOC,45.0,USD,1.0
2021-10-025,2021-10-16,CNSHA-NLRTM,PSS,200.0,USD,1.0
2021-10-007,2021-10-17,CNSHA-NLRTM,BAS,2482.44,USD,1.0
2021-10-007,2021-10-17,CNSHA-NLRTM,BAF,422.18,USD,1.0
2021-10-007,2021-10-17,CNSHA-NLRTM,THC,224.89,EUR,1.0876
2021-10-007,2021-10-17,CNSHA-NLRTM,DOC,45.0,USD,1.0
2021-10-007,2021-10-17,CNSHA-NLRTM,PSS,200.0,USD,1.0
2021-10-014,2021-10-17,CNSHA-USLAX,BAS,1976.38,USD,1.0
2021-10-014,2021-10-17,CNSHA-USLAX,BAF,430.63,USD,1.0
2021-10-014,2021-10-17,CNSHA-USLAX,THC,216.28,EUR,1.0876
2021-10-014,2021-10-17,CNSHA-USLAX,DOC,45.0,USD,1.0
2021-10-014,2021-10-17,CNSHA-USLAX,PSS,200.0,USD,1.0
2021-10-019,2021-10-17,CNSHA-NLRTM,BAS,2507.92,USD,1.0
2021-10-019,2021-10-17,CNSHA-NLRTM,BAF,408.46,USD,1.0
2021-10-019,2021-10-17,CNSHA-NLRTM,THC,215.44,EUR,1.0876
2021-10-019,2021-10-17,CNSHA-NLRTM,DOC,45.0,USD,1.0
2021-10-019,2021-10-17,CNSHA-NLRTM,PSS,200.0,USD,1.0
2021-10-035,2021-10-17,CNSHA-NLRTM,BAS,2461.82,USD,1.0
2021-10-035,2021-10-17,CNSHA-NLRTM,BAF,442.3,USD,1.0
2021-10-035,2021-10-17,CNSHA-NLRTM,THC,224.1,EUR,1.0876
2021-10-035,2021-10-17,CNSHA-NLRTM,DOC,45.0,USD,1.0
2021-10-035,2021-10-17,CNSHA-NLRTM,PSS,200.0,USD,1.0
2021-10-020,2021-10-18,CNSHA-NLRTM,BAS,2455.38,USD,1.0
2021-10-020,2021-10-18,CNSHA-NLRTM,BAF,393.94,USD,1.0
2021-10-020,2021-10-18,CNSHA-NLRTM,THC,218.82,EUR,1.0876
2021-10-020,2021-10-18,CNSHA-NLRTM,DOC,45.0,USD,1.0
2021-10-020,2021-10-18,CNSHA-NLRTM,PSS,200.0,USD,1.0
2021-10-043,2021-10-18,CNSHA-NLRTM,BAS,2449.42,USD,1.0
2021-10-043,2021-10-18,CNSHA-NLRTM,BAF,422.66,USD,1.0
2021-10-043,2021-10-18,CNSHA-NLRTM,THC,222.57,EUR,1.0876
2021-10-043,2021-10-18,CNSHA-NLRTM,DOC,45.0,USD,1.0
2021-10-043,2021-10-18,CNSHA-NLRTM,PSS,200.0,USD,1.0
2021-10-045,2021-10-18,CNSHA-NLRTM,BAS,2469.69,USD,1.0
2021-10-045,2021-10-18,CNSHA-NLRTM,BAF,413.38,USD,1.0
2021-10-045,2021-10-18,CNSHA-NLRTM,THC,205.09,EUR,1.0876
2021-10-045,2021-10-18,CNSHA-NLRTM,DOC,45.0,USD,1.0
2021-10-045,2021-10-18,CNSHA-NLRTM,PSS,200.0,USD,1.0
2021-10-009,2021-10-19,CNSHA-NLRTM,BAS,2505.73,USD,1.0
2021-10-009,2021-10-19,CNSHA-NLRTM,BAF,415.72,USD,1.0
2021-10-009,2021-10-19,CNSHA-NLRTM,THC,230.27,EUR,1.0876
2021-10-009,2021-10-19,CNSHA-NLRTM,DOC,45.0,USD,1.0
2021-10-009,2021-10-19,CNSHA-NLRTM,PSS,200.0,USD,1.0
2021-10-054,2021-10-20,CNSHA-NLRTM,BAS,2476.18,USD,1.0
2021-10-054,2021-10-20,CNSHA-NLRTM,BAF,421.05,USD,1.0
2021-10-054,2021-10-20,CNSHA-NLRTM,THC,222.15,EUR,1.0876
2021-10-054,2021-10-20,CNSHA-NLRTM,DOC,45.0,USD,1.0
2021-10-054,2021-10-20,CNSHA-NLRTM,PSS,200.0,USD,1.0
2021-10-055,2021-10-20,CNSHA-USLAX,BAS,1971.5,USD,1.0
2021-10-055,2021-10-20,CNSHA-USLAX,BAF,406.26,USD,1.0
2021-10-055,2021-10-20,CNSHA-USLAX,THC,214.84,EUR,1.0876
2021-10-055,2021-10-20,CNSHA-USLAX,DOC,45.0,USD,1.0
2021-10-055,2021-10-20,CNSHA-USLAX,PSS,200.0,USD,1.0
2021-10-002,2021-10-22,CNSHA-USLAX,BAS,1962.53,USD,1.0
2021-10-002,2021-10-22,CNSHA-USLAX,BAF,413.04,USD,1.0
2021-10-002,2021-10-22,CNSHA-USLAX,THC,218.58,EUR,1.0876
2021-10-002,2021-10-22,CNSHA-USLAX,DOC,45.0,USD,1.0
2021-10-002,2021-10-22,CNSHA-USLAX,PSS,200.0,USD,1.0
2021-10-015,2021-10-22,CNSHA-NLRTM,BAS,2435.78,USD,1.0
2021-10-015,2021-10-22,CNSHA-NLRTM,BAF,401.57,USD,1.0
2021-10-015,2021-10-22,CNSHA-NLRTM,THC,207.12,EUR,1.0876
2021-10-015,2021-10-22,CNSHA-NLRTM,DOC,45.0,USD,1.0
2021-10-015,2021-10-22,CNSHA-NLRTM,PSS,200.0,USD,1.0
2021-10-038,2021-10-22,CNSHA-NLRTM,BAS,2479.01,USD,1.0
2021-10-038,2021-10-22,CNSHA-NLRTM,BAF,424.41,USD,1.0
2021-10-038,2021-10-22,CNSHA-NLRTM,THC,211.3,EUR,1.0876
2021-10-038,2021-10-22,CNSHA-NLRTM,DOC,45.0,USD,1.0
2021-10-038,2021-10-22,CNSHA-NLRTM,PSS,200.0,USD,1.0
2021-10-026,2021-10-23,CNSHA-NLRTM,BAS,2477.58,USD,1.0
2021-10-026,2021-10-23,CNSHA-NLRTM,BAF,441.95,USD,1.0
2021-10-026,2021-10-23,CNSHA-NLRTM,THC,227.72,EUR,1.0876
2021-10-026,2021-10-23,CNSHA-NLRTM,DOC,45.0,USD,1.0
2021-10-026,2021-10-23,CNSHA-NLRTM,PSS,200.0,USD,1.0
2021-10-040,2021-10-24,CNSHA-USLAX,BAS,1945.62,USD,1.0
2021-10-040,2021-10-24,CNSHA-USLAX,BAF,414.2,USD,1.0
2021-10-040,2021-10-24,CNSHA-USLAX,THC,218.91,EUR,1.0876
2021-10-040,2021-10-24,CNSHA-USLAX,DOC,45.0,USD,1.0
2021-10-040,2021-10-24,CNSHA-USLAX,PSS,200.0,USD,1.0
2021-10-047,2021-10-24,CNSHA-USLAX,BAS,2001.86,USD,1.0
2021-10-047,2021-10-24,CNSHA-USLAX,BAF,437.16,USD,1.0
2021-10-047,2021-10-24,CNSHA-USLAX,THC,225.72,EUR,1.0876
2021-10-047,2021-10-24,CNSHA-USLAX,DOC,45.0,USD,1.0
2021-10-047,2021-10-24,CNSHA-USLAX,PSS,200.0,USD,1.0
2021-10-017,2021-10-26,CNSHA-USLAX,BAS,2002.72,USD,1.0
2021-10-017,2021-10-26,CNSHA-USLAX,BAF,431.26,USD,1.0
2021-10-017,2021-10-26,CNSHA-USLAX,THC,224.68,EUR,1.0876
2021-10-017,2021-10-26,CNSHA-USLAX,DOC,45.0,USD,1.0
2021-10-017,2021-10-26,CNSHA-USLAX,PSS,200.0,USD,1.0
2021-10-041,2021-10-26,CNSHA-USLAX,BAS,1981.21,USD,1.0
2021-10-041,2021-10-26,CNSHA-USLAX,BAF,420.83,USD,1.0
2021-10-041,2021-10-26,CNSHA-USLAX,THC,210.19,EUR,1.0876
2021-10-041,2021-10-26,CNSHA-USLAX,DOC,45.0,USD,1.0
2021-10-041,2021-10-26,CNSHA-USLAX,PSS,200.0,USD,1.0
2021-10-022,2021-10-27,CNSHA-USLAX,BAS,1950.66,USD,1.0
2021-10-022,2021-10-27,CNSHA-USLAX,BAF,424.58,USD,1.0
2021-10-022,2021-10-27,CNSHA-USLAX,THC,226.24,EUR,1.0876
2021-10-022,2021-10-27,CNSHA-USLAX,DOC,45.0,USD,1.0
2021-10-022,2021-10-27,CNSHA-USLAX,PSS,200.0,USD,1.0
2021-10-024,2021-10-27,CNSHA-NLRTM,BAS,2472.26,USD,1.0
2021-10-024,2021-10-27,CNSHA-NLRTM,BAF,447.6,USD,1.0
2021-10-024,2021-10-27,CNSHA-NLRTM,THC,213.0,EUR,1.0876
2021-10-024,2021-10-27,CNSHA-NLRTM,DOC,45.0,USD,1.0
2021-10-024,2021-10-27,CNSHA-NLRTM,PSS,200.0,USD,1.0
2021-10-052,2021-10-27,CNSHA-NLRTM,BAS,2501.65,USD,1.0
2021-10-052,2021-10-27,CNSHA-NLRTM,BAF,431.26,USD,1.0
2021-10-052,2021-10-27,CNSHA-NLRTM,THC,229.21,EUR,1.0876
2021-10-052,2021-10-27,CNSHA-NLRTM,DOC,45.0,USD,1.0
2021-10-052,2021-10-27,CNSHA-NLRTM,PSS,200.0,USD,1.0
2021-11-025,2021-11-01,CNSHA-NLRTM,BAS,2491.52,USD,1.0
2021-11-025,2021-11-01,CNSHA-NLRTM,BAF,355.79,USD,1.0
2021-11-025,2021-11-01,CNSHA-NLRTM,THC,219.33,EUR,1.0829
2021-11-025,2021-11-01,CNSHA-NLRTM,DOC,45.0,USD,1.0
2021-11-056,2021-11-01,CNSHA-NLRTM,BAS,2503.39,USD,1.0
2021-11-056,2021-11-01,CNSHA-NLRTM,BAF,366.42,USD,1.0
2021-11-056,2021-11-01,CNSHA-NLRTM,THC,223.92,EUR,1.0829
2021-11-056,2021-11-01,CNSHA-NLRTM,DOC,45.0,USD,1.0
2021-11-001,2021-11-02,CNSHA-NLRTM,BAS,2458.79,USD,1.0
2021-11-001,2021-11-02,CNSHA-NLRTM,BAF,422.3,USD,1.0
2021-11-001,2021-11-02,CNSHA-NLRTM,THC,222.29,EUR,1.0829
2021-11-001,2021-11-02,CNSHA-NLRTM,DOC,45.0,USD,1.0
2021-11-019,2021-11-02,CNSHA-USLAX,BAS,1985.5,USD,1.0
2021-11-019,2021-11-02,CNSHA-USLAX,BAF,441.26,USD,1.0
2021-11-019,2021-11-02,CNSHA-USLAX,THC,224.68,EUR,1.0829
2021-11-019,2021-11-02,CNSHA-USLAX,DOC,45.0,USD,1.0
2021-11-021,2021-11-02,CNSHA-NLRTM,BAS,2483.55,USD,1.0
2021-11-021,2021-11-02,CNSHA-NLRTM,BAF,402.97,USD,1.0
2021-11-021,2021-11-02,CNSHA-NLRTM,THC,215.66,EUR,1.0829
2021-11-021,2021-11-02,CNSHA-NLRTM,DOC,45.0,USD,1.0
2021-11-031,2021-11-02,CNSHA-NLRTM,BAS,2521.54,USD,1.0
2021-11-031,2021-11-02,CNSHA-NLRTM,BAF,445.77,USD,1.0
2021-11-031,2021-11-02,CNSHA-NLRTM,THC,213.85,EUR,1.0829
2021-11-031,2021-11-02,CNSHA-NLRTM,DOC,45.0,USD,1.0
2021-11-027,2021-11-03,CNSHA-NLRTM,BAS,2463.49,USD,1.0
2021-11-027,2021-11-03,CNSHA-NLRTM,BAF,443.76,USD,1.0
2021-11-027,2021-11-03,CNSHA-NLRTM,THC,225.62,EUR,1.0829
2021-11-027,2021-11-03,CNSHA-NLRTM,DOC,45.0,USD,1.0
2021-11-029,2021-11-03,CNSHA-USLAX,BAS,2008.91,USD,1.0
2021-11-029,2021-11-03,CNSHA-USLAX,BAF,401.48,USD,1.0
2021-11-029,2021-11-03,CNSHA-USLAX,THC,227.7,EUR,1.0829
2021-11-029,2021-11-03,CNSHA-USLAX,DOC,45.0,USD,1.0
2021-11-053,2021-11-03,CNSHA-NLRTM,BAS,2509.19,USD,1.0
2021-11-053,2021-11-03,CNSHA-NLRTM,BAF,390.75,USD,1.0
2021-11-053,2021-11-03,CNSHA-NLRTM,THC,215.38,EUR,1.0829
2021-11-053,2021-11-03,CNSHA-NLRTM,DOC,45.0,USD,1.0
2021-11-045,2021-11-05,CNSHA-USLAX,BAS,2013.4,USD,1.0
2021-11-045,2021-11-05,CNSHA-USLAX,BAF,438.65,USD,1.0
2021-11-045,2021-11-05,CNSHA-USLAX,THC,230.55,EUR,1.0829
2021-11-045,2021-11-05,CNSHA-USLAX,DOC,45.0,USD,1.0
2021-11-037,2021-11-06,CNSHA-NLRTM,BAS,2504.2,USD,1.0
2021-11-037,2021-11-06,CNSHA-NLRTM,BAF,452.26,USD,1.0
2021-11-037,2021-11-06,CNSHA-NLRTM,THC,212.56,EUR,1.0829
2021-11-037,2021-11-06,CNSHA-NLRTM,DOC,45.0,USD,1.0
2021-11-038,2021-11-06,CNSHA-NLRTM,BAS,2506.71,USD,1.0
2021-11-038,2021-11-06,CNSHA-NLRTM,BAF,479.22,USD,1.0
2021-11-038,2021-11-06,CNSHA-NLRTM,THC,209.66,EUR,1.0829
2021-11-038,2021-11-06,CNSHA-NLRTM,DOC,45.0,USD,1.0
2021-11-050,2021-11-06,CNSHA-NLRTM,BAS,2458.63,USD,1.0
2021-11-050,2021-11-06,CNSHA-NLRTM,BAF,421.38,USD,1.0
2021-11-050,2021-11-06,CNSHA-NLRTM,THC,221.09,EUR,1.0829
2021-11-050,2021-11-06,CNSHA-NLRTM,DOC,45.0,USD,1.0
2021-11-012,2021-11-07,CNSHA-USLAX,BAS,1994.34,USD,1.0
2021-11-012,2021-11-07,CNSHA-USLAX,BAF,462.01,USD,1.0
2021-11-012,2021-11-07,CNSHA-USLAX,THC,211.57,EUR,1.0829
2021-11-012,2021-11-07,CNSHA-USLAX,DOC,45.0,USD,1.0
2021-11-040,2021-11-07,CNSHA-USLAX,BAS,1988.1,USD,1.0
2021-11-040,2021-11-07,CNSHA-USLAX,BAF,449.4,USD,1.0
2021-11-040,2021-11-07,CNSHA-USLAX,THC,224.28,EUR,1.0829
2021-11-040,2021-11-07,CNSHA-USLAX,DOC,45.0,USD,1.0
2021-11-054,2021-11-08,CNSHA-NLRTM,BAS,2444.95,USD,1.0
2021-11-054,2021-11-08,CNSHA-NLRTM,BAF,398.45,USD,1.0
2021-11-054,2021-11-08,CNSHA-NLRTM,THC,225.13,EUR,1.0829
2021-11-054,2021-11-08,CNSHA-NLRTM,DOC,45.0,USD,1.0
2021-11-003,2021-11-09,CNSHA-NLRTM,BAS,2474.01,USD,1.0
2021-11-003,2021-11-09,CNSHA-NLRTM,BAF,398.3,USD,1.0
2021-11-003,2021-11-09,CNSHA-NLRTM,THC,215.18,EUR,1.0829
2021-11-003,2021-11-09,CNSHA-NLRTM,DOC,45.0,USD,1.0
2021-11-014,2021-11-09,CNSHA-NLRTM,BAS,2469.78,USD,1.0
2021-11-014,2021-11-09,CNSHA-NLRTM,BAF,452.04,USD,1.0
2021-11-014,2021-11-09,CNSHA-NLRTM,THC,216.84,EUR,1.0829
2021-11-014,2021-11-09,CNSHA-NLRTM,DOC,45.0,USD,1.0
2021-11-020,2021-11-09,CNSHA-USLAX,BAS,1967.71,USD,1.0
2021-11-020,2021-11-09,CNSHA-USLAX,BAF,461.03,USD,1.0
2021-11-020,2021-11-09,CNSHA-USLAX,THC,213.27,EUR,1.0829
2021-11-020,2021-11-09,CNSHA-USLAX,DOC,45.0,USD,1.0
2021-11-000,2021-11-10,CNSHA-NLRTM,BAS,2468.68,USD,1.0
2021-11-000,2021-11-10,CNSHA-NLRTM,BAF,396.47,USD,1.0
2021-11-000,2021-11-10,CNSHA-NLRTM,THC,212.17,EUR,1.0829
2021-11-000,2021-11-10,CNSHA-NLRTM,DOC,45.0,USD,1.0
2021-11-008,2021-11-10,CNSHA-NLRTM,BAS,2484.78,USD,1.0
2021-11-008,2021-11-10,CNSHA-NLRTM,BAF,452.5,USD,1.0
2021-11-008,2021-11-10,CNSHA-NLRTM,THC,216.51,EUR,1.0829
2021-11-008,2021-11-10,CNSHA-NLRTM,DOC,45.0,USD,1.0
2021-11-023,2021-11-10,CNSHA-NLRTM,BAS,2533.76,USD,1.0
2021-11-023,2021-11-10,CNSHA-NLRTM,BAF,431.52,USD,1.0
2021-11-023,2021-11-10,CNSHA-NLRTM,THC,220.92,EUR,1.0829
2021-11-023,2021-11-10,CNSHA-NLRTM,DOC,45.0,USD,1.0
2021-11-030,2021-11-10,CNSHA-USLAX,BAS,1990.88,USD,1.0
2021-11-030,2021-11-10,CNSHA-USLAX,BAF,445.17,USD,1.0
2021-11-030,2021-11-10,CNSHA-USLAX,THC,212.99,EUR,1.0829
2021-11-030,2021-11-10,CNSHA-USLAX,DOC,45.0,USD,1.0
2021-11-034,2021-11-10,CNSHA-USLAX,BAS,1979.61,USD,1.0
2021-11-034,2021-11-10,CNSHA-USLAX,BAF,371.59,USD,1.0
2021-11-034,2021-11-10,CNSHA-USLAX,THC,227.43,EUR,1.0829
2021-11-034,2021-11-10,CNSHA-USLAX,DOC,45.0,USD,1.0
2021-11-042,2021-11-10,CNSHA-NLRTM,BAS,2488.88,USD,1.0
2021-11-042,2021-11-10,CNSHA-NLRTM,BAF,432.22,USD,1.0
2021-11-042,2021-11-10,CNSHA-NLRTM,THC,210.92,EUR,1.0829
2021-11-042,2021-11-10,CNSHA-NLRTM,DOC,45.0,USD,1.0
2021-11-022,2021-11-11,CNSHA-NLRTM,BAS,2512.85,USD,1.0
2021-11-022,2021-11-11,CNSHA-NLRTM,BAF,433.76,USD,1.0
2021-11-022,2021-11-11,CNSHA-NLRTM,THC,200.57,EUR,1.0829
2021-11-022,2021-11-11,CNSHA-NLRTM,DOC,45.0,USD,1.0
2021-11-026,2021-11-11,CNSHA-NLRTM,BAS,2553.72,USD,1.0
2021-11-026,2021-11-11,CNSHA-NLRTM,BAF,443.92,USD,1.0
2021-11-026,2021-11-11,CNSHA-NLRTM,THC,226.11,EUR,1.0829
2021-11-026,2021-11-11,CNSHA-NLRTM,DOC,45.0,USD,1.0
2021-11-047,2021-11-11,CNSHA-USLAX,BAS,1979.93,USD,1.0
2021-11-047,2021-11-11,CNSHA-USLAX,BAF,457.07,USD,1.0
2021-11-047,2021-11-11,CNSHA-USLAX,THC,230.79,EUR,1.0829
2021-11-047,2021-11-11,CNSHA-USLAX,DOC,45.0,USD,1.0
2021-11-036,2021-11-12,CNSHA-NLRTM,BAS,2436.33,USD,1.0
2021-11-036,2021-11-12,CNSHA-NLRTM,BAF,432.75,USD,1.0
2021-11-036,2021-11-12,CNSHA-NLRTM,THC,217.48,EUR,1.0829
2021-11-036,2021-11-12,CNSHA-NLRTM,DOC,45.0,USD,1.0
2021-11-039,2021-11-12,CNSHA-NLRTM,BAS,2459.12,USD,1.0
2021-11-039,2021-11-12,CNSHA-NLRTM,BAF,452.31,USD,1.0
2021-11-039,2021-11-12,CNSHA-NLRTM,THC,213.14,EUR,1.0829
2021-11-039,2021-11-12,CNSHA-NLRTM,DOC,45.0,USD,1.0
2021-11-058,2021-11-12,CNSHA-USLAX,BAS,1996.65,USD,1.0
2021-11-058,2021-11-12,CNSHA-USLAX,BAF,385.97,USD,1.0
2021-11-058,2021-11-12,CNSHA-USLAX,THC,222.31,EUR,1.0829
2021-11-058,2021-11-12,CNSHA-USLAX,DOC,45.0,USD,1.0
2021-11-059,2021-11-12,CNSHA-USLAX,BAS,2031.34,USD,1.0
2021-11-059,2021-11-12,CNSHA-USLAX,BAF,411.5,USD,1.0
2021-11-059,2021-11-12,CNSHA-USLAX,THC,211.64,EUR,1.0829
2021-11-059,2021-11-12,CNSHA-USLAX,DOC,45.0,USD,1.0
2021-11-004,2021-11-13,CNSHA-USLAX,BAS,1971.35,USD,1.0
2021-11-004,2021-11-13,CNSHA-USLAX,BAF,415.34,USD,1.0
2021-11-004,2021-11-13,CNSHA-USLAX,THC,223.05,EUR,1.0829
2021-11-004,2021-11-13,CNSHA-USLAX,DOC,45.0,USD,1.0
2021-11-006,2021-11-13,CNSHA-USLAX,BAS,1983.16,USD,1.0
2021-11-006,2021-11-13,CNSHA-USLAX,BAF,480.59,USD,1.0
2021-11-006,2021-11-13,CNSHA-USLAX,THC,215.33,EUR,1.0829
2021-11-006,2021-11-13,CNSHA-USLAX,DOC,45.0,USD,1.0
2021-11-011,2021-11-13,CNSHA-NLRTM,BAS,2502.39,USD,1.0
2021-11-011,2021-11-13,CNSHA-NLRTM,BAF,440.38,USD,1.0
2021-11-011,2021-11-13,CNSHA-NLRTM,THC,217.99,EUR,1.0829
2021-11-011,2021-11-13,CNSHA-NLRTM,DOC,45.0,USD,1.0
2021-11-024,2021-11-14,CNSHA-USLAX,BAS,1972.92,USD,1.0
2021-11-024,2021-11-14,CNSHA-USLAX,BAF,421.39,USD,1.0
2021-11-024,2021-11-14,CNSHA-USLAX,THC,217.43,EUR,1.0829
2021-11-024,2021-11-14,CNSHA-USLAX,DOC,45.0,USD,1.0
2021-11-005,2021-11-15,CNSHA-USLAX,BAS,1973.41,USD,1.0
2021-11-005,2021-11-15,CNSHA-USLAX,BAF,399.33,USD,1.0
2021-11-005,2021-11-15,CNSHA-USLAX,THC,214.85,EUR,1.0829
2021-11-005,2021-11-15,CNSHA-USLAX,DOC,45.0,USD,1.0
2021-11-044,2021-11-15,CNSHA-NLRTM,BAS,2426.13,USD,1.0
2021-11-044,2021-11-15,CNSHA-NLRTM,BAF,389.16,USD,1.0
2021-11-044,2021-11-15,CNSHA-NLRTM,THC,221.34,EUR,1.0829
2021-11-044,2021-11-15,CNSHA-NLRTM,DOC,45.0,USD,1.0
2021-11-013,2021-11-16,CNSHA-NLRTM,BAS,2501.91,USD,1.0
2021-11-013,2021-11-16,CNSHA-NLRTM,BAF,411.75,USD,1.0
2021-11-013,2021-11-16,CNSHA-NLRTM,THC,220.54,EUR,1.0829
2021-11-013,2021-11-16,CNSHA-NLRTM,DOC,45.0,USD,1.0
2021-11-015,2021-11-16,CNSHA-USLAX,BAS,1951.41,USD,1.0
2021-11-015,2021-11-16,CNSHA-USLAX,BAF,386.5,USD,1.0
2021-11-015,2021-11-16,CNSHA-USLAX,THC,224.68,EUR,1.0829
2021-11-015,2021-11-16,CNSHA-USLAX,DOC,45.0,USD,1.0
2021-11-041,2021-11-16,CNSHA-NLRTM,BAS,2510.27,USD,1.0
2021-11-041,2021-11-16,CNSHA-NLRTM,BAF,453.9,USD,1.0
2021-11-041,2021-11-16,CNSHA-NLRTM,THC,222.98,EUR,1.0829
2021-11-041,2021-11-16,CNSHA-NLRTM,DOC,45.0,USD,1.0
2021-11-052,2021-11-16,CNSHA-USLAX,BAS,2007.33,USD,1.0
2021-11-052,2021-11-16,CNSHA-USLAX,BAF,404.78,USD,1.0
2021-11-052,2021-11-16,CNSHA-USLAX,THC,211.83,EUR,1.0829
2021-11-052,2021-11-16,CNSHA-USLAX,DOC,45.0,USD,1.0
2021-11-048,2021-11-17,CNSHA-NLRTM,BAS,2495.68,USD,1.0
2021-11-048,2021-11-17,CNSHA-NLRTM,BAF,462.29,USD,1.0
2021-11-048,2021-11-17,CNSHA-NLRTM,THC,221.22,EUR,1.0829
2021-11-048,2021-11-17,CNSHA-NLRTM,DOC,45.0,USD,1.0
2021-11-055,2021-11-17,CNSHA-NLRTM,BAS,2501.97,USD,1.0
2021-11-055,2021-11-17,CNSHA-NLRTM,BAF,436.78,USD,1.0
2021-11-055,2021-11-17,CNSHA-NLRTM,THC,222.94,EUR,1.0829
2021-11-055,2021-11-17,CNSHA-NLRTM,DOC,45.0,USD,1.0
2021-11-007,2021-11-18,CNSHA-USLAX,BAS,1957.7,USD,1.0
2021-11-007,2021-11-18,CNSHA-USLAX,BAF,384.42,USD,1.0
2021-11-007,2021-11-18,CNSHA-USLAX,THC,214.66,EUR,1.0829
2021-11-007,2021-11-18,CNSHA-USLAX,DOC,45.0,USD,1.0
2021-11-033,2021-11-18,CNSHA-USLAX,BAS,1987.58,USD,1.0
2021-11-033,2021-11-18,CNSHA-USLAX,BAF,406.33,USD,1.0
2021-11-033,2021-11-18,CNSHA-USLAX,THC,227.47,EUR,1.0829
2021-11-033,2021-11-18,CNSHA-USLAX,DOC,45.0,USD,1.0
2021-11-043,2021-11-18,CNSHA-NLRTM,BAS,2440.89,USD,1.0
2021-11-043,2021-11-18,CNSHA-NLRTM,BAF,368.1,USD,1.0
2021-11-043,2021-11-18,CNSHA-NLRTM,THC,218.33,EUR,1.0829
2021-11-043,2021-11-18,CNSHA-NLRTM,DOC,45.0,USD,1.0
2021-11-051,2021-11-19,CNSHA-USLAX,BAS,1988.95,USD,1.0
2021-11-051,2021-11-19,CNSHA-USLAX,BAF,465.05,USD,1.0
2021-11-051,2021-11-19,CNSHA-USLAX,THC,217.74,EUR,1.0829
2021-11-051,2021-11-19,CNSHA-USLAX,DOC,45.0,USD,1.0
2021-11-016,2021-11-21,CNSHA-USLAX,BAS,1962.32,USD,1.0
2021-11-016,2021-11-21,CNSHA-USLAX,BAF,446.43,USD,1.0
2021-11-016,2021-11-21,CNSHA-USLAX,THC,231.43,EUR,1.0829
2021-11-016,2021-11-21,CNSHA-USLAX,DOC,45.0,USD,1.0
2021-11-017,2021-11-21,CNSHA-NLRTM,BAS,2499.31,USD,1.0
2021-11-017,2021-11-21,CNSHA-NLRTM,BAF,426.61,USD,1.0
2021-11-017,2021-11-21,CNSHA-NLRTM,THC,212.04,EUR,1.0829
2021-11-017,2021-11-21,CNSHA-NLRTM,DOC,45.0,USD,1.0
2021-11-028,2021-11-21,CNSHA-NLRTM,BAS,2505.14,USD,1.0
2021-11-028,2021-11-21,CNSHA-NLRTM,BAF,449.67,USD,1.0
2021-11-028,2021-11-21,CNSHA-NLRTM,THC,220.07,EUR,1.0829
2021-11-028,2021-11-21,CNSHA-NLRTM,DOC,45.0,USD,1.0
2021-11-057,2021-11-22,CNSHA-NLRTM,BAS,2470.45,USD,1.0
2021-11-057,2021-11-22,CNSHA-NLRTM,BAF,404.1,USD,1.0
2021-11-057,2021-11-22,CNSHA-NLRTM,THC,220.31,EUR,1.0829
2021-11-057,2021-11-22,CNSHA-NLRTM,DOC,45.0,USD,1.0
2021-11-009,2021-11-23,CNSHA-NLRTM,BAS,2507.32,USD,1.0
2021-11-009,2021-11-23,CNSHA-NLRTM,BAF,461.3,USD,1.0
2021-11-009,2021-11-23,CNSHA-NLRTM,THC,218.29,EUR,1.0829
2021-11-009,2021-11-23,CNSHA-NLRTM,DOC,45.0,USD,1.0
2021-11-010,2021-11-23,CNSHA-USLAX,BAS,2014.42,USD,1.0
2021-11-010,2021-11-23,CNSHA-USLAX,BAF,407.81,USD,1.0
2021-11-010,2021-11-23,CNSHA-USLAX,THC,216.06,EUR,1.0829
2021-11-010,2021-11-23,CNSHA-USLAX,DOC,45.0,USD,1.0
2021-11-035,2021-11-24,CNSHA-USLAX,BAS,2007.73,USD,1.0
2021-11-035,2021-11-24,CNSHA-USLAX,BAF,385.65,USD,1.0
2021-11-035,2021-11-24,CNSHA-USLAX,THC,225.78,EUR,1.0829
2021-11-035,2021-11-24,CNSHA-USLAX,DOC,45.0,USD,1.0
2021-11-049,2021-11-24,CNSHA-NLRTM,BAS,2480.36,USD,1.0
2021-11-049,2021-11-24,CNSHA-NLRTM,BAF,408.26,USD,1.0
2021-11-049,2021-11-24,CNSHA-NLRTM,THC,236.89,EUR,1.0829
2021-11-049,2021-11-24,CNSHA-NLRTM,DOC,45.0,USD,1.0
2021-11-060,2021-11-24,CNSHA-USLAX,BAS,2009.79,USD,1.0
2021-11-060,2021-11-24,CNSHA-USLAX,BAF,404.53,USD,1.0
2021-11-060,2021-11-24,CNSHA-USLAX,THC,220.33,EUR,1.0829
2021-11-060,2021-11-24,CNSHA-USLAX,DOC,45.0,USD,1.0
2021-11-002,2021-11-25,CNSHA-USLAX,BAS,1962.15,USD,1.0
2021-11-002,2021-11-25,CNSHA-USLAX,BAF,411.85,USD,1.0
2021-11-002,2021-11-25,CNSHA-USLAX,THC,222.34,EUR,1.0829
2021-11-002,2021-11-25,CNSHA-USLAX,DOC,45.0,USD,1.0
2021-11-046,2021-11-25,CNSHA-NLRTM,BAS,2513.59,USD,1.0
2021-11-046,2021-11-25,CNSHA-NLRTM,BAF,461.77,USD,1.0
2021-11-046,2021-11-25,CNSHA-NLRTM,THC,233.58,EUR,1.0829
2021-11-046,2021-11-25,CNSHA-NLRTM,DOC,45.0,USD,1.0
2021-11-018,2021-11-28,CNSHA-USLAX,BAS,1979.73,USD,1.0
2021-11-018,2021-11-28,CNSHA-USLAX,BAF,429.69,USD,1.0
2021-11-018,2021-11-28,CNSHA-USLAX,THC,215.36,EUR,1.0829
2021-11-018,2021-11-28,CNSHA-USLAX,DOC,45.0,USD,1.0
2021-11-032,2021-11-28,CNSHA-USLAX,BAS,1973.8,USD,1.0
2021-11-032,2021-11-28,CNSHA-USLAX,BAF,428.47,USD,1.0
2021-11-032,2021-11-28,CNSHA-USLAX,THC,227.37,EUR,1.0829
2021-11-032,2021-11-28,CNSHA-USLAX,DOC,45.0,USD,1.0
2021-12-022,2021-12-01,CNSHA-USLAX,BAS,1942.86,USD,1.0
2021-12-022,2021-12-01,CNSHA-USLAX,BAF,434.87,USD,1.0
2021-12-022,2021-12-01,CNSHA-USLAX,THC,225.29,EUR,1.0782
2021-12-022,2021-12-01,CNSHA-USLAX,DOC,45.0,USD,1.0
2021-12-050,2021-12-01,CNSHA-USLAX,BAS,1983.61,USD,1.0
2021-12-050,2021-12-01,CNSHA-USLAX,BAF,427.85,USD,1.0
2021-12-050,2021-12-01,CNSHA-USLAX,THC,221.41,EUR,1.0782
2021-12-050,2021-12-01,CNSHA-USLAX,DOC,45.0,USD,1.0
2021-12-036,2021-12-02,CNSHA-USLAX,BAS,2014.29,USD,1.0
2021-12-036,2021-12-02,CNSHA-USLAX,BAF,450.57,USD,1.0
2021-12-036,2021-12-02,CNSHA-USLAX,THC,215.42,EUR,1.0782
2021-12-036,2021-12-02,CNSHA-USLAX,DOC,45.0,USD,1.0
2021-12-049,2021-12-02,CNSHA-USLAX,BAS,1988.89,USD,1.0
2021-12-049,2021-12-02,CNSHA-USLAX,BAF,421.73,USD,1.0
2021-12-049,2021-12-02,CNSHA-USLAX,THC,220.5,EUR,1.0782
2021-12-049,2021-12-02,CNSHA-USLAX,DOC,45.0,USD,1.0
2021-12-061,2021-12-02,CNSHA-NLRTM,BAS,2522.29,USD,1.0
2021-12-061,2021-12-02,CNSHA-NLRTM,BAF,442.82,USD,1.0
2021-12-061,2021-12-02,CNSHA-NLRTM,THC,227.14,EUR,1.0782
2021-12-061,2021-12-02,CNSHA-NLRTM,DOC,45.0,USD,1.0
2021-12-009,2021-12-04,CNSHA-NLRTM,BAS,2501.24,USD,1.0
2021-12-009,2021-12-04,CNSHA-NLRTM,BAF,432.19,USD,1.0
2021-12-009,2021-12-04,CNSHA-NLRTM,THC,224.58,EUR,1.0782
2021-12-009,2021-12-04,CNSHA-NLRTM,DOC,45.0,USD,1.0
2021-12-026,2021-12-04,CNSHA-USLAX,BAS,2005.62,USD,1.0
2021-12-026,2021-12-04,CNSHA-USLAX,BAF,458.25,USD,1.0
2021-12-026,2021-12-04,CNSHA-USLAX,THC,219.81,EUR,1.0782
2021-12-026,2021-12-04,CNSHA-USLAX,DOC,45.0,USD,1.0
2021-12-032,2021-12-05,CNSHA-USLAX,BAS,1989.78,USD,1.0
2021-12-032,2021-12-05,CNSHA-USLAX,BAF,446.33,USD,1.0
2021-12-032,2021-12-05,CNSHA-USLAX,THC,214.82,EUR,1.0782
2021-12-032,2021-12-05,CNSHA-USLAX,DOC,45.0,USD,1.0
2021-12-038,2021-12-05,CNSHA-USLAX,BAS,1986.01,USD,1.0
2021-12-038,2021-12-05,CNSHA-USLAX,BAF,437.29,USD,1.0
2021-12-038,2021-12-05,CNSHA-USLAX,THC,224.22,EUR,1.0782
2021-12-038,2021-12-05,CNSHA-USLAX,DOC,45.0,USD,1.0
2021-12-059,2021-12-05,CNSHA-NLRTM,BAS,2447.63,USD,1.0
2021-12-059,2021-12-05,CNSHA-NLRTM,BAF,449.35,USD,1.0
2021-12-059,2021-12-05,CNSHA-NLRTM,THC,227.12,EUR,1.0782
2021-12-059,2021-12-05,CNSHA-NLRTM,DOC,45.0,USD,1.0
2021-12-043,2021-12-06,CNSHA-USLAX,BAS,1976.84,USD,1.0
2021-12-043,2021-12-06,CNSHA-USLAX,BAF,454.73,USD,1.0
2021-12-043,2021-12-06,CNSHA-USLAX,THC,216.19,EUR,1.0782
2021-12-043,2021-12-06,CNSHA-USLAX,DOC,45.0,USD,1.0
2021-12-048,2021-12-06,CNSHA-USLAX,BAS,1941.08,USD,1.0
2021-12-048,2021-12-06,CNSHA-USLAX,BAF,448.93,USD,1.0
2021-12-048,2021-12-06,CNSHA-USLAX,THC,227.57,EUR,1.0782
2021-12-048,2021-12-06,CNSHA-USLAX,DOC,45.0,USD,1.0
2021-12-054,2021-12-06,CNSHA-USLAX,BAS,1966.2,USD,1.0
2021-12-054,2021-12-06,CNSHA-USLAX,BAF,414.13,USD,1.0
2021-12-054,2021-12-06,CNSHA-USLAX,THC,232.79,EUR,1.0782
2021-12-054,2021-12-06,CNSHA-USLAX,DOC,45.0,USD,1.0
2021-12-005,2021-12-07,CNSHA-USLAX,BAS,1987.19,USD,1.0
2021-12-005,2021-12-07,CNSHA-USLAX,BAF,461.05,USD,1.0
2021-12-005,2021-12-07,CNSHA-USLAX,THC,230.56,EUR,1.0782
2021-12-005,2021-12-07,CNSHA-USLAX,DOC,45.0,USD,1.0
2021-12-020,2021-12-07,CNSHA-USLAX,BAS,1987.64,USD,1.0
2021-12-020,2021-12-07,CNSHA-USLAX,BAF,413.21,USD,1.0
2021-12-020,2021-12-07,CNSHA-USLAX,THC,229.33,EUR,1.0782
2021-12-020,2021-12-07,CNSHA-USLAX,DOC,45.0,USD,1.0
2021-12-057,2021-12-07,CNSHA-NLRTM,BAS,2505.85,USD,1.0
2021-12-057,2021-12-07,CNSHA-NLRTM,BAF,445.52,USD,1.0
2021-12-057,2021-12-07,CNSHA-NLRTM,THC,218.78,EUR,1.0782
2021-12-057,2021-12-07,CNSHA-NLRTM,DOC,45.0,USD,1.0
2021-12-013,2021-12-08,CNSHA-NLRTM,BAS,2512.72,USD,1.0
2021-12-013,2021-12-08,CNSHA-NLRTM,BAF,417.42,USD,1.0
2021-12-013,2021-12-08,CNSHA-NLRTM,THC,224.08,EUR,1.0782
2021-12-013,2021-12-08,CNSHA-NLRTM,DOC,45.0,USD,1.0
2021-12-030,2021-12-08,CNSHA-USLAX,BAS,1938.57,USD,1.0
2021-12-030,2021-12-08,CNSHA-USLAX,BAF,445.97,USD,1.0
2021-12-030,2021-12-08,CNSHA-USLAX,THC,223.55,EUR,1.0782
2021-12-030,2021-12-08,CNSHA-USLAX,DOC,45.0,USD,1.0
2021-12-058,2021-12-08,CNSHA-USLAX,BAS,2003.33,USD,1.0
2021-12-058,2021-12-08,CNSHA-USLAX,BAF,438.83,USD,1.0
2021-12-058,2021-12-08,CNSHA-USLAX,THC,208.35,EUR,1.0782
2021-12-058,2021-12-08,CNSHA-USLAX,DOC,45.0,USD,1.0
2021-12-042,2021-12-09,CNSHA-NLRTM,BAS,2518.51,USD,1.0
2021-12-042,2021-12-09,CNSHA-NLRTM,BAF,416.21,USD,1.0
2021-12-042,2021-12-09,CNSHA-NLRTM,THC,220.91,EUR,1.0782
2021-12-042,2021-12-09,CNSHA-NLRTM,DOC,45.0,USD,1.0
2021-12-008,2021-12-10,CNSHA-NLRTM,BAS,2449.79,USD,1.0
2021-12-008,2021-12-10,CNSHA-NLRTM,BAF,430.38,USD,1.0
2021-12-008,2021-12-10,CNSHA-NLRTM,THC,209.61,EUR,1.0782
2021-12-008,2021-12-10,CNSHA-NLRTM,DOC,45.0,USD,1.0
2021-12-014,2021-12-10,CNSHA-NLRTM,BAS,2482.09,USD,1.0
2021-12-014,2021-12-10,CNSHA-NLRTM,BAF,409.86,USD,1.0
2021-12-014,2021-12-10,CNSHA-NLRTM,THC,224.46,EUR,1.0782
2021-12-014,2021-12-10,CNSHA-NLRTM,DOC,45.0,USD,1.0
2021-12-016,2021-12-10,CNSHA-USLAX,BAS,1970.67,USD,1.0
2021-12-016,2021-12-10,CNSHA-USLAX,BAF,453.37,USD,1.0
2021-12-016,2021-12-10,CNSHA-USLAX,THC,219.14,EUR,1.0782
2021-12-016,2021-12-10,CNSHA-USLAX,DOC,45.0,USD,1.0
2021-12-002,2021-12-11,CNSHA-USLAX,BAS,2009.02,USD,1.0
2021-12-002,2021-12-11,CNSHA-USLAX,BAF,430.6,USD,1.0
2021-12-002,2021-12-11,CNSHA-USLAX,THC,216.65,EUR,1.0782
2021-12-002,2021-12-11,CNSHA-USLAX,DOC,45.0,USD,1.0
2021-12-023,2021-12-11,CNSHA-USLAX,BAS,2007.44,USD,1.0
2021-12-023,2021-12-11,CNSHA-USLAX,BAF,399.44,USD,1.0
2021-12-023,2021-12-11,CNSHA-USLAX,THC,219.17,EUR,1.0782
2021-12-023,2021-12-11,CNSHA-USLAX,DOC,45.0,USD,1.0
2021-12-007,2021-12-12,CNSHA-NLRTM,BAS,2443.99,USD,1.0
2021-12-007,2021-12-12,CNSHA-NLRTM,BAF,431.41,USD,1.0
2021-12-007,2021-12-12,CNSHA-NLRTM,THC,215.92,EUR,1.0782
2021-12-007,2021-12-12,CNSHA-NLRTM,DOC,45.0,USD,1.0
2021-12-037,2021-12-12,CNSHA-NLRTM,BAS,2499.8,USD,1.0
2021-12-037,2021-12-12,CNSHA-NLRTM,BAF,460.31,USD,1.0
2021-12-037,2021-12-12,CNSHA-NLRTM,THC,203.7,EUR,1.0782
2021-12-037,2021-12-12,CNSHA-NLRTM,DOC,45.0,USD,1.0
2021-12-053,2021-12-12,CNSHA-USLAX,BAS,1963.64,USD,1.0
2021-12-053,2021-12-12,CNSHA-USLAX,BAF,462.25,USD,1.0
2021-12-053,2021-12-12,CNSHA-USLAX,THC,224.18,EUR,1.0782
2021-12-053,2021-12-12,CNSHA-USLAX,DOC,45.0,USD,1.0
2021-12-001,2021-12-13,CNSHA-USLAX,BAS,1997.61,USD,1.0
2021-12-001,2021-12-13,CNSHA-USLAX,BAF,406.41,USD,1.0
2021-12-001,2021-12-13,CNSHA-USLAX,THC,220.87,EUR,1.0782
2021-12-001,2021-12-13,CNSHA-USLAX,DOC,45.0,USD,1.0
2021-12-046,2021-12-13,CNSHA-NLRTM,BAS,2490.97,USD,1.0
2021-12-046,2021-12-13,CNSHA-NLRTM,BAF,419.18,USD,1.0
2021-12-046,2021-12-13,CNSHA-NLRTM,THC,220.14,EUR,1.0782
2021-12-046,2021-12-13,CNSHA-NLRTM,DOC,45.0,USD,1.0
2021-12-015,2021-12-14,CNSHA-NLRTM,BAS,2496.45,USD,1.0
2021-12-015,2021-12-14,CNSHA-NLRTM,BAF,413.21,USD,1.0
2021-12-015,2021-12-14,CNSHA-NLRTM,THC,224.62,EUR,1.0782
2021-12-015,2021-12-14,CNSHA-NLRTM,DOC,45.0,USD,1.0
2021-12-028,2021-12-14,CNSHA-USLAX,BAS,1966.23,USD,1.0
2021-12-028,2021-12-14,CNSHA-USLAX,BAF,434.72,USD,1.0
2021-12-028,2021-12-14,CNSHA-USLAX,THC,221.36,EUR,1.0782
2021-12-028,2021-12-14,CNSHA-USLAX,DOC,45.0,USD,1.0
2021-12-051,2021-12-15,CNSHA-USLAX,BAS,2004.01,USD,1.0
2021-12-051,2021-12-15,CNSHA-USLAX,BAF,432.82,USD,1.0
2021-12-051,2021-12-15,CNSHA-USLAX,THC,219.81,EUR,1.0782
2021-12-051,2021-12-15,CNSHA-USLAX,DOC,45.0,USD,1.0
2021-12-010,2021-12-16,CNSHA-NLRTM,BAS,2488.29,USD,1.0
2021-12-010,2021-12-16,CNSHA-NLRTM,BAF,422.01,USD,1.0
2021-12-010,2021-12-16,CNSHA-NLRTM,THC,217.67,EUR,1.0782
2021-12-010,2021-12-16,CNSHA-NLRTM,DOC,45.0,USD,1.0
2021-12-019,2021-12-16,CNSHA-USLAX,BAS,1989.39,USD,1.0
2021-12-019,2021-12-16,CNSHA-USLAX,BAF,443.69,USD,1.0
2021-12-019,2021-12-16,CNSHA-USLAX,THC,227.31,EUR,1.0782
2021-12-019,2021-12-16,CNSHA-USLAX,DOC,45.0,USD,1.0
2021-12-056,2021-12-16,CNSHA-USLAX,BAS,2020.2,USD,1.0
2021-12-056,2021-12-16,CNSHA-USLAX,BAF,435.11,USD,1.0
2021-12-056,2021-12-16,CNSHA-USLAX,THC,229.95,EUR,1.0782
2021-12-056,2021-12-16,CNSHA-USLAX,DOC,45.0,USD,1.0
2021-12-027,2021-12-18,CNSHA-NLRTM,BAS,2491.53,USD,1.0
2021-12-027,2021-12-18,CNSHA-NLRTM,BAF,390.43,USD,1.0
2021-12-027,2021-12-18,CNSHA-NLRTM,THC,217.42,EUR,1.0782
2021-12-027,2021-12-18,CNSHA-NLRTM,DOC,45.0,USD,1.0
2021-12-041,2021-12-19,CNSHA-NLRTM,BAS,2488.15,USD,1.0
2021-12-041,2021-12-19,CNSHA-NLRTM,BAF,425.14,USD,1.0
2021-12-041,2021-12-19,CNSHA-NLRTM,THC,208.27,EUR,1.0782
2021-12-041,2021-12-19,CNSHA-NLRTM,DOC,45.0,USD,1.0
2021-12-040,2021-12-20,CNSHA-NLRTM,BAS,2491.27,USD,1.0
2021-12-040,2021-12-20,CNSHA-NLRTM,BAF,443.78,USD,1.0
2021-12-040,2021-12-20,CNSHA-NLRTM,THC,211.42,EUR,1.0782
2021-12-040,2021-12-20,CNSHA-NLRTM,DOC,45.0,USD,1.0
2021-12-006,2021-12-21,CNSHA-NLRTM,BAS,2494.29,USD,1.0
2021-12-006,2021-12-21,CNSHA-NLRTM,BAF,456.17,USD,1.0
2021-12-006,2021-12-21,CNSHA-NLRTM,THC,225.96,EUR,1.0782
2021-12-006,2021-12-21,CNSHA-NLRTM,DOC,45.0,USD,1.0
2021-12-031,2021-12-21,CNSHA-USLAX,BAS,1951.54,USD,1.0
2021-12-031,2021-12-21,CNSHA-USLAX,BAF,433.85,USD,1.0
2021-12-031,2021-12-21,CNSHA-USLAX,THC,223.5,EUR,1.0782
2021-12-031,2021-12-21,CNSHA-USLAX,DOC,45.0,USD,1.0
2021-12-000,2021-12-22,CNSHA-USLAX,BAS,2007.57,USD,1.0
2021-12-000,2021-12-22,CNSHA-USLAX,BAF,484.67,USD,1.0
2021-12-000,2021-12-22,CNSHA-USLAX,THC,216.06,EUR,1.0782
2021-12-000,2021-12-22,CNSHA-USLAX,DOC,45.0,USD,1.0
2021-12-024,2021-12-22,CNSHA-NLRTM,BAS,2473.79,USD,1.0
2021-12-024,2021-12-22,CNSHA-NLRTM,BAF,418.09,USD,1.0
2021-12-024,2021-12-22,CNSHA-NLRTM,THC,213.99,EUR,1.0782
2021-12-024,2021-12-22,CNSHA-NLRTM,DOC,45.0,USD,1.0
2021-12-011,2021-12-23,CNSHA-USLAX,BAS,2005.13,USD,1.0
2021-12-011,2021-12-23,CNSHA-USLAX,BAF,447.65,USD,1.0
2021-12-011,2021-12-23,CNSHA-USLAX,THC,224.73,EUR,1.0782
2021-12-011,2021-12-23,CNSHA-USLAX,DOC,45.0,USD,1.0
2021-12-033,2021-12-23,CNSHA-USLAX,BAS,1982.74,USD,1.0
2021-12-033,2021-12-23,CNSHA-USLAX,BAF,448.14,USD,1.0
2021-12-033,2021-12-23,CNSHA-USLAX,THC,221.98,EUR,1.0782
2021-12-033,2021-12-23,CNSHA-USLAX,DOC,45.0,USD,1.0
2021-12-034,2021-12-23,CNSHA-USLAX,BAS,1968.49,USD,1.0
2021-12-034,2021-12-23,CNSHA-USLAX,BAF,436.34,USD,1.0
2021-12-034,2021-12-23,CNSHA-USLAX,THC,227.23,EUR,1.0782
2021-12-034,2021-12-23,CNSHA-USLAX,DOC,45.0,USD,1.0
2021-12-035,2021-12-23,CNSHA-USLAX,BAS,1982.11,USD,1.0
2021-12-035,2021-12-23,CNSHA-USLAX,BAF,406.07,USD,1.0
2021-12-035,2021-12-23,CNSHA-USLAX,THC,227.47,EUR,1.0782
2021-12-035,2021-12-23,CNSHA-USLAX,DOC,45.0,USD,1.0
2021-12-045,2021-12-23,CNSHA-NLRTM,BAS,2509.51,USD,1.0
2021-12-045,2021-12-23,CNSHA-NLRTM,BAF,416.52,USD,1.0
2021-12-045,2021-12-23,CNSHA-NLRTM,THC,211.01,EUR,1.0782
2021-12-045,2021-12-23,CNSHA-NLRTM,DOC,45.0,USD,1.0
2021-12-047,2021-12-23,CNSHA-NLRTM,BAS,2469.41,USD,1.0
2021-12-047,2021-12-23,CNSHA-NLRTM,BAF,447.11,USD,1.0
2021-12-047,2021-12-23,CNSHA-NLRTM,THC,225.51,EUR,1.0782
2021-12-047,2021-12-23,CNSHA-NLRTM,DOC,45.0,USD,1.0
2021-12-039,2021-12-24,CNSHA-NLRTM,BAS,2497.0,USD,1.0
2021-12-039,2021-12-24,CNSHA-NLRTM,BAF,426.85,USD,1.0
2021-12-039,2021-12-24,CNSHA-NLRTM,THC,219.97,EUR,1.0782
2021-12-039,2021-12-24,CNSHA-NLRTM,DOC,45.0,USD,1.0
2021-12-004,2021-12-25,CNSHA-USLAX,BAS,2005.34,USD,1.0
2021-12-004,2021-12-25,CNSHA-USLAX,BAF,400.17,USD,1.0
2021-12-004,2021-12-25,CNSHA-USLAX,THC,212.52,EUR,1.0782
2021-12-004,2021-12-25,CNSHA-USLAX,DOC,45.0,USD,1.0
2021-12-012,2021-12-25,CNSHA-USLAX,BAS,1985.77,USD,1.0
2021-12-012,2021-12-25,CNSHA-USLAX,BAF,433.51,USD,1.0
2021-12-012,2021-12-25,CNSHA-USLAX,THC,212.62,EUR,1.0782
2021-12-012,2021-12-25,CNSHA-USLAX,DOC,45.0,USD,1.0
2021-12-017,2021-12-25,CNSHA-USLAX,BAS,2004.83,USD,1.0
2021-12-017,2021-12-25,CNSHA-USLAX,BAF,441.0,USD,1.0
2021-12-017,2021-12-25,CNSHA-USLAX,THC,219.47,EUR,1.0782
2021-12-017,2021-12-25,CNSHA-USLAX,DOC,45.0,USD,1.0
2021-12-025,2021-12-25,CNSHA-USLAX,BAS,1983.12,USD,1.0
2021-12-025,2021-12-25,CNSHA-USLAX,BAF,402.43,USD,1.0
2021-12-025,2021-12-25,CNSHA-USLAX,THC,215.96,EUR,1.0782
2021-12-025,2021-12-25,CNSHA-USLAX,DOC,45.0,USD,1.0
2021-12-044,2021-12-25,CNSHA-USLAX,BAS,1966.91,USD,1.0
2021-12-044,2021-12-25,CNSHA-USLAX,BAF,419.69,USD,1.0
2021-12-044,2021-12-25,CNSHA-USLAX,THC,220.56,EUR,1.0782
2021-12-044,2021-12-25,CNSHA-USLAX,DOC,45.0,USD,1.0
2021-12-052,2021-12-25,CNSHA-USLAX,BAS,1999.95,USD,1.0
2021-12-052,2021-12-25,CNSHA-USLAX,BAF,405.91,USD,1.0
2021-12-052,2021-12-25,CNSHA-USLAX,THC,213.51,EUR,1.0782
2021-12-052,2021-12-25,CNSHA-USLAX,DOC,45.0,USD,1.0
2021-12-003,2021-12-26,CNSHA-NLRTM,BAS,2480.7,USD,1.0
2021-12-003,2021-12-26,CNSHA-NLRTM,BAF,433.02,USD,1.0
2021-12-003,2021-12-26,CNSHA-NLRTM,THC,225.22,EUR,1.0782
2021-12-003,2021-12-26,CNSHA-NLRTM,DOC,45.0,USD,1.0
2021-12-029,2021-12-26,CNSHA-NLRTM,BAS,2476.64,USD,1.0
2021-12-029,2021-12-26,CNSHA-NLRTM,BAF,445.57,USD,1.0
2021-12-029,2021-12-26,CNSHA-NLRTM,THC,208.82,EUR,1.0782
2021-12-029,2021-12-26,CNSHA-NLRTM,DOC,45.0,USD,1.0
2021-12-021,2021-12-27,CNSHA-NLRTM,BAS,2458.89,USD,1.0
2021-12-021,2021-12-27,CNSHA-NLRTM,BAF,473.97,USD,1.0
2021-12-021,2021-12-27,CNSHA-NLRTM,THC,219.05,EUR,1.0782
2021-12-021,2021-12-27,CNSHA-NLRTM,DOC,45.0,USD,1.0
2021-12-018,2021-12-28,CNSHA-USLAX,BAS,1969.1,USD,1.0
2021-12-018,2021-12-28,CNSHA-USLAX,BAF,446.14,USD,1.0
2021-12-018,2021-12-28,CNSHA-USLAX,THC,234.49,EUR,1.0782
2021-12-018,2021-12-28,CNSHA-USLAX,DOC,45.0,USD,1.0
2021-12-055,2021-12-28,CNSHA-NLRTM,BAS,2481.67,USD,1.0
2021-12-055,2021-12-28,CNSHA-NLRTM,BAF,425.87,USD,1.0
2021-12-055,2021-12-28,CNSHA-NLRTM,THC,210.59,EUR,1.0782
2021-12-055,2021-12-28,CNSHA-NLRTM,DOC,45.0,USD,1.0
2021-12-060,2021-12-28,CNSHA-USLAX,BAS,1975.4,USD,1.0
2021-12-060,2021-12-28,CNSHA-USLAX,BAF,474.68,USD,1.0
2021-12-060,2021-12-28,CNSHA-USLAX,THC,219.01,EUR,1.0782
2021-12-060,2021-12-28,CNSHA-USLAX,DOC,45.0,USD,1.0
2022-01-025,2022-01-01,CNSHA-NLRTM,BAS,2534.35,USD,1.0
2022-01-025,2022-01-01,CNSHA-NLRTM,BAF,452.04,USD,1.0
2022-01-025,2022-01-01,CNSHA-NLRTM,THC,227.84,EUR,1.0735
2022-01-025,2022-01-01,CNSHA-NLRTM,DOC,45.0,USD,1.0
2022-01-044,2022-01-01,CNSHA-USLAX,BAS,1989.08,USD,1.0
2022-01-044,2022-01-01,CNSHA-USLAX,BAF,413.39,USD,1.0
2022-01-044,2022-01-01,CNSHA-USLAX,THC,221.29,EUR,1.0735
2022-01-044,2022-01-01,CNSHA-USLAX,DOC,45.0,USD,1.0
2022-01-048,2022-01-01,CNSHA-USLAX,BAS,1988.46,USD,1.0
2022-01-048,2022-01-01,CNSHA-USLAX,BAF,431.09,USD,1.0
2022-01-048,2022-01-01,CNSHA-USLAX,THC,216.99,EUR,1.0735
2022-01-048,2022-01-01,CNSHA-USLAX,DOC,45.0,USD,1.0
2022-01-050,2022-01-01,CNSHA-USLAX,BAS,2000.82,USD,1.0
2022-01-050,2022-01-01,CNSHA-USLAX,BAF,434.05,USD,1.0
2022-01-050,2022-01-01,CNSHA-USLAX,THC,223.15,EUR,1.0735
2022-01-050,2022-01-01,CNSHA-USLAX,DOC,45.0,USD,1.0
2022-01-009,2022-01-02,CNSHA-USLAX,BAS,2014.58,USD,1.0
2022-01-009,2022-01-02,CNSHA-USLAX,BAF,423.0,USD,1.0
2022-01-009,2022-01-02,CNSHA-USLAX,THC,220.99,EUR,1.0735
2022-01-009,2022-01-02,CNSHA-USLAX,DOC,45.0,USD,1.0
2022-01-027,2022-01-02,CNSHA-USLAX,BAS,1984.92,USD,1.0
2022-01-027,2022-01-02,CNSHA-USLAX,BAF,442.29,USD,1.0
2022-01-027,2022-01-02,CNSHA-USLAX,THC,223.13,EUR,1.0735
2022-01-027,2022-01-02,CNSHA-USLAX,DOC,45.0,USD,1.0
2022-01-015,2022-01-03,CNSHA-USLAX,BAS,1997.92,USD,1.0
2022-01-015,2022-01-03,CNSHA-USLAX,BAF,444.56,USD,1.0
2022-01-015,2022-01-03,CNSHA-USLAX,THC,217.35,EUR,1.0735
2022-01-015,2022-01-03,CNSHA-USLAX,DOC,45.0,USD,1.0
2022-01-030,2022-01-03,CNSHA-NLRTM,BAS,2478.69,USD,1.0
2022-01-030,2022-01-03,CNSHA-NLRTM,BAF,419.48,USD,1.0
2022-01-030,2022-01-03,CNSHA-NLRTM,THC,224.32,EUR,1.0735
2022-01-030,2022-01-03,CNSHA-NLRTM,DOC,45.0,USD,1.0
2022-01-033,2022-01-04,CNSHA-USLAX,BAS,2009.06,USD,1.0
2022-01-033,2022-01-04,CNSHA-USLAX,BAF,443.08,USD,1.0
2022-01-033,2022-01-04,CNSHA-USLAX,THC,209.62,EUR,1.0735
2022-01-033,2022-01-04,CNSHA-USLAX,DOC,45.0,USD,1.0
2022-01-034,2022-01-04,CNSHA-NLRTM,BAS,2516.46,USD,1.0
2022-01-034,2022-01-04,CNSHA-NLRTM,BAF,418.39,USD,1.0
2022-01-034,2022-01-04,CNSHA-NLRTM,THC,200.07,EUR,1.0735
2022-01-034,2022-01-04,CNSHA-NLRTM,DOC,45.0,USD,1.0
2022-01-035,2022-01-04,CNSHA-NLRTM,BAS,2485.05,USD,1.0
2022-01-035,2022-01-04,CNSHA-NLRTM,BAF,452.57,USD,1.0
2022-01-035,2022-01-04,CNSHA-NLRTM,THC,214.37,EUR,1.0735
2022-01-035,2022-01-04,CNSHA-NLRTM,DOC,45.0,USD,1.0
2022-01-020,2022-01-05,CNSHA-NLRTM,BAS,2529.16,USD,1.0
2022-01-020,2022-01-05,CNSHA-NLRTM,BAF,433.57,USD,1.0
2022-01-020,2022-01-05,CNSHA-NLRTM,THC,223.96,EUR,1.0735
2022-01-020,2022-01-05,CNSHA-NLRTM,DOC,45.0,USD,1.0
2022-01-054,2022-01-05,CNSHA-NLRTM,BAS,2475.51,USD,1.0
2022-01-054,2022-01-05,CNSHA-NLRTM,BAF,470.09,USD,1.0
2022-01-054,2022-01-05,CNSHA-NLRTM,THC,222.64,EUR,1.0735
2022-01-054,2022-01-05,CNSHA-NLRTM,DOC,45.0,USD,1.0
2022-01-038,2022-01-06,CNSHA-NLRTM,BAS,2496.05,USD,1.0
2022-01-038,2022-01-06,CNSHA-NLRTM,BAF,454.07,USD,1.0
2022-01-038,2022-01-06,CNSHA-NLRTM,THC,220.11,EUR,1.0735
2022-01-038,2022-01-06,CNSHA-NLRTM,DOC,45.0,USD,1.0
2022-01-010,2022-01-07,CNSHA-NLRTM,BAS,2486.15,USD,1.0
2022-01-010,2022-01-07,CNSHA-NLRTM,BAF,430.58,USD,1.0
2022-01-010,2022-01-07,CNSHA-NLRTM,THC,224.07,EUR,1.0735
2022-01-010,2022-01-07,CNSHA-NLRTM,DOC,45.0,USD,1.0
2022-01-019,2022-01-07,CNSHA-USLAX,BAS,1998.64,USD,1.0
2022-01-019,2022-01-07,CNSHA-USLAX,BAF,474.07,USD,1.0
2022-01-019,2022-01-07,CNSHA-USLAX,THC,222.15,EUR,1.0735
2022-01-019,2022-01-07,CNSHA-USLAX,DOC,45.0,USD,1.0
2022-01-056,2022-01-07,CNSHA-USLAX,BAS,1995.01,USD,1.0
2022-01-056,2022-01-07,CNSHA-USLAX,BAF,421.14,USD,1.0
2022-01-056,2022-01-07,CNSHA-USLAX,THC,217.08,EUR,1.0735
2022-01-056,2022-01-07,CNSHA-USLAX,DOC,45.0,USD,1.0
2022-01-062,2022-01-07,CNSHA-NLRTM,BAS,2448.35,USD,1.0
2022-01-062,2022-01-07,CNSHA-NLRTM,BAF,429.87,USD,1.0
2022-01-062,2022-01-07,CNSHA-NLRTM,THC,218.56,EUR,1.0735
2022-01-062,2022-01-07,CNSHA-NLRTM,DOC,45.0,USD,1.0
2022-01-016,2022-01-08,CNSHA-USLAX,BAS,1973.99,USD,1.0
2022-01-016,2022-01-08,CNSHA-USLAX,BAF,443.08,USD,1.0
2022-01-016,2022-01-08,CNSHA-USLAX,THC,220.24,EUR,1.0735
2022-01-016,2022-01-08,CNSHA-USLAX,DOC,45.0,USD,1.0
2022-01-046,2022-01-08,CNSHA-NLRTM,BAS,2511.23,USD,1.0
2022-01-046,2022-01-08,CNSHA-NLRTM,BAF,433.17,USD,1.0
2022-01-046,2022-01-08,CNSHA-NLRTM,THC,225.58,EUR,1.0735
2022-01-046,2022-01-08,CNSHA-NLRTM,DOC,45.0,USD,1.0
2022-01-013,2022-01-09,CNSHA-USLAX,BAS,1983.56,USD,1.0
2022-01-013,2022-01-09,CNSHA-USLAX,BAF,410.16,USD,1.0
2022-01-013,2022-01-09,CNSHA-USLAX,THC,225.26,EUR,1.0735
2022-01-013,2022-01-09,CNSHA-USLAX,DOC,45.0,USD,1.0
2022-01-024,2022-01-09,CNSHA-NLRTM,BAS,2500.81,USD,1.0
2022-01-024,2022-01-09,CNSHA-NLRTM,BAF,400.24,USD,1.0
2022-01-024,2022-01-09,CNSHA-NLRTM,THC,228.82,EUR,1.0735
2022-01-024,2022-01-09,CNSHA-NLRTM,DOC,45.0,USD,1.0
2022-01-060,2022-01-09,CNSHA-NLRTM,BAS,2522.18,USD,1.0
2022-01-060,2022-01-09,CNSHA-NLRTM,BAF,422.38,USD,1.0
2022-01-060,2022-01-09,CNSHA-NLRTM,THC,230.76,EUR,1.0735
2022-01-060,2022-01-09,CNSHA-NLRTM,DOC,45.0,USD,1.0
2022-01-007,2022-01-10,CNSHA-USLAX,BAS,1940.74,USD,1.0
2022-01-007,2022-01-10,CNSHA-USLAX,BAF,419.34,USD,1.0
2022-01-007,2022-01-10,CNSHA-USLAX,THC,231.87,EUR,1.0735
2022-01-007,2022-01-10,CNSHA-USLAX,DOC,45.0,USD,1.0
2022-01-028,2022-01-11,CNSHA-USLAX,BAS,1955.24,USD,1.0
2022-01-028,2022-01-11,CNSHA-USLAX,BAF,475.49,USD,1.0
2022-01-028,2022-01-11,CNSHA-USLAX,THC,224.88,EUR,1.0735
2022-01-028,2022-01-11,CNSHA-USLAX,DOC,45.0,USD,1.0
2022-01-000,2022-01-12,CNSHA-NLRTM,BAS,2491.43,USD,1.0
2022-01-000,2022-01-12,CNSHA-NLRTM,BAF,419.23,USD,1.0
2022-01-000,2022-01-12,CNSHA-NLRTM,THC,223.74,EUR,1.0735
2022-01-000,2022-01-12,CNSHA-NLRTM,DOC,45.0,USD,1.0
2022-01-005,2022-01-12,CNSHA-USLAX,BAS,1979.09,USD,1.0
2022-01-005,2022-01-12,CNSHA-USLAX,BAF,455.92,USD,1.0
2022-01-005,2022-01-12,CNSHA-USLAX,THC,224.71,EUR,1.0735
2022-01-005,2022-01-12,CNSHA-USLAX,DOC,45.0,USD,1.0
2022-01-011,2022-01-12,CNSHA-NLRTM,BAS,2490.35,USD,1.0
2022-01-011,2022-01-12,CNSHA-NLRTM,BAF,417.65,USD,1.0
2022-01-011,2022-01-12,CNSHA-NLRTM,THC,228.15,EUR,1.0735
2022-01-011,2022-01-12,CNSHA-NLRTM,DOC,45.0,USD,1.0
2022-01-014,2022-01-12,CNSHA-NLRTM,BAS,2488.75,USD,1.0
2022-01-014,2022-01-12,CNSHA-NLRTM,BAF,455.83,USD,1.0
2022-01-014,2022-01-12,CNSHA-NLRTM,THC,227.88,EUR,1.0735
2022-01-014,2022-01-12,CNSHA-NLRTM,DOC,45.0,USD,1.0
2022-01-043,2022-01-12,CNSHA-NLRTM,BAS,2474.54,USD,1.0
2022-01-043,2022-01-12,CNSHA-NLRTM,BAF,459.9,USD,1.0
2022-01-043,2022-01-12,CNSHA-NLRTM,THC,222.34,EUR,1.0735
2022-01-043,2022-01-12,CNSHA-NLRTM,DOC,45.0,USD,1.0
2022-01-022,2022-01-13,CNSHA-NLRTM,BAS,2461.12,USD,1.0
2022-01-022,2022-01-13,CNSHA-NLRTM,BAF,437.86,USD,1.0
2022-01-022,2022-01-13,CNSHA-NLRTM,THC,221.0,EUR,1.0735
2022-01-022,2022-01-13,CNSHA-NLRTM,DOC,45.0,USD,1.0
2022-01-057,2022-01-13,CNSHA-USLAX,BAS,1983.9,USD,1.0
2022-01-057,2022-01-13,CNSHA-USLAX,BAF,451.62,USD,1.0
2022-01-057,2022-01-13,CNSHA-USLAX,THC,220.93,EUR,1.0735
2022-01-057,2022-01-13,CNSHA-USLAX,DOC,45.0,USD,1.0
2022-01-001,2022-01-14,CNSHA-NLRTM,BAS,2499.05,USD,1.0
2022-01-001,2022-01-14,CNSHA-NLRTM,BAF,459.37,USD,1.0
2022-01-001,2022-01-14,CNSHA-NLRTM,THC,218.38,EUR,1.0735
2022-01-001,2022-01-14,CNSHA-NLRTM,DOC,45.0,USD,1.0
2022-01-021,2022-01-14,CNSHA-USLAX,BAS,1994.53,USD,1.0
2022-01-021,2022-01-14,CNSHA-USLAX,BAF,419.49,USD,1.0
2022-01-021,2022-01-14,CNSHA-USLAX,THC,223.51,EUR,1.0735
2022-01-021,2022-01-14,CNSHA-USLAX,DOC,45.0,USD,1.0
2022-01-052,2022-01-14,CNSHA-USLAX,BAS,1960.7,USD,1.0
2022-01-052,2022-01-14,CNSHA-USLAX,BAF,417.01,USD,1.0
2022-01-052,2022-01-14,CNSHA-USLAX,THC,228.03,EUR,1.0735
2022-01-052,2022-01-14,CNSHA-USLAX,DOC,45.0,USD,1.0
2022-01-006,2022-01-15,CNSHA-NLRTM,BAS,2561.24,USD,1.0
2022-01-006,2022-01-15,CNSHA-NLRTM,BAF,460.27,USD,1.0
2022-01-006,2022-01-15,CNSHA-NLRTM,THC,211.3,EUR,1.0735
2022-01-006,2022-01-15,CNSHA-NLRTM,DOC,45.0,USD,1.0
2022-01-032,2022-01-15,CNSHA-USLAX,BAS,2007.35,USD,1.0
2022-01-032,2022-01-15,CNSHA-USLAX,BAF,407.84,USD,1.0
2022-01-032,2022-01-15,CNSHA-USLAX,THC,235.77,EUR,1.0735
2022-01-032,2022-01-15,CNSHA-USLAX,DOC,45.0,USD,1.0
2022-01-041,2022-01-15,CNSHA-USLAX,BAS,1999.24,USD,1.0
2022-01-041,2022-01-15,CNSHA-USLAX,BAF,444.8,USD,1.0
2022-01-041,2022-01-15,CNSHA-USLAX,THC,218.54,EUR,1.0735
2022-01-041,2022-01-15,CNSHA-USLAX,DOC,45.0,USD,1.0
2022-01-003,2022-01-16,CNSHA-USLAX,BAS,1991.93,USD,1.0
2022-01-003,2022-01-16,CNSHA-USLAX,BAF,448.12,USD,1.0
2022-01-003,2022-01-16,CNSHA-USLAX,THC,222.25,EUR,1.0735
2022-01-003,2022-01-16,CNSHA-USLAX,DOC,45.0,USD,1.0
2022-01-004,2022-01-16,CNSHA-USLAX,BAS,1965.93,USD,1.0
2022-01-004,2022-01-16,CNSHA-USLAX,BAF,470.74,USD,1.0
2022-01-004,2022-01-16,CNSHA-USLAX,THC,221.21,EUR,1.0735
2022-01-004,2022-01-16,CNSHA-USLAX,DOC,45.0,USD,1.0
2022-01-049,2022-01-16,CNSHA-NLRTM,BAS,2504.01,USD,1.0
2022-01-049,2022-01-16,CNSHA-NLRTM,BAF,403.43,USD,1.0
2022-01-049,2022-01-16,CNSHA-NLRTM,THC,207.34,EUR,1.0735
2022-01-049,2022-01-16,CNSHA-NLRTM,DOC,45.0,USD,1.0
2022-01-047,2022-01-17,CNSHA-USLAX,BAS,2015.11,USD,1.0
2022-01-047,2022-01-17,CNSHA-USLAX,BAF,457.99,USD,1.0
2022-01-047,2022-01-17,CNSHA-USLAX,THC,220.69,EUR,1.0735
2022-01-047,2022-01-17,CNSHA-USLAX,DOC,45.0,USD,1.0
2022-01-053,2022-01-17,CNSHA-NLRTM,BAS,2503.56,USD,1.0
2022-01-053,2022-01-17,CNSHA-NLRTM,BAF,416.48,USD,1.0
2022-01-053,2022-01-17,CNSHA-NLRTM,THC,226.36,EUR,1.0735
2022-01-053,2022-01-17,CNSHA-NLRTM,DOC,45.0,USD,1.0
2022-01-063,2022-01-17,CNSHA-USLAX,BAS,1988.27,USD,1.0
2022-01-063,2022-01-17,CNSHA-USLAX,BAF,413.24,USD,1.0
2022-01-063,2022-01-17,CNSHA-USLAX,THC,225.12,EUR,1.0735
2022-01-063,2022-01-17,CNSHA-USLAX,DOC,45.0,USD,1.0
2022-01-017,2022-01-18,CNSHA-NLRTM,BAS,2495.0,USD,1.0
2022-01-017,2022-01-18,CNSHA-NLRTM,BAF,437.54,USD,1.0
2022-01-017,2022-01-18,CNSHA-NLRTM,THC,208.51,EUR,1.0735
2022-01-017,2022-01-18,CNSHA-NLRTM,DOC,45.0,USD,1.0
2022-01-061,2022-01-18,CNSHA-NLRTM,BAS,2455.99,USD,1.0
2022-01-061,2022-01-18,CNSHA-NLRTM,BAF,421.98,USD,1.0
2022-01-061,2022-01-18,CNSHA-NLRTM,THC,220.23,EUR,1.0735
2022-01-061,2022-01-18,CNSHA-NLRTM,DOC,45.0,USD,1.0
2022-01-023,2022-01-19,CNSHA-NLRTM,BAS,2498.32,USD,1.0
2022-01-023,2022-01-19,CNSHA-NLRTM,BAF,399.35,USD,1.0
2022-01-023,2022-01-19,CNSHA-NLRTM,THC,213.26,EUR,1.0735
2022-01-023,2022-01-19,CNSHA-NLRTM,DOC,45.0,USD,1.0
2022-01-031,2022-01-19,CNSHA-USLAX,BAS,2003.66,USD,1.0
2022-01-031,2022-01-19,CNSHA-USLAX,BAF,419.81,USD,1.0
2022-01-031,2022-01-19,CNSHA-USLAX,THC,228.89,EUR,1.0735
2022-01-031,2022-01-19,CNSHA-USLAX,DOC,45.0,USD,1.0
2022-01-026,2022-01-20,CNSHA-NLRTM,BAS,2487.53,USD,1.0
2022-01-026,2022-01-20,CNSHA-NLRTM,BAF,456.1,USD,1.0
2022-01-026,2022-01-20,CNSHA-NLRTM,THC,217.85,EUR,1.0735
2022-01-026,2022-01-20,CNSHA-NLRTM,DOC,45.0,USD,1.0
2022-01-037,2022-01-20,CNSHA-USLAX,BAS,1970.95,USD,1.0
2022-01-037,2022-01-20,CNSHA-USLAX,BAF,429.96,USD,1.0
2022-01-037,2022-01-20,CNSHA-USLAX,THC,230.18,EUR,1.0735
2022-01-037,2022-01-20,CNSHA-USLAX,DOC,45.0,USD,1.0
2022-01-058,2022-01-20,CNSHA-NLRTM,BAS,2468.14,USD,1.0
2022-01-058,2022-01-20,CNSHA-NLRTM,BAF,438.57,USD,1.0
2022-01-058,2022-01-20,CNSHA-NLRTM,THC,213.46,EUR,1.0735
2022-01-058,2022-01-20,CNSHA-NLRTM,DOC,45.0,USD,1.0
2022-01-018,2022-01-21,CNSHA-USLAX,BAS,1994.22,USD,1.0
2022-01-018,2022-01-21,CNSHA-USLAX,BAF,476.08,USD,1.0
2022-01-018,2022-01-21,CNSHA-USLAX,THC,226.95,EUR,1.0735
2022-01-018,2022-01-21,CNSHA-USLAX,DOC,45.0,USD,1.0
2022-01-042,2022-01-21,CNSHA-NLRTM,BAS,2476.38,USD,1.0
2022-01-042,2022-01-21,CNSHA-NLRTM,BAF,417.67,USD,1.0
2022-01-042,2022-01-21,CNSHA-NLRTM,THC,226.98,EUR,1.0735
2022-01-042,2022-01-21,CNSHA-NLRTM,DOC,45.0,USD,1.0
2022-01-002,2022-01-22,CNSHA-NLRTM,BAS,2468.58,USD,1.0
2022-01-002,2022-01-22,CNSHA-NLRTM,BAF,431.99,USD,1.0
2022-01-002,2022-01-22,CNSHA-NLRTM,THC,233.08,EUR,1.0735
2022-01-002,2022-01-22,CNSHA-NLRTM,DOC,45.0,USD,1.0
2022-01-012,2022-01-22,CNSHA-NLRTM,BAS,2514.34,USD,1.0
2022-01-012,2022-01-22,CNSHA-NLRTM,BAF,436.4,USD,1.0
2022-01-012,2022-01-22,CNSHA-NLRTM,THC,214.08,EUR,1.0735
2022-01-012,2022-01-22,CNSHA-NLRTM,DOC,45.0,USD,1.0
2022-01-059,2022-01-22,CNSHA-NLRTM,BAS,2504.12,USD,1.0
2022-01-059,2022-01-22,CNSHA-NLRTM,BAF,419.67,USD,1.0
2022-01-059,2022-01-22,CNSHA-NLRTM,THC,211.37,EUR,1.0735
2022-01-059,2022-01-22,CNSHA-NLRTM,DOC,45.0,USD,1.0
2022-01-051,2022-01-23,CNSHA-USLAX,BAS,1974.29,USD,1.0
2022-01-051,2022-01-23,CNSHA-USLAX,BAF,412.37,USD,1.0
2022-01-051,2022-01-23,CNSHA-USLAX,THC,231.78,EUR,1.0735
2022-01-051,2022-01-23,CNSHA-USLAX,DOC,45.0,USD,1.0
2022-01-036,2022-01-24,CNSHA-USLAX,BAS,1969.94,USD,1.0
2022-01-036,2022-01-24,CNSHA-USLAX,BAF,448.86,USD,1.0
2022-01-036,2022-01-24,CNSHA-USLAX,THC,218.19,EUR,1.0735
2022-01-036,2022-01-24,CNSHA-USLAX,DOC,45.0,USD,1.0
2022-01-008,2022-01-26,CNSHA-NLRTM,BAS,2462.35,USD,1.0
2022-01-008,2022-01-26,CNSHA-NLRTM,BAF,422.86,USD,1.0
2022-01-008,2022-01-26,CNSHA-NLRTM,THC,227.32,EUR,1.0735
2022-01-008,2022-01-26,CNSHA-NLRTM,DOC,45.0,USD,1.0
2022-01-039,2022-01-27,CNSHA-NLRTM,BAS,2509.23,USD,1.0
2022-01-039,2022-01-27,CNSHA-NLRTM,BAF,453.15,USD,1.0
2022-01-039,2022-01-27,CNSHA-NLRTM,THC,221.55,EUR,1.0735
2022-01-039,2022-01-27,CNSHA-NLRTM,DOC,45.0,USD,1.0
2022-01-040,2022-01-27,CNSHA-NLRTM,BAS,2477.25,USD,1.0
2022-01-040,2022-01-27,CNSHA-NLRTM,BAF,452.57,USD,1.0
2022-01-040,2022-01-27,CNSHA-NLRTM,THC,228.52,EUR,1.0735
2022-01-040,2022-01-27,CNSHA-NLRTM,DOC,45.0,USD,1.0
2022-01-055,2022-01-27,CNSHA-NLRTM,BAS,2489.51,USD,1.0
2022-01-055,2022-01-27,CNSHA-NLRTM,BAF,421.13,USD,1.0
2022-01-055,2022-01-27,CNSHA-NLRTM,THC,211.07,EUR,1.0735
2022-01-055,2022-01-27,CNSHA-NLRTM,DOC,45.0,USD,1.0
2022-01-029,2022-01-28,CNSHA-USLAX,BAS,1958.04,USD,1.0
2022-01-029,2022-01-28,CNSHA-USLAX,BAF,438.48,USD,1.0
2022-01-029,2022-01-28,CNSHA-USLAX,THC,224.08,EUR,1.0735
2022-01-029,2022-01-28,CNSHA-USLAX,DOC,45.0,USD,1.0
2022-01-045,2022-01-28,CNSHA-USLAX,BAS,1983.01,USD,1.0
2022-01-045,2022-01-28,CNSHA-USLAX,BAF,440.61,USD,1.0
2022-01-045,2022-01-28,CNSHA-USLAX,THC,224.03,EUR,1.0735
2022-01-045,2022-01-28,CNSHA-USLAX,DOC,45.0,USD,1.0
2022-02-003,2022-02-01,CNSHA-USLAX,BAS,1986.26,USD,1.0
2022-02-003,2022-02-01,CNSHA-USLAX,BAF,413.61,USD,1.0
2022-02-003,2022-02-01,CNSHA-USLAX,THC,220.89,EUR,1.0688
2022-02-003,2022-02-01,CNSHA-USLAX,DOC,45.0,USD,1.0
2022-02-044,2022-02-01,CNSHA-NLRTM,BAS,2497.91,USD,1.0
2022-02-044,2022-02-01,CNSHA-NLRTM,BAF,450.17,USD,1.0
2022-02-044,2022-02-01,CNSHA-NLRTM,THC,222.37,EUR,1.0688
2022-02-044,2022-02-01,CNSHA-NLRTM,DOC,45.0,USD,1.0
2022-02-012,2022-02-03,CNSHA-NLRTM,BAS,2504.89,USD,1.0
2022-02-012,2022-02-03,CNSHA-NLRTM,BAF,412.11,USD,1.0
2022-02-012,2022-02-03,CNSHA-NLRTM,THC,220.2,EUR,1.0688
2022-02-012,2022-02-03,CNSHA-NLRTM,DOC,45.0,USD,1.0
2022-02-014,2022-02-03,CNSHA-NLRTM,BAS,2465.45,USD,1.0
2022-02-014,2022-02-03,CNSHA-NLRTM,BAF,398.59,USD,1.0
2022-02-014,2022-02-03,CNSHA-NLRTM,THC,224.37,EUR,1.0688
2022-02-014,2022-02-03,CNSHA-NLRTM,DOC,45.0,USD,1.0
2022-02-006,2022-02-04,CNSHA-USLAX,BAS,2001.97,USD,1.0
2022-02-006,2022-02-04,CNSHA-USLAX,BAF,466.8,USD,1.0
2022-02-006,2022-02-04,CNSHA-USLAX,THC,224.28,EUR,1.0688
2022-02-006,2022-02-04,CNSHA-USLAX,DOC,45.0,USD,1.0
2022-02-025,2022-02-04,CNSHA-NLRTM,BAS,2540.95,USD,1.0
2022-02-025,2022-02-04,CNSHA-NLRTM,BAF,460.01,USD,1.0
2022-02-025,2022-02-04,CNSHA-NLRTM,THC,216.73,EUR,1.0688
2022-02-025,2022-02-04,CNSHA-NLRTM,DOC,45.0,USD,1.0
2022-02-037,2022-02-04,CNSHA-NLRTM,BAS,2469.74,USD,1.0
2022-02-037,2022-02-04,CNSHA-NLRTM,BAF,432.09,USD,1.0
2022-02-037,2022-02-04,CNSHA-NLRTM,THC,219.88,EUR,1.0688
2022-02-037,2022-02-04,CNSHA-NLRTM,DOC,45.0,USD,1.0
2022-02-049,2022-02-04,CNSHA-USLAX,BAS,1992.51,USD,1.0
2022-02-049,2022-02-04,CNSHA-USLAX,BAF,437.8,USD,1.0
2022-02-049,2022-02-04,CNSHA-USLAX,THC,223.73,EUR,1.0688
2022-02-049,2022-02-04,CNSHA-USLAX,DOC,45.0,USD,1.0
2022-02-051,2022-02-04,CNSHA-NLRTM,BAS,2521.48,USD,1.0
2022-02-051,2022-02-04,CNSHA-NLRTM,BAF,468.13,USD,1.0
2022-02-051,2022-02-04,CNSHA-NLRTM,THC,213.57,EUR,1.0688
2022-02-051,2022-02-04,CNSHA-NLRTM,DOC,45.0,USD,1.0
2022-02-015,2022-02-06,CNSHA-USLAX,BAS,1947.47,USD,1.0
2022-02-015,2022-02-06,CNSHA-USLAX,BAF,448.37,USD,1.0
2022-02-015,2022-02-06,CNSHA-USLAX,THC,219.89,EUR,1.0688
2022-02-015,2022-02-06,CNSHA-USLAX,DOC,45.0,USD,1.0
2022-02-033,2022-02-06,CNSHA-USLAX,BAS,2005.68,USD,1.0
2022-02-033,2022-02-06,CNSHA-USLAX,BAF,442.4,USD,1.0
2022-02-033,2022-02-06,CNSHA-USLAX,THC,200.96,EUR,1.0688
2022-02-033,2022-02-06,CNSHA-USLAX,DOC,45.0,USD,1.0
2022-02-004,2022-02-09,CNSHA-NLRTM,BAS,2486.35,USD,1.0
2022-02-004,2022-02-09,CNSHA-NLRTM,BAF,446.46,USD,1.0
2022-02-004,2022-02-09,CNSHA-NLRTM,THC,217.28,EUR,1.0688
2022-02-004,2022-02-09,CNSHA-NLRTM,DOC,45.0,USD,1.0
2022-02-050,2022-02-09,CNSHA-NLRTM,BAS,2521.07,USD,1.0
2022-02-050,2022-02-09,CNSHA-NLRTM,BAF,436.13,USD,1.0
2022-02-050,2022-02-09,CNSHA-NLRTM,THC,220.59,EUR,1.0688
2022-02-050,2022-02-09,CNSHA-NLRTM,DOC,45.0,USD,1.0
2022-02-007,2022-02-10,CNSHA-USLAX,BAS,1967.63,USD,1.0
2022-02-007,2022-02-10,CNSHA-USLAX,BAF,405.1,USD,1.0
2022-02-007,2022-02-10,CNSHA-USLAX,THC,222.58,EUR,1.0688
2022-02-007,2022-02-10,CNSHA-USLAX,DOC,45.0,USD,1.0
2022-02-008,2022-02-10,CNSHA-NLRTM,BAS,2527.74,USD,1.0
2022-02-008,2022-02-10,CNSHA-NLRTM,BAF,450.31,USD,1.0
2022-02-008,2022-02-10,CNSHA-NLRTM,THC,219.54,EUR,1.0688
2022-02-008,2022-02-10,CNSHA-NLRTM,DOC,45.0,USD,1.0
2022-02-011,2022-02-12,CNSHA-USLAX,BAS,2020.66,USD,1.0
2022-02-011,2022-02-12,CNSHA-USLAX,BAF,442.89,USD,1.0
2022-02-011,2022-02-12,CNSHA-USLAX,THC,209.83,EUR,1.0688
2022-02-011,2022-02-12,CNSHA-USLAX,DOC,45.0,USD,1.0
2022-02-042,2022-02-12,CNSHA-USLAX,BAS,1972.37,USD,1.0
2022-02-042,2022-02-12,CNSHA-USLAX,BAF,446.38,USD,1.0
2022-02-042,2022-02-12,CNSHA-USLAX,THC,225.78,EUR,1.0688
2022-02-042,2022-02-12,CNSHA-USLAX,DOC,45.0,USD,1.0
2022-02-054,2022-02-14,CNSHA-NLRTM,BAS,2513.53,USD,1.0
2022-02-054,2022-02-14,CNSHA-NLRTM,BAF,431.47,USD,1.0
2022-02-054,2022-02-14,CNSHA-NLRTM,THC,227.68,EUR,1.0688
2022-02-054,2022-02-14,CNSHA-NLRTM,DOC,45.0,USD,1.0
2022-02-009,2022-02-15,CNSHA-USLAX,BAS,2007.2,USD,1.0
2022-02-009,2022-02-15,CNSHA-USLAX,BAF,441.78,USD,1.0
2022-02-009,2022-02-15,CNSHA-USLAX,THC,224.2,EUR,1.0688
2022-02-009,2022-02-15,CNSHA-USLAX,DOC,45.0,USD,1.0
2022-02-056,2022-02-15,CNSHA-NLRTM,BAS,2542.41,USD,1.0
2022-02-056,2022-02-15,CNSHA-NLRTM,BAF,437.38,USD,1.0
2022-02-056,2022-02-15,CNSHA-NLRTM,THC,220.12,EUR,1.0688
2022-02-056,2022-02-15,CNSHA-NLRTM,DOC,45.0,USD,1.0
2022-02-058,2022-02-16,CNSHA-USLAX,BAS,2039.35,USD,1.0
2022-02-058,2022-02-16,CNSHA-USLAX,BAF,447.13,USD,1.0
2022-02-058,2022-02-16,CNSHA-USLAX,THC,222.71,EUR,1.0688
2022-02-058,2022-02-16,CNSHA-USLAX,DOC,45.0,USD,1.0
2022-02-029,2022-02-17,CNSHA-USLAX,BAS,1982.32,USD,1.0
2022-02-029,2022-02-17,CNSHA-USLAX,BAF,454.92,USD,1.0
2022-02-029,2022-02-17,CNSHA-USLAX,THC,217.19,EUR,1.0688
2022-02-029,2022-02-17,CNSHA-USLAX,DOC,45.0,USD,1.0
2022-02-034,2022-02-17,CNSHA-USLAX,BAS,1998.11,USD,1.0
2022-02-034,2022-02-17,CNSHA-USLAX,BAF,473.28,USD,1.0
2022-02-034,2022-02-17,CNSHA-USLAX,THC,224.41,EUR,1.0688
2022-02-034,2022-02-17,CNSHA-USLAX,DOC,45.0,USD,1.0
2022-02-043,2022-02-17,CNSHA-USLAX,BAS,1988.32,USD,1.0
2022-02-043,2022-02-17,CNSHA-USLAX,BAF,436.45,USD,1.0
2022-02-043,2022-02-17,CNSHA-USLAX,THC,222.73,EUR,1.0688
2022-02-043,2022-02-17,CNSHA-USLAX,DOC,45.0,USD,1.0
2022-02-045,2022-02-17,CNSHA-NLRTM,BAS,2533.08,USD,1.0
2022-02-045,2022-02-17,CNSHA-NLRTM,BAF,464.31,USD,1.0
2022-02-045,2022-02-17,CNSHA-NLRTM,THC,215.81,EUR,1.0688
2022-02-045,2022-02-17,CNSHA-NLRTM,DOC,45.0,USD,1.0
2022-02-046,2022-02-17,CNSHA-USLAX,BAS,2005.72,USD,1.0
2022-02-046,2022-02-17,CNSHA-USLAX,BAF,443.45,USD,1.0
2022-02-046,2022-02-17,CNSHA-USLAX,THC,201.64,EUR,1.0688
2022-02-046,2022-02-17,CNSHA-USLAX,DOC,45.0,USD,1.0
2022-02-038,2022-02-18,CNSHA-NLRTM,BAS,2524.5,USD,1.0
2022-02-038,2022-02-18,CNSHA-NLRTM,BAF,454.0,USD,1.0
2022-02-038,2022-02-18,CNSHA-NLRTM,THC,213.33,EUR,1.0688
2022-02-038,2022-02-18,CNSHA-NLRTM,DOC,45.0,USD,1.0
2022-02-039,2022-02-18,CNSHA-USLAX,BAS,1975.58,USD,1.0
2022-02-039,2022-02-18,CNSHA-USLAX,BAF,453.46,USD,1.0
2022-02-039,2022-02-18,CNSHA-USLAX,THC,222.64,EUR,1.0688
2022-02-039,2022-02-18,CNSHA-USLAX,DOC,45.0,USD,1.0
2022-02-016,2022-02-19,CNSHA-USLAX,BAS,1971.51,USD,1.0
2022-02-016,2022-02-19,CNSHA-USLAX,BAF,395.03,USD,1.0
2022-02-016,2022-02-19,CNSHA-USLAX,THC,216.38,EUR,1.0688
2022-02-016,2022-02-19,CNSHA-USLAX,DOC,45.0,USD,1.0
2022-02-020,2022-02-19,CNSHA-NLRTM,BAS,2529.1,USD,1.0
2022-02-020,2022-02-19,CNSHA-NLRTM,BAF,414.55,USD,1.0
2022-02-020,2022-02-19,CNSHA-NLRTM,THC,220.91,EUR,1.0688
2022-02-020,2022-02-19,CNSHA-NLRTM,DOC,45.0,USD,1.0
2022-02-035,2022-02-19,CNSHA-NLRTM,BAS,2521.8,USD,1.0
2022-02-035,2022-02-19,CNSHA-NLRTM,BAF,466.26,USD,1.0
2022-02-035,2022-02-19,CNSHA-NLRTM,THC,212.51,EUR,1.0688
2022-02-035,2022-02-19,CNSHA-NLRTM,DOC,45.0,USD,1.0
2022-02-048,2022-02-19,CNSHA-NLRTM,BAS,2487.46,USD,1.0
2022-02-048,2022-02-19,CNSHA-NLRTM,BAF,422.57,USD,1.0
2022-02-048,2022-02-19,CNSHA-NLRTM,THC,220.78,EUR,1.0688
2022-02-048,2022-02-19,CNSHA-NLRTM,DOC,45.0,USD,1.0
2022-02-021,2022-02-20,CNSHA-USLAX,BAS,1978.81,USD,1.0
2022-02-021,2022-02-20,CNSHA-USLAX,BAF,414.69,USD,1.0
2022-02-021,2022-02-20,CNSHA-USLAX,THC,207.74,EUR,1.0688
2022-02-021,2022-02-20,CNSHA-USLAX,DOC,45.0,USD,1.0
2022-02-023,2022-02-21,CNSHA-USLAX,BAS,2002.17,USD,1.0
2022-02-023,2022-02-21,CNSHA-USLAX,BAF,411.53,USD,1.0
2022-02-023,2022-02-21,CNSHA-USLAX,THC,212.6,EUR,1.0688
2022-02-023,2022-02-21,CNSHA-USLAX,DOC,45.0,USD,1.0
2022-02-027,2022-02-21,CNSHA-USLAX,BAS,1961.98,USD,1.0
2022-02-027,2022-02-21,CNSHA-USLAX,BAF,428.0,USD,1.0
2022-02-027,2022-02-21,CNSHA-USLAX,THC,205.01,EUR,1.0688
2022-02-027,2022-02-21,CNSHA-USLAX,DOC,45.0,USD,1.0
2022-02-031,2022-02-21,CNSHA-NLRTM,BAS,2481.44,USD,1.0
2022-02-031,2022-02-21,CNSHA-NLRTM,BAF,444.88,USD,1.0
2022-02-031,2022-02-21,CNSHA-NLRTM,THC,216.25,EUR,1.0688
2022-02-031,2022-02-21,CNSHA-NLRTM,DOC,45.0,USD,1.0
2022-02-040,2022-02-22,CNSHA-USLAX,BAS,1969.91,USD,1.0
2022-02-040,2022-02-22,CNSHA-USLAX,BAF,442.32,USD,1.0
2022-02-040,2022-02-22,CNSHA-USLAX,THC,211.86,EUR,1.0688
2022-02-040,2022-02-22,CNSHA-USLAX,DOC,45.0,USD,1.0
2022-02-041,2022-02-22,CNSHA-USLAX,BAS,1984.74,USD,1.0
2022-02-041,2022-02-22,CNSHA-USLAX,BAF,455.47,USD,1.0
2022-02-041,2022-02-22,CNSHA-USLAX,THC,218.44,EUR,1.0688
2022-02-041,2022-02-22,CNSHA-USLAX,DOC,45.0,USD,1.0
2022-02-017,2022-02-23,CNSHA-NLRTM,BAS,2488.16,USD,1.0
2022-02-017,2022-02-23,CNSHA-NLRTM,BAF,428.76,USD,1.0
2022-02-017,2022-02-23,CNSHA-NLRTM,THC,208.07,EUR,1.0688
2022-02-017,2022-02-23,CNSHA-NLRTM,DOC,45.0,USD,1.0
2022-02-024,2022-02-23,CNSHA-NLRTM,BAS,2488.29,USD,1.0
2022-02-024,2022-02-23,CNSHA-NLRTM,BAF,454.92,USD,1.0
2022-02-024,2022-02-23,CNSHA-NLRTM,THC,214.96,EUR,1.0688
2022-02-024,2022-02-23,CNSHA-NLRTM,DOC,45.0,USD,1.0
2022-02-026,2022-02-23,CNSHA-USLAX,BAS,1937.82,USD,1.0
2022-02-026,2022-02-23,CNSHA-USLAX,BAF,428.49,USD,1.0
2022-02-026,2022-02-23,CNSHA-USLAX,THC,220.79,EUR,1.0688
2022-02-026,2022-02-23,CNSHA-USLAX,DOC,45.0,USD,1.0
2022-02-057,2022-02-23,CNSHA-NLRTM,BAS,2470.49,USD,1.0
2022-02-057,2022-02-23,CNSHA-NLRTM,BAF,427.25,USD,1.0
2022-02-057,2022-02-23,CNSHA-NLRTM,THC,227.2,EUR,1.0688
2022-02-057,2022-02-23,CNSHA-NLRTM,DOC,45.0,USD,1.0
2022-02-010,2022-02-24,CNSHA-NLRTM,BAS,2526.83,USD,1.0
2022-02-010,2022-02-24,CNSHA-NLRTM,BAF,466.91,USD,1.0
2022-02-010,2022-02-24,CNSHA-NLRTM,THC,225.52,EUR,1.0688
2022-02-010,2022-02-24,CNSHA-NLRTM,DOC,45.0,USD,1.0
2022-02-013,2022-02-25,CNSHA-USLAX,BAS,1982.13,USD,1.0
2022-02-013,2022-02-25,CNSHA-USLAX,BAF,441.07,USD,1.0
2022-02-013,2022-02-25,CNSHA-USLAX,THC,226.32,EUR,1.0688
2022-02-013,2022-02-25,CNSHA-USLAX,DOC,45.0,USD,1.0
2022-02-022,2022-02-25,CNSHA-USLAX,BAS,1985.58,USD,1.0
2022-02-022,2022-02-25,CNSHA-USLAX,BAF,437.32,USD,1.0
2022-02-022,2022-02-25,CNSHA-USLAX,THC,221.16,EUR,1.0688
2022-02-022,2022-02-25,CNSHA-USLAX,DOC,45.0,USD,1.0
2022-02-028,2022-02-25,CNSHA-USLAX,BAS,1975.45,USD,1.0
2022-02-028,2022-02-25,CNSHA-USLAX,BAF,401.49,USD,1.0
2022-02-028,2022-02-25,CNSHA-USLAX,THC,218.92,EUR,1.0688
2022-02-028,2022-02-25,CNSHA-USLAX,DOC,45.0,USD,1.0
2022-02-030,2022-02-25,CNSHA-NLRTM,BAS,2483.81,USD,1.0
2022-02-030,2022-02-25,CNSHA-NLRTM,BAF,475.62,USD,1.0
2022-02-030,2022-02-25,CNSHA-NLRTM,THC,215.36,EUR,1.0688
2022-02-030,2022-02-25,CNSHA-NLRTM,DOC,45.0,USD,1.0
2022-02-002,2022-02-26,CNSHA-NLRTM,BAS,2454.73,USD,1.0
2022-02-002,2022-02-26,CNSHA-NLRTM,BAF,469.8,USD,1.0
2022-02-002,2022-02-26,CNSHA-NLRTM,THC,230.01,EUR,1.0688
2022-02-002,2022-02-26,CNSHA-NLRTM,DOC,45.0,USD,1.0
2022-02-019,2022-02-26,CNSHA-USLAX,BAS,1979.66,USD,1.0
2022-02-019,2022-02-26,CNSHA-USLAX,BAF,470.88,USD,1.0
2022-02-019,2022-02-26,CNSHA-USLAX,THC,224.26,EUR,1.0688
2022-02-019,2022-02-26,CNSHA-USLAX,DOC,45.0,USD,1.0
2022-02-036,2022-02-27,CNSHA-USLAX,BAS,1957.34,USD,1.0
2022-02-036,2022-02-27,CNSHA-USLAX,BAF,464.32,USD,1.0
2022-02-036,2022-02-27,CNSHA-USLAX,THC,215.54,EUR,1.0688
2022-02-036,2022-02-27,CNSHA-USLAX,DOC,45.0,USD,1.0
2022-02-052,2022-02-27,CNSHA-USLAX,BAS,2015.19,USD,1.0
2022-02-052,2022-02-27,CNSHA-USLAX,BAF,413.8,USD,1.0
2022-02-052,2022-02-27,CNSHA-USLAX,THC,219.43,EUR,1.0688
2022-02-052,2022-02-27,CNSHA-USLAX,DOC,45.0,USD,1.0
2022-02-055,2022-02-27,CNSHA-USLAX,BAS,1967.68,USD,1.0
2022-02-055,2022-02-27,CNSHA-USLAX,BAF,445.37,USD,1.0
2022-02-055,2022-02-27,CNSHA-USLAX,THC,219.41,EUR,1.0688
2022-02-055,2022-02-27,CNSHA-USLAX,DOC,45.0,USD,1.0
2022-02-000,2022-02-28,CNSHA-NLRTM,BAS,2485.31,USD,1.0
2022-02-000,2022-02-28,CNSHA-NLRTM,BAF,429.23,USD,1.0
2022-02-000,2022-02-28,CNSHA-NLRTM,THC,219.98,EUR,1.0688
2022-02-000,2022-02-28,CNSHA-NLRTM,DOC,45.0,USD,1.0
2022-02-001,2022-02-28,CNSHA-USLAX,BAS,1961.7,USD,1.0
2022-02-001,2022-02-28,CNSHA-USLAX,BAF,462.55,USD,1.0
2022-02-001,2022-02-28,CNSHA-USLAX,THC,215.63,EUR,1.0688
2022-02-001,2022-02-28,CNSHA-USLAX,DOC,45.0,USD,1.0
2022-02-005,2022-02-28,CNSHA-NLRTM,BAS,2485.22,USD,1.0
2022-02-005,2022-02-28,CNSHA-NLRTM,BAF,472.61,USD,1.0
2022-02-005,2022-02-28,CNSHA-NLRTM,THC,221.21,EUR,1.0688
2022-02-005,2022-02-28,CNSHA-NLRTM,DOC,45.0,USD,1.0
2022-02-018,2022-02-28,CNSHA-USLAX,BAS,1978.26,USD,1.0
2022-02-018,2022-02-28,CNSHA-USLAX,BAF,425.35,USD,1.0
2022-02-018,2022-02-28,CNSHA-USLAX,THC,214.09,EUR,1.0688
2022-02-018,2022-02-28,CNSHA-USLAX,DOC,45.0,USD,1.0
2022-02-032,2022-02-28,CNSHA-NLRTM,BAS,2501.89,USD,1.0
2022-02-032,2022-02-28,CNSHA-NLRTM,BAF,432.87,USD,1.0
2022-02-032,2022-02-28,CNSHA-NLRTM,THC,224.38,EUR,1.0688
2022-02-032,2022-02-28,CNSHA-NLRTM,DOC,45.0,USD,1.0
2022-02-047,2022-02-28,CNSHA-NLRTM,BAS,2503.35,USD,1.0
2022-02-047,2022-02-28,CNSHA-NLRTM,BAF,447.69,USD,1.0
2022-02-047,2022-02-28,CNSHA-NLRTM,THC,214.49,EUR,1.0688
2022-02-047,2022-02-28,CNSHA-NLRTM,DOC,45.0,USD,1.0
2022-02-053,2022-02-28,CNSHA-USLAX,BAS,1992.18,USD,1.0
2022-02-053,2022-02-28,CNSHA-USLAX,BAF,430.35,USD,1.0
2022-02-053,2022-02-28,CNSHA-USLAX,THC,226.0,EUR,1.0688
2022-02-053,2022-02-28,CNSHA-USLAX,DOC,45.0,USD,1.0
2022-03-012,2022-03-02,CNSHA-USLAX,BAS,1980.4,USD,1.0
2022-03-012,2022-03-02,CNSHA-USLAX,BAF,438.56,USD,1.0
2022-03-012,2022-03-02,CNSHA-USLAX,THC,225.82,EUR,1.0641
2022-03-012,2022-03-02,CNSHA-USLAX,DOC,45.0,USD,1.0
2022-03-024,2022-03-02,CNSHA-USLAX,BAS,2014.05,USD,1.0
2022-03-024,2022-03-02,CNSHA-USLAX,BAF,483.92,USD,1.0
2022-03-024,2022-03-02,CNSHA-USLAX,THC,220.88,EUR,1.0641
2022-03-024,2022-03-02,CNSHA-USLAX,DOC,45.0,USD,1.0
2022-03-051,2022-03-02,CNSHA-NLRTM,BAS,2487.14,USD,1.0
2022-03-051,2022-03-02,CNSHA-NLRTM,BAF,459.27,USD,1.0
2022-03-051,2022-03-02,CNSHA-NLRTM,THC,218.23,EUR,1.0641
2022-03-051,2022-03-02,CNSHA-NLRTM,DOC,45.0,USD,1.0
2022-03-057,2022-03-02,CNSHA-NLRTM,BAS,2460.01,USD,1.0
2022-03-057,2022-03-02,CNSHA-NLRTM,BAF,486.47,USD,1.0
2022-03-057,2022-03-02,CNSHA-NLRTM,THC,228.02,EUR,1.0641
2022-03-057,2022-03-02,CNSHA-NLRTM,DOC,45.0,USD,1.0
2022-03-008,2022-03-03,CNSHA-NLRTM,BAS,2489.56,USD,1.0
2022-03-008,2022-03-03,CNSHA-NLRTM,BAF,461.66,USD,1.0
2022-03-008,2022-03-03,CNSHA-NLRTM,THC,222.2,EUR,1.0641
2022-03-008,2022-03-03,CNSHA-NLRTM,DOC,45.0,USD,1.0
2022-03-013,2022-03-03,CNSHA-NLRTM,BAS,2494.68,USD,1.0
2022-03-013,2022-03-03,CNSHA-NLRTM,BAF,454.84,USD,1.0
2022-03-013,2022-03-03,CNSHA-NLRTM,THC,230.24,EUR,1.0641
2022-03-013,2022-03-03,CNSHA-NLRTM,DOC,45.0,USD,1.0
2022-03-018,2022-03-03,CNSHA-USLAX,BAS,1980.08,USD,1.0
2022-03-018,2022-03-03,CNSHA-USLAX,BAF,462.37,USD,1.0
2022-03-018,2022-03-03,CNSHA-USLAX,THC,222.11,EUR,1.0641
2022-03-018,2022-03-03,CNSHA-USLAX,DOC,45.0,USD,1.0
2022-03-041,2022-03-03,CNSHA-USLAX,BAS,1965.76,USD,1.0
2022-03-041,2022-03-03,CNSHA-USLAX,BAF,469.7,USD,1.0
2022-03-041,2022-03-03,CNSHA-USLAX,THC,233.68,EUR,1.0641
2022-03-041,2022-03-03,CNSHA-USLAX,DOC,45.0,USD,1.0
2022-03-028,2022-03-04,CNSHA-NLRTM,BAS,2525.86,USD,1.0
2022-03-028,2022-03-04,CNSHA-NLRTM,BAF,467.11,USD,1.0
2022-03-028,2022-03-04,CNSHA-NLRTM,THC,206.0,EUR,1.0641
2022-03-028,2022-03-04,CNSHA-NLRTM,DOC,45.0,USD,1.0
2022-03-004,2022-03-05,CNSHA-NLRTM,BAS,2491.51,USD,1.0
2022-03-004,2022-03-05,CNSHA-NLRTM,BAF,433.07,USD,1.0
2022-03-004,2022-03-05,CNSHA-NLRTM,THC,223.39,EUR,1.0641
2022-03-004,2022-03-05,CNSHA-NLRTM,DOC,45.0,USD,1.0
2022-03-029,2022-03-05,CNSHA-USLAX,BAS,2062.21,USD,1.0
2022-03-029,2022-03-05,CNSHA-USLAX,BAF,446.6,USD,1.0
2022-03-029,2022-03-05,CNSHA-USLAX,THC,210.75,EUR,1.0641
2022-03-029,2022-03-05,CNSHA-USLAX,DOC,45.0,USD,1.0
2022-03-036,2022-03-06,CNSHA-NLRTM,BAS,2476.14,USD,1.0
2022-03-036,2022-03-06,CNSHA-NLRTM,BAF,415.77,USD,1.0
2022-03-036,2022-03-06,CNSHA-NLRTM,THC,212.41,EUR,1.0641
2022-03-036,2022-03-06,CNSHA-NLRTM,DOC,45.0,USD,1.0
2022-03-022,2022-03-07,CNSHA-NLRTM,BAS,2534.72,USD,1.0
2022-03-022,2022-03-07,CNSHA-NLRTM,BAF,447.75,USD,1.0
2022-03-022,2022-03-07,CNSHA-NLRTM,THC,228.5,EUR,1.0641
2022-03-022,2022-03-07,CNSHA-NLRTM,DOC,45.0,USD,1.0
2022-03-056,2022-03-07,CNSHA-NLRTM,BAS,2477.89,USD,1.0
2022-03-056,2022-03-07,CNSHA-NLRTM,BAF,451.38,USD,1.0
2022-03-056,2022-03-07,CNSHA-NLRTM,THC,232.95,EUR,1.0641
2022-03-056,2022-03-07,CNSHA-NLRTM,DOC,45.0,USD,1.0
2022-03-001,2022-03-08,CNSHA-USLAX,BAS,1994.98,USD,1.0
2022-03-001,2022-03-08,CNSHA-USLAX,BAF,447.37,USD,1.0
2022-03-001,2022-03-08,CNSHA-USLAX,THC,219.23,EUR,1.0641
2022-03-001,2022-03-08,CNSHA-USLAX,DOC,45.0,USD,1.0
2022-03-011,2022-03-08,CNSHA-NLRTM,BAS,2529.3,USD,1.0
2022-03-011,2022-03-08,CNSHA-NLRTM,BAF,447.39,USD,1.0
2022-03-011,2022-03-08,CNSHA-NLRTM,THC,220.64,EUR,1.0641
2022-03-011,2022-03-08,CNSHA-NLRTM,DOC,45.0,USD,1.0
2022-03-020,2022-03-08,CNSHA-USLAX,BAS,1976.38,USD,1.0
2022-03-020,2022-03-08,CNSHA-USLAX,BAF,437.17,USD,1.0
2022-03-020,2022-03-08,CNSHA-USLAX,THC,212.35,EUR,1.0641
2022-03-020,2022-03-08,CNSHA-USLAX,DOC,45.0,USD,1.0
2022-03-039,2022-03-08,CNSHA-USLAX,BAS,1997.2,USD,1.0
2022-03-039,2022-03-08,CNSHA-USLAX,BAF,398.19,USD,1.0
2022-03-039,2022-03-08,CNSHA-USLAX,THC,214.78,EUR,1.0641
2022-03-039,2022-03-08,CNSHA-USLAX,DOC,45.0,USD,1.0
2022-03-003,2022-03-09,CNSHA-NLRTM,BAS,2482.0,USD,1.0
2022-03-003,2022-03-09,CNSHA-NLRTM,BAF,439.97,USD,1.0
2022-03-003,2022-03-09,CNSHA-NLRTM,THC,226.98,EUR,1.0641
2022-03-003,2022-03-09,CNSHA-NLRTM,DOC,45.0,USD,1.0
2022-03-006,2022-03-09,CNSHA-NLRTM,BAS,2523.66,USD,1.0
2022-03-006,2022-03-09,CNSHA-NLRTM,BAF,451.89,USD,1.0
2022-03-006,2022-03-09,CNSHA-NLRTM,THC,210.93,EUR,1.0641
2022-03-006,2022-03-09,CNSHA-NLRTM,DOC,45.0,USD,1.0
2022-03-052,2022-03-10,CNSHA-NLRTM,BAS,2513.06,USD,1.0
2022-03-052,2022-03-10,CNSHA-NLRTM,BAF,433.34,USD,1.0
2022-03-052,2022-03-10,CNSHA-NLRTM,THC,226.46,EUR,1.0641
2022-03-052,2022-03-10,CNSHA-NLRTM,DOC,45.0,USD,1.0
2022-03-027,2022-03-11,CNSHA-USLAX,BAS,1963.69,USD,1.0
2022-03-027,2022-03-11,CNSHA-USLAX,BAF,445.26,USD,1.0
2022-03-027,2022-03-11,CNSHA-USLAX,THC,223.16,EUR,1.0641
2022-03-027,2022-03-11,CNSHA-USLAX,DOC,45.0,USD,1.0
2022-03-031,2022-03-11,CNSHA-USLAX,BAS,2013.01,USD,1.0
2022-03-031,2022-03-11,CNSHA-USLAX,BAF,491.6,USD,1.0
2022-03-031,2022-03-11,CNSHA-USLAX,THC,222.46,EUR,1.0641
2022-03-031,2022-03-11,CNSHA-USLAX,DOC,45.0,USD,1.0
2022-03-042,2022-03-11,CNSHA-USLAX,BAS,1944.81,USD,1.0
2022-03-042,2022-03-11,CNSHA-USLAX,BAF,428.04,USD,1.0
2022-03-042,2022-03-11,CNSHA-USLAX,THC,218.67,EUR,1.0641
2022-03-042,2022-03-11,CNSHA-USLAX,DOC,45.0,USD,1.0
2022-03-048,2022-03-11,CNSHA-NLRTM,BAS,2475.61,USD,1.0
2022-03-048,2022-03-11,CNSHA-NLRTM,BAF,454.87,USD,1.0
2022-03-048,2022-03-11,CNSHA-NLRTM,THC,209.59,EUR,1.0641
2022-03-048,2022-03-11,CNSHA-NLRTM,DOC,45.0,USD,1.0
2022-03-040,2022-03-13,CNSHA-USLAX,BAS,2020.7,USD,1.0
2022-03-040,2022-03-13,CNSHA-USLAX,BAF,456.9,USD,1.0
2022-03-040,2022-03-13,CNSHA-USLAX,THC,215.34,EUR,1.0641
2022-03-040,2022-03-13,CNSHA-USLAX,DOC,45.0,USD,1.0
2022-03-044,2022-03-13,CNSHA-USLAX,BAS,1956.21,USD,1.0
2022-03-044,2022-03-13,CNSHA-USLAX,BAF,440.61,USD,1.0
2022-03-044,2022-03-13,CNSHA-USLAX,THC,220.89,EUR,1.0641
2022-03-044,2022-03-13,CNSHA-USLAX,DOC,45.0,USD,1.0
2022-03-019,2022-03-14,CNSHA-NLRTM,BAS,2471.02,USD,1.0
2022-03-019,2022-03-14,CNSHA-NLRTM,BAF,438.0,USD,1.0
2022-03-019,2022-03-14,CNSHA-NLRTM,THC,227.68,EUR,1.0641
2022-03-019,2022-03-14,CNSHA-NLRTM,DOC,45.0,USD,1.0
2022-03-049,2022-03-14,CNSHA-NLRTM,BAS,2472.14,USD,1.0
2022-03-049,2022-03-14,CNSHA-NLRTM,BAF,453.11,USD,1.0
2022-03-049,2022-03-14,CNSHA-NLRTM,THC,214.37,EUR,1.0641
2022-03-049,2022-03-14,CNSHA-NLRTM,DOC,45.0,USD,1.0
2022-03-058,2022-03-14,CNSHA-NLRTM,BAS,2518.24,USD,1.0
2022-03-058,2022-03-14,CNSHA-NLRTM,BAF,484.79,USD,1.0
2022-03-058,2022-03-14,CNSHA-NLRTM,THC,219.6,EUR,1.0641
2022-03-058,2022-03-14,CNSHA-NLRTM,DOC,45.0,USD,1.0
2022-03-016,2022-03-15,CNSHA-NLRTM,BAS,2504.68,USD,1.0
2022-03-016,2022-03-15,CNSHA-NLRTM,BAF,412.6,USD,1.0
2022-03-016,2022-03-15,CNSHA-NLRTM,THC,227.32,EUR,1.0641
2022-03-016,2022-03-15,CNSHA-NLRTM,DOC,45.0,USD,1.0
2022-03-032,2022-03-15,CNSHA-USLAX,BAS,1989.52,USD,1.0
2022-03-032,2022-03-15,CNSHA-USLAX,BAF,453.66,USD,1.0
2022-03-032,2022-03-15,CNSHA-USLAX,THC,219.21,EUR,1.0641
2022-03-032,2022-03-15,CNSHA-USLAX,DOC,45.0,USD,1.0
2022-03-045,2022-03-16,CNSHA-USLAX,BAS,1983.73,USD,1.0
2022-03-045,2022-03-16,CNSHA-USLAX,BAF,430.14,USD,1.0
2022-03-045,2022-03-16,CNSHA-USLAX,THC,214.1,EUR,1.0641
2022-03-045,2022-03-16,CNSHA-USLAX,DOC,45.0,USD,1.0
2022-03-015,2022-03-17,CNSHA-USLAX,BAS,1919.27,USD,1.0
2022-03-015,2022-03-17,CNSHA-USLAX,BAF,463.3,USD,1.0
2022-03-015,2022-03-17,CNSHA-USLAX,THC,227.45,EUR,1.0641
2022-03-015,2022-03-17,CNSHA-USLAX,DOC,45.0,USD,1.0
2022-03-025,2022-03-17,CNSHA-USLAX,BAS,1979.76,USD,1.0
2022-03-025,2022-03-17,CNSHA-USLAX,BAF,421.0,USD,1.0
2022-03-025,2022-03-17,CNSHA-USLAX,THC,235.9,EUR,1.0641
2022-03-025,2022-03-17,CNSHA-USLAX,DOC,45.0,USD,1.0
2022-03-035,2022-03-17,CNSHA-NLRTM,BAS,2523.29,USD,1.0
2022-03-035,2022-03-17,CNSHA-NLRTM,BAF,436.82,USD,1.0
2022-03-035,2022-03-17,CNSHA-NLRTM,THC,217.71,EUR,1.0641
2022-03-035,2022-03-17,CNSHA-NLRTM,DOC,45.0,USD,1.0
2022-03-023,2022-03-18,CNSHA-USLAX,BAS,2014.15,USD,1.0
2022-03-023,2022-03-18,CNSHA-USLAX,BAF,496.71,USD,1.0
2022-03-023,2022-03-18,CNSHA-USLAX,THC,222.04,EUR,1.0641
2022-03-023,2022-03-18,CNSHA-USLAX,DOC,45.0,USD,1.0
2022-03-038,2022-03-18,CNSHA-USLAX,BAS,1968.51,USD,1.0
2022-03-038,2022-03-18,CNSHA-USLAX,BAF,461.07,USD,1.0
2022-03-038,2022-03-18,CNSHA-USLAX,THC,217.21,EUR,1.0641
2022-03-038,2022-03-18,CNSHA-USLAX,DOC,45.0,USD,1.0
2022-03-050,2022-03-18,CNSHA-USLAX,BAS,1975.51,USD,1.0
2022-03-050,2022-03-18,CNSHA-USLAX,BAF,470.28,USD,1.0
2022-03-050,2022-03-18,CNSHA-USLAX,THC,222.64,EUR,1.0641
2022-03-050,2022-03-18,CNSHA-USLAX,DOC,45.0,USD,1.0
2022-03-034,2022-03-19,CNSHA-USLAX,BAS,2005.68,USD,1.0
2022-03-034,2022-03-19,CNSHA-USLAX,BAF,456.54,USD,1.0
2022-03-034,2022-03-19,CNSHA-USLAX,THC,230.8,EUR,1.0641
2022-03-034,2022-03-19,CNSHA-USLAX,DOC,45.0,USD,1.0
2022-03-047,2022-03-19,CNSHA-USLAX,BAS,2000.99,USD,1.0
2022-03-047,2022-03-19,CNSHA-USLAX,BAF,479.24,USD,1.0
2022-03-047,2022-03-19,CNSHA-USLAX,THC,213.95,EUR,1.0641
2022-03-047,2022-03-19,CNSHA-USLAX,DOC,45.0,USD,1.0
2022-03-043,2022-03-20,CNSHA-USLAX,BAS,2010.86,USD,1.0
2022-03-043,2022-03-20,CNSHA-USLAX,BAF,427.2,USD,1.0
2022-03-043,2022-03-20,CNSHA-USLAX,THC,228.12,EUR,1.0641
2022-03-043,2022-03-20,CNSHA-USLAX,DOC,45.0,USD,1.0
2022-03-002,2022-03-21,CNSHA-USLAX,BAS,1972.65,USD,1.0
2022-03-002,2022-03-21,CNSHA-USLAX,BAF,442.02,USD,1.0
2022-03-002,2022-03-21,CNSHA-USLAX,THC,228.42,EUR,1.0641
2022-03-002,2022-03-21,CNSHA-USLAX,DOC,45.0,USD,1.0
2022-03-009,2022-03-21,CNSHA-NLRTM,BAS,2486.96,USD,1.0
2022-03-009,2022-03-21,CNSHA-NLRTM,BAF,454.19,USD,1.0
2022-03-009,2022-03-21,CNSHA-NLRTM,THC,224.63,EUR,1.0641
2022-03-009,2022-03-21,CNSHA-NLRTM,DOC,45.0,USD,1.0
2022-03-055,2022-03-21,CNSHA-NLRTM,BAS,2505.72,USD,1.0
2022-03-055,2022-03-21,CNSHA-NLRTM,BAF,444.84,USD,1.0
2022-03-055,2022-03-21,CNSHA-NLRTM,THC,223.56,EUR,1.0641
2022-03-055,2022-03-21,CNSHA-NLRTM,DOC,45.0,USD,1.0
2022-03-014,2022-03-23,CNSHA-USLAX,BAS,2017.22,USD,1.0
2022-03-014,2022-03-23,CNSHA-USLAX,BAF,415.63,USD,1.0
2022-03-014,2022-03-23,CNSHA-USLAX,THC,207.26,EUR,1.0641
2022-03-014,2022-03-23,CNSHA-USLAX,DOC,45.0,USD,1.0
2022-03-054,2022-03-23,CNSHA-USLAX,BAS,1970.32,USD,1.0
2022-03-054,2022-03-23,CNSHA-USLAX,BAF,438.35,USD,1.0
2022-03-054,2022-03-23,CNSHA-USLAX,THC,215.62,EUR,1.0641
2022-03-054,2022-03-23,CNSHA-USLAX,DOC,45.0,USD,1.0
2022-03-000,2022-03-24,CNSHA-USLAX,BAS,1990.28,USD,1.0
2022-03-000,2022-03-24,CNSHA-USLAX,BAF,433.34,USD,1.0
2022-03-000,2022-03-24,CNSHA-USLAX,THC,219.65,EUR,1.0641
2022-03-000,2022-03-24,CNSHA-USLAX,DOC,45.0,USD,1.0
2022-03-030,2022-03-24,CNSHA-NLRTM,BAS,2467.81,USD,1.0
2022-03-030,2022-03-24,CNSHA-NLRTM,BAF,429.17,USD,1.0
2022-03-030,2022-03-24,CNSHA-NLRTM,THC,228.98,EUR,1.0641
2022-03-030,2022-03-24,CNSHA-NLRTM,DOC,45.0,USD,1.0
2022-03-046,2022-03-24,CNSHA-NLRTM,BAS,2519.76,USD,1.0
2022-03-046,2022-03-24,CNSHA-NLRTM,BAF,460.42,USD,1.0
2022-03-046,2022-03-24,CNSHA-NLRTM,THC,229.02,EUR,1.0641
2022-03-046,2022-03-24,CNSHA-NLRTM,DOC,45.0,USD,1.0
2022-03-053,2022-03-24,CNSHA-NLRTM,BAS,2516.96,USD,1.0
2022-03-053,2022-03-24,CNSHA-NLRTM,BAF,418.8,USD,1.0
2022-03-053,2022-03-24,CNSHA-NLRTM,THC,221.05,EUR,1.0641
2022-03-053,2022-03-24,CNSHA-NLRTM,DOC,45.0,USD,1.0
2022-03-005,2022-03-25,CNSHA-NLRTM,BAS,2540.91,USD,1.0
2022-03-005,2022-03-25,CNSHA-NLRTM,BAF,432.42,USD,1.0
2022-03-005,2022-03-25,CNSHA-NLRTM,THC,220.94,EUR,1.0641
2022-03-005,2022-03-25,CNSHA-NLRTM,DOC,45.0,USD,1.0
2022-03-021,2022-03-26,CNSHA-NLRTM,BAS,2477.82,USD,1.0
2022-03-021,2022-03-26,CNSHA-NLRTM,BAF,452.25,USD,1.0
2022-03-021,2022-03-26,CNSHA-NLRTM,THC,206.95,EUR,1.0641
2022-03-021,2022-03-26,CNSHA-NLRTM,DOC,45.0,USD,1.0
2022-03-033,2022-03-26,CNSHA-NLRTM,BAS,2548.49,USD,1.0
2022-03-033,2022-03-26,CNSHA-NLRTM,BAF,458.13,USD,1.0
2022-03-033,2022-03-26,CNSHA-NLRTM,THC,209.29,EUR,1.0641
2022-03-033,2022-03-26,CNSHA-NLRTM,DOC,45.0,USD,1.0
2022-03-007,2022-03-27,CNSHA-USLAX,BAS,1989.43,USD,1.0
2022-03-007,2022-03-27,CNSHA-USLAX,BAF,435.64,USD,1.0
2022-03-007,2022-03-27,CNSHA-USLAX,THC,211.3,EUR,1.0641
2022-03-007,2022-03-27,CNSHA-USLAX,DOC,45.0,USD,1.0
2022-03-037,2022-03-27,CNSHA-USLAX,BAS,1987.41,USD,1.0
2022-03-037,2022-03-27,CNSHA-USLAX,BAF,429.27,USD,1.0
2022-03-037,2022-03-27,CNSHA-USLAX,THC,206.02,EUR,1.0641
2022-03-037,2022-03-27,CNSHA-USLAX,DOC,45.0,USD,1.0
2022-03-010,2022-03-28,CNSHA-NLRTM,BAS,2534.41,USD,1.0
2022-03-010,2022-03-28,CNSHA-NLRTM,BAF,451.83,USD,1.0
2022-03-010,2022-03-28,CNSHA-NLRTM,THC,217.93,EUR,1.0641
2022-03-010,2022-03-28,CNSHA-NLRTM,DOC,45.0,USD,1.0
2022-03-017,2022-03-28,CNSHA-USLAX,BAS,1991.65,USD,1.0
2022-03-017,2022-03-28,CNSHA-USLAX,BAF,449.99,USD,1.0
2022-03-017,2022-03-28,CNSHA-USLAX,THC,225.41,EUR,1.0641
2022-03-017,2022-03-28,CNSHA-USLAX,DOC,45.0,USD,1.0
2022-03-026,2022-03-28,CNSHA-NLRTM,BAS,2526.72,USD,1.0
2022-03-026,2022-03-28,CNSHA-NLRTM,BAF,432.23,USD,1.0
2022-03-026,2022-03-28,CNSHA-NLRTM,THC,219.17,EUR,1.0641
2022-03-026,2022-03-28,CNSHA-NLRTM,DOC,45.0,USD,1.0
2022-04-016,2022-04-01,CNSHA-NLRTM,BAS,2517.82,USD,1.0
2022-04-016,2022-04-01,CNSHA-NLRTM,BAF,447.28,USD,1.0
2022-04-016,2022-04-01,CNSHA-NLRTM,THC,207.45,EUR,1.0594
2022-04-016,2022-04-01,CNSHA-NLRTM,DOC,45.0,USD,1.0
2022-04-016,2022-04-01,CNSHA-NLRTM,PSS,200.0,USD,1.0
2022-04-031,2022-04-01,CNSHA-USLAX,BAS,2005.89,USD,1.0
2022-04-031,2022-04-01,CNSHA-USLAX,BAF,451.29,USD,1.0
2022-04-031,2022-04-01,CNSHA-USLAX,THC,215.92,EUR,1.0594
2022-04-031,2022-04-01,CNSHA-USLAX,DOC,45.0,USD,1.0
2022-04-031,2022-04-01,CNSHA-USLAX,PSS,200.0,USD,1.0
2022-04-048,2022-04-01,CNSHA-NLRTM,BAS,2486.4,USD,1.0
2022-04-048,2022-04-01,CNSHA-NLRTM,BAF,471.74,USD,1.0
2022-04-048,2022-04-01,CNSHA-NLRTM,THC,215.24,EUR,1.0594
2022-04-048,2022-04-01,CNSHA-NLRTM,DOC,45.0,USD,1.0
2022-04-048,2022-04-01,CNSHA-NLRTM,PSS,200.0,USD,1.0
2022-04-049,2022-04-01,CNSHA-USLAX,BAS,1997.69,USD,1.0
2022-04-049,2022-04-01,CNSHA-USLAX,BAF,419.38,USD,1.0
2022-04-049,2022-04-01,CNSHA-USLAX,THC,221.69,EUR,1.0594
2022-04-049,2022-04-01,CNSHA-USLAX,DOC,45.0,USD,1.0
2022-04-049,2022-04-01,CNSHA-USLAX,PSS,200.0,USD,1.0
2022-04-062,2022-04-01,CNSHA-USLAX,BAS,1957.63,USD,1.0
2022-04-062,2022-04-01,CNSHA-USLAX,BAF,460.17,USD,1.0
2022-04-062,2022-04-01,CNSHA-USLAX,THC,218.93,EUR,1.0594
2022-04-062,2022-04-01,CNSHA-USLAX,DOC,45.0,USD,1.0
2022-04-062,2022-04-01,CNSHA-USLAX,PSS,200.0,USD,1.0
2022-04-064,2022-04-01,CNSHA-USLAX,BAS,2006.34,USD,1.0
2022-04-064,2022-04-01,CNSHA-USLAX,BAF,466.02,USD,1.0
2022-04-064,2022-04-01,CNSHA-USLAX,THC,211.11,EUR,1.0594
2022-04-064,2022-04-01,CNSHA-USLAX,DOC,45.0,USD,1.0
2022-04-064,2022-04-01,CNSHA-USLAX,PSS,200.0,USD,1.0
2022-04-001,2022-04-02,CNSHA-NLRTM,BAS,2517.43,USD,1.0
2022-04-001,2022-04-02,CNSHA-NLRTM,BAF,425.25,USD,1.0
2022-04-001,2022-04-02,CNSHA-NLRTM,THC,230.88,EUR,1.0594
2022-04-001,2022-04-02,CNSHA-NLRTM,DOC,45.0,USD,1.0
2022-04-001,2022-04-02,CNSHA-NLRTM,PSS,200.0,USD,1.0
2022-04-008,2022-04-02,CNSHA-USLAX,BAS,1985.79,USD,1.0
2022-04-008,2022-04-02,CNSHA-USLAX,BAF,426.58,USD,1.0
2022-04-008,2022-04-02,CNSHA-USLAX,THC,218.36,EUR,1.0594
2022-04-008,2022-04-02,CNSHA-USLAX,DOC,45.0,USD,1.0
2022-04-008,2022-04-02,CNSHA-USLAX,PSS,200.0,USD,1.0
2022-04-051,2022-04-02,CNSHA-USLAX,BAS,1979.2,USD,1.0
2022-04-051,2022-04-02,CNSHA-USLAX,BAF,458.4,USD,1.0
2022-04-051,2022-04-02,CNSHA-USLAX,THC,207.42,EUR,1.0594
2022-04-051,2022-04-02,CNSHA-USLAX,DOC,45.0,USD,1.0
2022-04-051,2022-04-02,CNSHA-USLAX,PSS,200.0,USD,1.0
2022-04-061,2022-04-02,CNSHA-NLRTM,BAS,2539.34,USD,1.0
2022-04-061,2022-04-02,CNSHA-NLRTM,BAF,463.33,USD,1.0
2022-04-061,2022-04-02,CNSHA-NLRTM,THC,233.1,EUR,1.0594
2022-04-061,2022-04-02,CNSHA-NLRTM,DOC,45.0,USD,1.0
2022-04-061,2022-04-02,CNSHA-NLRTM,PSS,200.0,USD,1.0
2022-04-030,2022-04-03,CNSHA-USLAX,BAS,1979.63,USD,1.0
2022-04-030,2022-04-03,CNSHA-USLAX,BAF,448.69,USD,1.0
2022-04-030,2022-04-03,CNSHA-USLAX,THC,223.54,EUR,1.0594
2022-04-030,2022-04-03,CNSHA-USLAX,DOC,45.0,USD,1.0
2022-04-030,2022-04-03,CNSHA-USLAX,PSS,200.0,USD,1.0
2022-04-006,2022-04-04,CNSHA-NLRTM,BAS,2520.33,USD,1.0
2022-04-006,2022-04-04,CNSHA-NLRTM,BAF,441.04,USD,1.0
2022-04-006,2022-04-04,CNSHA-NLRTM,THC,211.43,EUR,1.0594
2022-04-006,2022-04-04,CNSHA-NLRTM,DOC,45.0,USD,1.0
2022-04-006,2022-04-04,CNSHA-NLRTM,PSS,200.0,USD,1.0
2022-04-023,2022-04-04,CNSHA-NLRTM,BAS,2509.64,USD,1.0
2022-04-023,2022-04-04,CNSHA-NLRTM,BAF,416.76,USD,1.0
2022-04-023,2022-04-04,CNSHA-NLRTM,THC,231.94,EUR,1.0594
2022-04-023,2022-04-04,CNSHA-NLRTM,DOC,45.0,USD,1.0
2022-04-023,2022-04-04,CNSHA-NLRTM,PSS,200.0,USD,1.0
2022-04-026,2022-04-04,CNSHA-USLAX,BAS,1973.77,USD,1.0
2022-04-026,2022-04-04,CNSHA-USLAX,BAF,497.4,USD,1.0
2022-04-026,2022-04-04,CNSHA-USLAX,THC,221.0,EUR,1.0594
2022-04-026,2022-04-04,CNSHA-USLAX,DOC,45.0,USD,1.0
2022-04-026,2022-04-04,CNSHA-USLAX,PSS,200.0,USD,1.0
2022-04-033,2022-04-04,CNSHA-NLRTM,BAS,2512.56,USD,1.0
2022-04-033,2022-04-04,CNSHA-NLRTM,BAF,418.91,USD,1.0
2022-04-033,2022-04-04,CNSHA-NLRTM,THC,220.2,EUR,1.0594
2022-04-033,2022-04-04,CNSHA-NLRTM,DOC,45.0,USD,1.0
2022-04-033,2022-04-04,CNSHA-NLRTM,PSS,200.0,USD,1.0
2022-04-036,2022-04-04,CNSHA-USLAX,BAS,1988.09,USD,1.0
2022-04-036,2022-04-04,CNSHA-USLAX,BAF,441.78,USD,1.0
2022-04-036,2022-04-04,CNSHA-USLAX,THC,223.98,EUR,1.0594
2022-04-036,2022-04-04,CNSHA-USLAX,DOC,45.0,USD,1.0
2022-04-036,2022-04-04,CNSHA-USLAX,PSS,200.0,USD,1.0
2022-04-054,2022-04-04,CNSHA-USLAX,BAS,1998.8,USD,1.0
2022-04-054,2022-04-04,CNSHA-USLAX,BAF,479.21,USD,1.0
2022-04-054,2022-04-04,CNSHA-USLAX,THC,225.82,EUR,1.0594
2022-04-054,2022-04-04,CNSHA-USLAX,DOC,45.0,USD,1.0
2022-04-054,2022-04-04,CNSHA-USLAX,PSS,200.0,USD,1.0
2022-04-013,2022-04-05,CNSHA-USLAX,BAS,1984.87,USD,1.0
2022-04-013,2022-04-05,CNSHA-USLAX,BAF,490.98,USD,1.0
2022-04-013,2022-04-05,CNSHA-USLAX,THC,220.02,EUR,1.0594
2022-04-013,2022-04-05,CNSHA-USLAX,DOC,45.0,USD,1.0
2022-04-013,2022-04-05,CNSHA-USLAX,PSS,200.0,USD,1.0
2022-04-027,2022-04-05,CNSHA-NLRTM,BAS,2483.24,USD,1.0
2022-04-027,2022-04-05,CNSHA-NLRTM,BAF,438.41,USD,1.0
2022-04-027,2022-04-05,CNSHA-NLRTM,THC,223.54,EUR,1.0594
2022-04-027,2022-04-05,CNSHA-NLRTM,DOC,45.0,USD,1.0
2022-04-027,2022-04-05,CNSHA-NLRTM,PSS,200.0,USD,1.0
2022-04-040,2022-04-05,CNSHA-NLRTM,BAS,2519.12,USD,1.0
2022-04-040,2022-04-05,CNSHA-NLRTM,BAF,438.16,USD,1.0
2022-04-040,2022-04-05,CNSHA-NLRTM,THC,229.48,EUR,1.0594
2022-04-040,2022-04-05,CNSHA-NLRTM,DOC,45.0,USD,1.0
2022-04-040,2022-04-05,CNSHA-NLRTM,PSS,200.0,USD,1.0
2022-04-042,2022-04-05,CNSHA-USLAX,BAS,1979.46,USD,1.0
2022-04-042,2022-04-05,CNSHA-USLAX,BAF,478.24,USD,1.0
2022-04-042,2022-04-05,CNSHA-USLAX,THC,226.58,EUR,1.0594
2022-04-042,2022-04-05,CNSHA-USLAX,DOC,45.0,USD,1.0
2022-04-042,2022-04-05,CNSHA-USLAX,PSS,200.0,USD,1.0
2022-04-050,2022-04-05,CNSHA-USLAX,BAS,1992.73,USD,1.0
2022-04-050,2022-04-05,CNSHA-USLAX,BAF,461.93,USD,1.0
2022-04-050,2022-04-05,CNSHA-USLAX,THC,218.55,EUR,1.0594
2022-04-050,2022-04-05,CNSHA-USLAX,DOC,45.0,USD,1.0
2022-04-050,2022-04-05,CNSHA-USLAX,PSS,200.0,USD,1.0
2022-04-009,2022-04-06,CNSHA-NLRTM,BAS,2491.33,USD,1.0
2022-04-009,2022-04-06,CNSHA-NLRTM,BAF,451.38,USD,1.0
2022-04-009,2022-04-06,CNSHA-NLRTM,THC,225.39,EUR,1.0594
2022-04-009,2022-04-06,CNSHA-NLRTM,DOC,45.0,USD,1.0
2022-04-009,2022-04-06,CNSHA-NLRTM,PSS,200.0,USD,1.0
2022-04-015,2022-04-06,CNSHA-NLRTM,BAS,2536.2,USD,1.0
2022-04-015,2022-04-06,CNSHA-NLRTM,BAF,431.96,USD,1.0
2022-04-015,2022-04-06,CNSHA-NLRTM,THC,221.62,EUR,1.0594
2022-04-015,2022-04-06,CNSHA-NLRTM,DOC,45.0,USD,1.0
2022-04-015,2022-04-06,CNSHA-NLRTM,PSS,200.0,USD,1.0
2022-04-043,2022-04-06,CNSHA-USLAX,BAS,2012.1,USD,1.0
2022-04-043,2022-04-06,CNSHA-USLAX,BAF,467.77,USD,1.0
2022-04-043,2022-04-06,CNSHA-USLAX,THC,228.0,EUR,1.0594
2022-04-043,2022-04-06,CNSHA-USLAX,DOC,45.0,USD,1.0
2022-04-043,2022-04-06,CNSHA-USLAX,PSS,200.0,USD,1.0
2022-04-029,2022-04-07,CNSHA-NLRTM,BAS,2493.43,USD,1.0
2022-04-029,2022-04-07,CNSHA-NLRTM,BAF,461.09,USD,1.0
2022-04-029,2022-04-07,CNSHA-NLRTM,THC,217.78,EUR,1.0594
2022-04-029,2022-04-07,CNSHA-NLRTM,DOC,45.0,USD,1.0
2022-04-029,2022-04-07,CNSHA-NLRTM,PSS,200.0,USD,1.0
2022-04-044,2022-04-08,CNSHA-USLAX,BAS,1997.94,USD,1.0
2022-04-044,2022-04-08,CNSHA-USLAX,BAF,478.34,USD,1.0
2022-04-044,2022-04-08,CNSHA-USLAX,THC,202.66,EUR,1.0594
2022-04-044,2022-04-08,CNSHA-USLAX,DOC,45.0,USD,1.0
2022-04-044,2022-04-08,CNSHA-USLAX,PSS,200.0,USD,1.0
2022-04-052,2022-04-08,CNSHA-NLRTM,BAS,2518.92,USD,1.0
2022-04-052,2022-04-08,CNSHA-NLRTM,BAF,483.31,USD,1.0
2022-04-052,2022-04-08,CNSHA-NLRTM,THC,221.88,EUR,1.0594
2022-04-052,2022-04-08,CNSHA-NLRTM,DOC,45.0,USD,1.0
2022-04-052,2022-04-08,CNSHA-NLRTM,PSS,200.0,USD,1.0
2022-04-007,2022-04-09,CNSHA-USLAX,BAS,1974.6,USD,1.0
2022-04-007,2022-04-09,CNSHA-USLAX,BAF,489.84,USD,1.0
2022-04-007,2022-04-09,CNSHA-USLAX,THC,218.41,EUR,1.0594
2022-04-007,2022-04-09,CNSHA-USLAX,DOC,45.0,USD,1.0
2022-04-007,2022-04-09,CNSHA-USLAX,PSS,200.0,USD,1.0
2022-04-021,2022-04-09,CNSHA-NLRTM,BAS,2456.63,USD,1.0
2022-04-021,2022-04-09,CNSHA-NLRTM,BAF,460.12,USD,1.0
2022-04-021,2022-04-09,CNSHA-NLRTM,THC,211.9,EUR,1.0594
2022-04-021,2022-04-09,CNSHA-NLRTM,DOC,45.0,USD,1.0
2022-04-021,2022-04-09,CNSHA-NLRTM,PSS,200.0,USD,1.0
2022-04-003,2022-04-11,CNSHA-USLAX,BAS,2025.53,USD,1.0
2022-04-003,2022-04-11,CNSHA-USLAX,BAF,439.71,USD,1.0
2022-04-003,2022-04-11,CNSHA-USLAX,THC,223.98,EUR,1.0594
2022-04-003,2022-04-11,CNSHA-USLAX,DOC,45.0,USD,1.0
2022-04-003,2022-04-11,CNSHA-USLAX,PSS,200.0,USD,1.0
2022-04-017,2022-04-11,CNSHA-NLRTM,BAS,2520.82,USD,1.0
2022-04-017,2022-04-11,CNSHA-NLRTM,BAF,448.91,USD,1.0
2022-04-017,2022-04-11,CNSHA-NLRTM,THC,229.22,EUR,1.0594
2022-04-017,2022-04-11,CNSHA-NLRTM,DOC,45.0,USD,1.0
2022-04-017,2022-04-11,CNSHA-NLRTM,PSS,200.0,USD,1.0
2022-04-056,2022-04-11,CNSHA-USLAX,BAS,1963.75,USD,1.0
2022-04-056,2022-04-11,CNSHA-USLAX,BAF,436.75,USD,1.0
2022-04-056,2022-04-11,CNSHA-USLAX,THC,221.55,EUR,1.0594
2022-04-056,2022-04-11,CNSHA-USLAX,DOC,45.0,USD,1.0
2022-04-056,2022-04-11,CNSHA-USLAX,PSS,200.0,USD,1.0
2022-04-028,2022-04-12,CNSHA-NLRTM,BAS,2494.67,USD,1.0
2022-04-028,2022-04-12,CNSHA-NLRTM,BAF,446.57,USD,1.0
2022-04-028,2022-04-12,CNSHA-NLRTM,THC,220.74,EUR,1.0594
2022-04-028,2022-04-12,CNSHA-NLRTM,DOC,45.0,USD,1.0
2022-04-028,2022-04-12,CNSHA-NLRTM,PSS,200.0,USD,1.0
2022-04-059,2022-04-12,CNSHA-USLAX,BAS,2018.56,USD,1.0
2022-04-059,2022-04-12,CNSHA-USLAX,BAF,436.97,USD,1.0
2022-04-059,2022-04-12,CNSHA-USLAX,THC,218.77,EUR,1.0594
2022-04-059,2022-04-12,CNSHA-USLAX,DOC,45.0,USD,1.0
2022-04-059,2022-04-12,CNSHA-USLAX,PSS,200.0,USD,1.0
2022-04-011,2022-04-13,CNSHA-USLAX,BAS,1973.98,USD,1.0
2022-04-011,2022-04-13,CNSHA-USLAX,BAF,453.95,USD,1.0
2022-04-011,2022-04-13,CNSHA-USLAX,THC,231.7,EUR,1.0594
2022-04-011,2022-04-13,CNSHA-USLAX,DOC,45.0,USD,1.0
2022-04-011,2022-04-13,CNSHA-USLAX,PSS,200.0,USD,1.0
2022-04-000,2022-04-14,CNSHA-USLAX,BAS,1988.19,USD,1.0
2022-04-000,2022-04-14,CNSHA-USLAX,BAF,462.24,USD,1.0
2022-04-000,2022-04-14,CNSHA-USLAX,THC,217.86,EUR,1.0594
2022-04-000,2022-04-14,CNSHA-USLAX,DOC,45.0,USD,1.0
2022-04-000,2022-04-14,CNSHA-USLAX,PSS,200.0,USD,1.0
2022-04-047,2022-04-15,CNSHA-USLAX,BAS,1985.76,USD,1.0
2022-04-047,2022-04-15,CNSHA-USLAX,BAF,463.85,USD,1.0
2022-04-047,2022-04-15,CNSHA-USLAX,THC,230.87,EUR,1.0594
2022-04-047,2022-04-15,CNSHA-USLAX,DOC,45.0,USD,1.0
2022-04-047,2022-04-15,CNSHA-USLAX,PSS,200.0,USD,1.0
2022-04-053,2022-04-15,CNSHA-USLAX,BAS,1955.46,USD,1.0
2022-04-053,2022-04-15,CNSHA-USLAX,BAF,409.23,USD,1.0
2022-04-053,2022-04-15,CNSHA-USLAX,THC,222.08,EUR,1.0594
2022-04-053,2022-04-15,CNSHA-USLAX,DOC,45.0,USD,1.0
2022-04-053,2022-04-15,CNSHA-USLAX,PSS,200.0,USD,1.0
2022-04-025,2022-04-17,CNSHA-NLRTM,BAS,2548.91,USD,1.0
2022-04-025,2022-04-17,CNSHA-NLRTM,BAF,422.28,USD,1.0
2022-04-025,2022-04-17,CNSHA-NLRTM,THC,217.76,EUR,1.0594
2022-04-025,2022-04-17,CNSHA-NLRTM,DOC,45.0,USD,1.0
2022-04-025,2022-04-17,CNSHA-NLRTM,PSS,200.0,USD,1.0
2022-04-041,2022-04-17,CNSHA-NLRTM,BAS,2498.07,USD,1.0
2022-04-041,2022-04-17,CNSHA-NLRTM,BAF,479.63,USD,1.0
2022-04-041,2022-04-17,CNSHA-NLRTM,THC,219.25,EUR,1.0594
2022-04-041,2022-04-17,CNSHA-NLRTM,DOC,45.0,USD,1.0
2022-04-041,2022-04-17,CNSHA-NLRTM,PSS,200.0,USD,1.0
2022-04-058,2022-04-18,CNSHA-USLAX,BAS,2008.65,USD,1.0
2022-04-058,2022-04-18,CNSHA-USLAX,BAF,428.45,USD,1.0
2022-04-058,2022-04-18,CNSHA-USLAX,THC,212.12,EUR,1.0594
2022-04-058,2022-04-18,CNSHA-USLAX,DOC,45.0,USD,1.0
2022-04-058,2022-04-18,CNSHA-USLAX,PSS,200.0,USD,1.0
2022-04-039,2022-04-19,CNSHA-USLAX,BAS,2001.57,USD,1.0
2022-04-039,2022-04-19,CNSHA-USLAX,BAF,467.21,USD,1.0
2022-04-039,2022-04-19,CNSHA-USLAX,THC,226.94,EUR,1.0594
2022-04-039,2022-04-19,CNSHA-USLAX,DOC,45.0,USD,1.0
2022-04-039,2022-04-19,CNSHA-USLAX,PSS,200.0,USD,1.0
2022-04-060,2022-04-19,CNSHA-USLAX,BAS,2014.9,USD,1.0
2022-04-060,2022-04-19,CNSHA-USLAX,BAF,433.64,USD,1.0
2022-04-060,2022-04-19,CNSHA-USLAX,THC,225.51,EUR,1.0594
2022-04-060,2022-04-19,CNSHA-USLAX,DOC,45.0,USD,1.0
2022-04-060,2022-04-19,CNSHA-USLAX,PSS,200.0,USD,1.0
2022-04-018,2022-04-20,CNSHA-USLAX,BAS,2002.06,USD,1.0
2022-04-018,2022-04-20,CNSHA-USLAX,BAF,488.87,USD,1.0
2022-04-018,2022-04-20,CNSHA-USLAX,THC,230.67,EUR,1.0594
2022-04-018,2022-04-20,CNSHA-USLAX,DOC,45.0,USD,1.0
2022-04-018,2022-04-20,CNSHA-USLAX,PSS,200.0,USD,1.0
2022-04-005,2022-04-21,CNSHA-USLAX,BAS,1985.48,USD,1.0
2022-04-005,2022-04-21,CNSHA-USLAX,BAF,414.38,USD,1.0
2022-04-005,2022-04-21,CNSHA-USLAX,THC,217.99,EUR,1.0594
2022-04-005,2022-04-21,CNSHA-USLAX,DOC,45.0,USD,1.0
2022-04-005,2022-04-21,CNSHA-USLAX,PSS,200.0,USD,1.0
2022-04-045,2022-04-21,CNSHA-NLRTM,BAS,2534.66,USD,1.0
2022-04-045,2022-04-21,CNSHA-NLRTM,BAF,447.98,USD,1.0
2022-04-045,2022-04-21,CNSHA-NLRTM,THC,225.42,EUR,1.0594
2022-04-045,2022-04-21,CNSHA-NLRTM,DOC,45.0,USD,1.0
2022-04-045,2022-04-21,CNSHA-NLRTM,PSS,200.0,USD,1.0
2022-04-046,2022-04-21,CNSHA-USLAX,BAS,2016.41,USD,1.0
2022-04-046,2022-04-21,CNSHA-USLAX,BAF,471.01,USD,1.0
2022-04-046,2022-04-21,CNSHA-USLAX,THC,220.55,EUR,1.0594
2022-04-046,2022-04-21,CNSHA-USLAX,DOC,45.0,USD,1.0
2022-04-046,2022-04-21,CNSHA-USLAX,PSS,200.0,USD,1.0
2022-04-014,2022-04-22,CNSHA-USLAX,BAS,1988.79,USD,1.0
2022-04-014,2022-04-22,CNSHA-USLAX,BAF,432.36,USD,1.0
2022-04-014,2022-04-22,CNSHA-USLAX,THC,221.5,EUR,1.0594
2022-04-014,2022-04-22,CNSHA-USLAX,DOC,45.0,USD,1.0
2022-04-014,2022-04-22,CNSHA-USLAX,PSS,200.0,USD,1.0
2022-04-032,2022-04-22,CNSHA-USLAX,BAS,2012.63,USD,1.0
2022-04-032,2022-04-22,CNSHA-USLAX,BAF,430.3,USD,1.0
2022-04-032,2022-04-22,CNSHA-USLAX,THC,223.07,EUR,1.0594
2022-04-032,2022-04-22,CNSHA-USLAX,DOC,45.0,USD,1.0
2022-04-032,2022-04-22,CNSHA-USLAX,PSS,200.0,USD,1.0
2022-04-057,2022-04-22,CNSHA-USLAX,BAS,1987.18,USD,1.0
2022-04-057,2022-04-22,CNSHA-USLAX,BAF,428.39,USD,1.0
2022-04-057,2022-04-22,CNSHA-USLAX,THC,229.07,EUR,1.0594
2022-04-057,2022-04-22,CNSHA-USLAX,DOC,45.0,USD,1.0
2022-04-057,2022-04-22,CNSHA-USLAX,PSS,200.0,USD,1.0
2022-04-002,2022-04-23,CNSHA-USLAX,BAS,1975.08,USD,1.0
2022-04-002,2022-04-23,CNSHA-USLAX,BAF,456.56,USD,1.0
2022-04-002,2022-04-23,CNSHA-USLAX,THC,221.23,EUR,1.0594
2022-04-002,2022-04-23,CNSHA-USLAX,DOC,45.0,USD,1.0
2022-04-002,2022-04-23,CNSHA-USLAX,PSS,200.0,USD,1.0
2022-04-010,2022-04-23,CNSHA-USLAX,BAS,1997.22,USD,1.0
2022-04-010,2022-04-23,CNSHA-USLAX,BAF,437.55,USD,1.0
2022-04-010,2022-04-23,CNSHA-USLAX,THC,226.3,EUR,1.0594
2022-04-010,2022-04-23,CNSHA-USLAX,DOC,45.0,USD,1.0
2022-04-010,2022-04-23,CNSHA-USLAX,PSS,200.0,USD,1.0
2022-04-022,2022-04-23,CNSHA-USLAX,BAS,2005.44,USD,1.0
2022-04-022,2022-04-23,CNSHA-USLAX,BAF,458.06,USD,1.0
2022-04-022,2022-04-23,CNSHA-USLAX,THC,211.86,EUR,1.0594
2022-04-022,2022-04-23,CNSHA-USLAX,DOC,45.0,USD,1.0
2022-04-022,2022-04-23,CNSHA-USLAX,PSS,200.0,USD,1.0
2022-04-019,2022-04-24,CNSHA-NLRTM,BAS,2494.72,USD,1.0
2022-04-019,2022-04-24,CNSHA-NLRTM,BAF,454.91,USD,1.0
2022-04-019,2022-04-24,CNSHA-NLRTM,THC,225.61,EUR,1.0594
2022-04-019,2022-04-24,CNSHA-NLRTM,DOC,45.0,USD,1.0
2022-04-019,2022-04-24,CNSHA-NLRTM,PSS,200.0,USD,1.0
2022-04-034,2022-04-24,CNSHA-USLAX,BAS,2003.46,USD,1.0
2022-04-034,2022-04-24,CNSHA-USLAX,BAF,504.06,USD,1.0
2022-04-034,2022-04-24,CNSHA-USLAX,THC,215.81,EUR,1.0594
2022-04-034,2022-04-24,CNSHA-USLAX,DOC,45.0,USD,1.0
2022-04-034,2022-04-24,CNSHA-USLAX,PSS,200.0,USD,1.0
2022-04-037,2022-04-24,CNSHA-NLRTM,BAS,2501.31,USD,1.0
2022-04-037,2022-04-24,CNSHA-NLRTM,BAF,412.16,USD,1.0
2022-04-037,2022-04-24,CNSHA-NLRTM,THC,213.05,EUR,1.0594
2022-04-037,2022-04-24,CNSHA-NLRTM,DOC,45.0,USD,1.0
2022-04-037,2022-04-24,CNSHA-NLRTM,PSS,200.0,USD,1.0
2022-04-004,2022-04-26,CNSHA-NLRTM,BAS,2533.29,USD,1.0
2022-04-004,2022-04-26,CNSHA-NLRTM,BAF,446.06,USD,1.0
2022-04-004,2022-04-26,CNSHA-NLRTM,THC,218.0,EUR,1.0594
2022-04-004,2022-04-26,CNSHA-NLRTM,DOC,45.0,USD,1.0
2022-04-004,2022-04-26,CNSHA-NLRTM,PSS,200.0,USD,1.0
2022-04-012,2022-04-26,CNSHA-NLRTM,BAS,2541.64,USD,1.0
2022-04-012,2022-04-26,CNSHA-NLRTM,BAF,431.72,USD,1.0
2022-04-012,2022-04-26,CNSHA-NLRTM,THC,219.1,EUR,1.0594
2022-04-012,2022-04-26,CNSHA-NLRTM,DOC,45.0,USD,1.0
2022-04-012,2022-04-26,CNSHA-NLRTM,PSS,200.0,USD,1.0
2022-04-024,2022-04-26,CNSHA-USLAX,BAS,1963.53,USD,1.0
2022-04-024,2022-04-26,CNSHA-USLAX,BAF,470.99,USD,1.0
2022-04-024,2022-04-26,CNSHA-USLAX,THC,211.09,EUR,1.0594
2022-04-024,2022-04-26,CNSHA-USLAX,DOC,45.0,USD,1.0
2022-04-024,2022-04-26,CNSHA-USLAX,PSS,200.0,USD,1.0
2022-04-035,2022-04-27,CNSHA-NLRTM,BAS,2478.06,USD,1.0
2022-04-035,2022-04-27,CNSHA-NLRTM,BAF,474.11,USD,1.0
2022-04-035,2022-04-27,CNSHA-NLRTM,THC,220.29,EUR,1.0594
2022-04-035,2022-04-27,CNSHA-NLRTM,DOC,45.0,USD,1.0
2022-04-035,2022-04-27,CNSHA-NLRTM,PSS,200.0,USD,1.0
2022-04-038,2022-04-27,CNSHA-USLAX,BAS,2000.14,USD,1.0
2022-04-038,2022-04-27,CNSHA-USLAX,BAF,454.78,USD,1.0
2022-04-038,2022-04-27,CNSHA-USLAX,THC,219.86,EUR,1.0594
2022-04-038,2022-04-27,CNSHA-USLAX,DOC,45.0,USD,1.0
2022-04-038,2022-04-27,CNSHA-USLAX,PSS,200.0,USD,1.0
2022-04-063,2022-04-27,CNSHA-USLAX,BAS,1976.28,USD,1.0
2022-04-063,2022-04-27,CNSHA-USLAX,BAF,461.2,USD,1.0
2022-04-063,2022-04-27,CNSHA-USLAX,THC,222.14,EUR,1.0594
2022-04-063,2022-04-27,CNSHA-USLAX,DOC,45.0,USD,1.0
2022-04-063,2022-04-27,CNSHA-USLAX,PSS,200.0,USD,1.0
2022-04-020,2022-04-28,CNSHA-NLRTM,BAS,2512.28,USD,1.0
2022-04-020,2022-04-28,CNSHA-NLRTM,BAF,432.52,USD,1.0
2022-04-020,2022-04-28,CNSHA-NLRTM,THC,219.51,EUR,1.0594
2022-04-020,2022-04-28,CNSHA-NLRTM,DOC,45.0,USD,1.0
2022-04-020,2022-04-28,CNSHA-NLRTM,PSS,200.0,USD,1.0
2022-04-055,2022-04-28,CNSHA-NLRTM,BAS,2488.19,USD,1.0
2022-04-055,2022-04-28,CNSHA-NLRTM,BAF,455.94,USD,1.0
2022-04-055,2022-04-28,CNSHA-NLRTM,THC,210.87,EUR,1.0594
2022-04-055,2022-04-28,CNSHA-NLRTM,DOC,45.0,USD,1.0
2022-04-055,2022-04-28,CNSHA-NLRTM,PSS,200.0,USD,1.0
2022-05-029,2022-05-02,CNSHA-USLAX,BAS,2006.55,USD,1.0
2022-05-029,2022-05-02,CNSHA-USLAX,BAF,444.07,USD,1.0
2022-05-029,2022-05-02,CNSHA-USLAX,THC,221.87,EUR,1.0547
2022-05-029,2022-05-02,CNSHA-USLAX,DOC,45.0,USD,1.0
2022-05-029,2022-05-02,CNSHA-USLAX,PSS,200.0,USD,1.0
2022-05-060,2022-05-02,CNSHA-NLRTM,BAS,2534.13,USD,1.0
2022-05-060,2022-05-02,CNSHA-NLRTM,BAF,438.26,USD,1.0
2022-05-060,2022-05-02,CNSHA-NLRTM,THC,216.81,EUR,1.0547
2022-05-060,2022-05-02,CNSHA-NLRTM,DOC,45.0,USD,1.0
2022-05-060,2022-05-02,CNSHA-NLRTM,PSS,200.0,USD,1.0
2022-05-061,2022-05-02,CNSHA-NLRTM,BAS,2518.11,USD,1.0
2022-05-061,2022-05-02,CNSHA-NLRTM,BAF,459.2,USD,1.0
2022-05-061,2022-05-02,CNSHA-NLRTM,THC,213.8,EUR,1.0547
2022-05-061,2022-05-02,CNSHA-NLRTM,DOC,45.0,USD,1.0
2022-05-061,2022-05-02,CNSHA-NLRTM,PSS,200.0,USD,1.0
2022-05-031,2022-05-03,CNSHA-NLRTM,BAS,2481.0,USD,1.0
2022-05-031,2022-05-03,CNSHA-NLRTM,BAF,450.12,USD,1.0
2022-05-031,2022-05-03,CNSHA-NLRTM,THC,228.76,EUR,1.0547
2022-05-031,2022-05-03,CNSHA-NLRTM,DOC,45.0,USD,1.0
2022-05-031,2022-05-03,CNSHA-NLRTM,PSS,200.0,USD,1.0
2022-05-046,2022-05-03,CNSHA-NLRTM,BAS,2559.46,USD,1.0
2022-05-046,2022-05-03,CNSHA-NLRTM,BAF,421.21,USD,1.0
2022-05-046,2022-05-03,CNSHA-NLRTM,THC,222.49,EUR,1.0547
2022-05-046,2022-05-03,CNSHA-NLRTM,DOC,45.0,USD,1.0
2022-05-046,2022-05-03,CNSHA-NLRTM,PSS,200.0,USD,1.0
2022-05-048,2022-05-03,CNSHA-NLRTM,BAS,2507.37,USD,1.0
2022-05-048,2022-05-03,CNSHA-NLRTM,BAF,460.18,USD,1.0
2022-05-048,2022-05-03,CNSHA-NLRTM,THC,219.49,EUR,1.0547
2022-05-048,2022-05-03,CNSHA-NLRTM,DOC,45.0,USD,1.0
2022-05-048,2022-05-03,CNSHA-NLRTM,PSS,200.0,USD,1.0
2022-05-023,2022-05-04,CNSHA-USLAX,BAS,2018.08,USD,1.0
2022-05-023,2022-05-04,CNSHA-USLAX,BAF,433.23,USD,1.0
2022-05-023,2022-05-04,CNSHA-USLAX,THC,218.77,EUR,1.0547
2022-05-023,2022-05-04,CNSHA-USLAX,DOC,45.0,USD,1.0
2022-05-023,2022-05-04,CNSHA-USLAX,PSS,200.0,USD,1.0
2022-05-033,2022-05-04,CNSHA-USLAX,BAS,1984.26,USD,1.0
2022-05-033,2022-05-04,CNSHA-USLAX,BAF,408.8,USD,1.0
2022-05-033,2022-05-04,CNSHA-USLAX,THC,222.54,EUR,1.0547
2022-05-033,2022-05-04,CNSHA-USLAX,DOC,45.0,USD,1.0
2022-05-033,2022-05-04,CNSHA-USLAX,PSS,200.0,USD,1.0
2022-05-042,2022-05-04,CNSHA-NLRTM,BAS,2518.93,USD,1.0
2022-05-042,2022-05-04,CNSHA-NLRTM,BAF,478.79,USD,1.0
2022-05-042,2022-05-04,CNSHA-NLRTM,THC,215.17,EUR,1.0547
2022-05-042,2022-05-04,CNSHA-NLRTM,DOC,45.0,USD,1.0
2022-05-042,2022-05-04,CNSHA-NLRTM,PSS,200.0,USD,1.0
2022-05-058,2022-05-04,CNSHA-USLAX,BAS,2006.69,USD,1.0
2022-05-058,2022-05-04,CNSHA-USLAX,BAF,442.64,USD,1.0
2022-05-058,2022-05-04,CNSHA-USLAX,THC,230.63,EUR,1.0547
2022-05-058,2022-05-04,CNSHA-USLAX,DOC,45.0,USD,1.0
2022-05-058,2022-05-04,CNSHA-USLAX,PSS,200.0,USD,1.0
2022-05-043,2022-05-05,CNSHA-USLAX,BAS,2008.65,USD,1.0
2022-05-043,2022-05-05,CNSHA-USLAX,BAF,423.73,USD,1.0
2022-05-043,2022-05-05,CNSHA-USLAX,THC,225.43,EUR,1.0547
2022-05-043,2022-05-05,CNSHA-USLAX,DOC,45.0,USD,1.0
2022-05-043,2022-05-05,CNSHA-USLAX,PSS,200.0,USD,1.0
2022-05-045,2022-05-05,CNSHA-USLAX,BAS,2013.4,USD,1.0
2022-05-045,2022-05-05,CNSHA-USLAX,BAF,449.15,USD,1.0
2022-05-045,2022-05-05,CNSHA-USLAX,THC,223.8,EUR,1.0547
2022-05-045,2022-05-05,CNSHA-USLAX,DOC,45.0,USD,1.0
2022-05-045,2022-05-05,CNSHA-USLAX,PSS,200.0,USD,1.0
2022-05-009,2022-05-06,CNSHA-USLAX,BAS,2006.63,USD,1.0
2022-05-009,2022-05-06,CNSHA-USLAX,BAF,421.95,USD,1.0
2022-05-009,2022-05-06,CNSHA-USLAX,THC,216.24,EUR,1.0547
2022-05-009,2022-05-06,CNSHA-USLAX,DOC,45.0,USD,1.0
2022-05-009,2022-05-06,CNSHA-USLAX,PSS,200.0,USD,1.0
2022-05-010,2022-05-06,CNSHA-USLAX,BAS,1990.68,USD,1.0
2022-05-010,2022-05-06,CNSHA-USLAX,BAF,451.13,USD,1.0
2022-05-010,2022-05-06,CNSHA-USLAX,THC,209.24,EUR,1.0547
2022-05-010,2022-05-06,CNSHA-USLAX,DOC,45.0,USD,1.0
2022-05-010,2022-05-06,CNSHA-USLAX,PSS,200.0,USD,1.0
2022-05-016,2022-05-06,CNSHA-USLAX,BAS,2034.39,USD,1.0
2022-05-016,2022-05-06,CNSHA-USLAX,BAF,446.35,USD,1.0
2022-05-016,2022-05-06,CNSHA-USLAX,THC,226.95,EUR,1.0547
2022-05-016,2022-05-06,CNSHA-USLAX,DOC,45.0,USD,1.0
2022-05-016,2022-05-06,CNSHA-USLAX,PSS,200.0,USD,1.0
2022-05-003,2022-05-07,CNSHA-NLRTM,BAS,2519.84,USD,1.0
2022-05-003,2022-05-07,CNSHA-NLRTM,BAF,440.98,USD,1.0
2022-05-003,2022-05-07,CNSHA-NLRTM,THC,214.54,EUR,1.0547
2022-05-003,2022-05-07,CNSHA-NLRTM,DOC,45.0,USD,1.0
2022-05-003,2022-05-07,CNSHA-NLRTM,PSS,200.0,USD,1.0
2022-05-044,2022-05-07,CNSHA-USLAX,BAS,1967.15,USD,1.0
2022-05-044,2022-05-07,CNSHA-USLAX,BAF,455.33,USD,1.0
2022-05-044,2022-05-07,CNSHA-USLAX,THC,229.4,EUR,1.0547
2022-05-044,2022-05-07,CNSHA-USLAX,DOC,45.0,USD,1.0
2022-05-044,2022-05-07,CNSHA-USLAX,PSS,200.0,USD,1.0
2022-05-034,2022-05-08,CNSHA-USLAX,BAS,1966.06,USD,1.0
2022-05-034,2022-05-08,CNSHA-USLAX,BAF,450.1,USD,1.0
2022-05-034,2022-05-08,CNSHA-USLAX,THC,227.6,EUR,1.0547
2022-05-034,2022-05-08,CNSHA-USLAX,DOC,45.0,USD,1.0
2022-05-034,2022-05-08,CNSHA-USLAX,PSS,200.0,USD,1.0
2022-05-013,2022-05-09,CNSHA-NLRTM,BAS,2531.07,USD,1.0
2022-05-013,2022-05-09,CNSHA-NLRTM,BAF,469.58,USD,1.0
2022-05-013,2022-05-09,CNSHA-NLRTM,THC,219.91,EUR,1.0547
2022-05-013,2022-05-09,CNSHA-NLRTM,DOC,45.0,USD,1.0
2022-05-013,2022-05-09,CNSHA-NLRTM,PSS,200.0,USD,1.0
2022-05-014,2022-05-09,CNSHA-USLAX,BAS,2012.76,USD,1.0
2022-05-014,2022-05-09,CNSHA-USLAX,BAF,446.92,USD,1.0
2022-05-014,2022-05-09,CNSHA-USLAX,THC,218.7,EUR,1.0547
2022-05-014,2022-05-09,CNSHA-USLAX,DOC,45.0,USD,1.0
2022-05-014,2022-05-09,CNSHA-USLAX,PSS,200.0,USD,1.0
2022-05-001,2022-05-11,CNSHA-USLAX,BAS,1955.64,USD,1.0
2022-05-001,2022-05-11,CNSHA-USLAX,BAF,463.27,USD,1.0
2022-05-001,2022-05-11,CNSHA-USLAX,THC,231.73,EUR,1.0547
2022-05-001,2022-05-11,CNSHA-USLAX,DOC,45.0,USD,1.0
2022-05-001,2022-05-11,CNSHA-USLAX,PSS,200.0,USD,1.0
2022-05-019,2022-05-11,CNSHA-NLRTM,BAS,2527.78,USD,1.0
2022-05-019,2022-05-11,CNSHA-NLRTM,BAF,467.9,USD,1.0
2022-05-019,2022-05-11,CNSHA-NLRTM,THC,229.04,EUR,1.0547
2022-05-019,2022-05-11,CNSHA-NLRTM,DOC,45.0,USD,1.0
2022-05-019,2022-05-11,CNSHA-NLRTM,PSS,200.0,USD,1.0
2022-05-000,2022-05-12,CNSHA-NLRTM,BAS,2523.52,USD,1.0
2022-05-000,2022-05-12,CNSHA-NLRTM,BAF,455.94,USD,1.0
2022-05-000,2022-05-12,CNSHA-NLRTM,THC,222.01,EUR,1.0547
2022-05-000,2022-05-12,CNSHA-NLRTM,DOC,45.0,USD,1.0
2022-05-000,2022-05-12,CNSHA-NLRTM,PSS,200.0,USD,1.0
2022-05-002,2022-05-12,CNSHA-NLRTM,BAS,2496.87,USD,1.0
2022-05-002,2022-05-12,CNSHA-NLRTM,BAF,486.02,USD,1.0
2022-05-002,2022-05-12,CNSHA-NLRTM,THC,222.3,EUR,1.0547
2022-05-002,2022-05-12,CNSHA-NLRTM,DOC,45.0,USD,1.0
2022-05-002,2022-05-12,CNSHA-NLRTM,PSS,200.0,USD,1.0
2022-05-036,2022-05-12,CNSHA-NLRTM,BAS,2529.77,USD,1.0
2022-05-036,2022-05-12,CNSHA-NLRTM,BAF,457.88,USD,1.0
2022-05-036,2022-05-12,CNSHA-NLRTM,THC,225.65,EUR,1.0547
2022-05-036,2022-05-12,CNSHA-NLRTM,DOC,45.0,USD,1.0
2022-05-036,2022-05-12,CNSHA-NLRTM,PSS,200.0,USD,1.0
2022-05-063,2022-05-12,CNSHA-NLRTM,BAS,2492.1,USD,1.0
2022-05-063,2022-05-12,CNSHA-NLRTM,BAF,434.22,USD,1.0
2022-05-063,2022-05-12,CNSHA-NLRTM,THC,213.73,EUR,1.0547
2022-05-063,2022-05-12,CNSHA-NLRTM,DOC,45.0,USD,1.0
2022-05-063,2022-05-12,CNSHA-NLRTM,PSS,200.0,USD,1.0
2022-05-049,2022-05-13,CNSHA-NLRTM,BAS,2529.79,USD,1.0
2022-05-049,2022-05-13,CNSHA-NLRTM,BAF,394.16,USD,1.0
2022-05-049,2022-05-13,CNSHA-NLRTM,THC,218.86,EUR,1.0547
2022-05-049,2022-05-13,CNSHA-NLRTM,DOC,45.0,USD,1.0
2022-05-049,2022-05-13,CNSHA-NLRTM,PSS,200.0,USD,1.0
2022-05-005,2022-05-14,CNSHA-USLAX,BAS,1999.68,USD,1.0
2022-05-005,2022-05-14,CNSHA-USLAX,BAF,412.79,USD,1.0
2022-05-005,2022-05-14,CNSHA-USLAX,THC,216.68,EUR,1.0547
2022-05-005,2022-05-14,CNSHA-USLAX,DOC,45.0,USD,1.0
2022-05-005,2022-05-14,CNSHA-USLAX,PSS,200.0,USD,1.0
2022-05-008,2022-05-14,CNSHA-USLAX,BAS,2021.28,USD,1.0
2022-05-008,2022-05-14,CNSHA-USLAX,BAF,424.91,USD,1.0
2022-05-008,2022-05-14,CNSHA-USLAX,THC,211.55,EUR,1.0547
2022-05-008,2022-05-14,CNSHA-USLAX,DOC,45.0,USD,1.0
2022-05-008,2022-05-14,CNSHA-USLAX,PSS,200.0,USD,1.0
2022-05-024,2022-05-14,CNSHA-NLRTM,BAS,2511.81,USD,1.0
2022-05-024,2022-05-14,CNSHA-NLRTM,BAF,434.44,USD,1.0
2022-05-024,2022-05-14,CNSHA-NLRTM,THC,217.28,EUR,1.0547
2022-05-024,2022-05-14,CNSHA-NLRTM,DOC,45.0,USD,1.0
2022-05-024,2022-05-14,CNSHA-NLRTM,PSS,200.0,USD,1.0
2022-05-030,2022-05-14,CNSHA-NLRTM,BAS,2481.11,USD,1.0
2022-05-030,2022-05-14,CNSHA-NLRTM,BAF,397.59,USD,1.0
2022-05-030,2022-05-14,CNSHA-NLRTM,THC,226.79,EUR,1.0547
2022-05-030,2022-05-14,CNSHA-NLRTM,DOC,45.0,USD,1.0
2022-05-030,2022-05-14,CNSHA-NLRTM,PSS,200.0,USD,1.0
2022-05-032,2022-05-14,CNSHA-NLRTM,BAS,2528.18,USD,1.0
2022-05-032,2022-05-14,CNSHA-NLRTM,BAF,464.69,USD,1.0
2022-05-032,2022-05-14,CNSHA-NLRTM,THC,220.05,EUR,1.0547
2022-05-032,2022-05-14,CNSHA-NLRTM,DOC,45.0,USD,1.0
2022-05-032,2022-05-14,CNSHA-NLRTM,PSS,200.0,USD,1.0
2022-05-054,2022-05-14,CNSHA-NLRTM,BAS,2501.07,USD,1.0
2022-05-054,2022-05-14,CNSHA-NLRTM,BAF,470.54,USD,1.0
2022-05-054,2022-05-14,CNSHA-NLRTM,THC,218.16,EUR,1.0547
2022-05-054,2022-05-14,CNSHA-NLRTM,DOC,45.0,USD,1.0
2022-05-054,2022-05-14,CNSHA-NLRTM,PSS,200.0,USD,1.0
2022-05-021,2022-05-15,CNSHA-USLAX,BAS,2034.12,USD,1.0
2022-05-021,2022-05-15,CNSHA-USLAX,BAF,470.84,USD,1.0
2022-05-021,2022-05-15,CNSHA-USLAX,THC,221.86,EUR,1.0547
2022-05-021,2022-05-15,CNSHA-USLAX,DOC,45.0,USD,1.0
2022-05-021,2022-05-15,CNSHA-USLAX,PSS,200.0,USD,1.0
2022-05-025,2022-05-15,CNSHA-NLRTM,BAS,2525.09,USD,1.0
2022-05-025,2022-05-15,CNSHA-NLRTM,BAF,471.22,USD,1.0
2022-05-025,2022-05-15,CNSHA-NLRTM,THC,227.44,EUR,1.0547
2022-05-025,2022-05-15,CNSHA-NLRTM,DOC,45.0,USD,1.0
2022-05-025,2022-05-15,CNSHA-NLRTM,PSS,200.0,USD,1.0
2022-05-028,2022-05-15,CNSHA-NLRTM,BAS,2522.73,USD,1.0
2022-05-028,2022-05-15,CNSHA-NLRTM,BAF,441.44,USD,1.0
2022-05-028,2022-05-15,CNSHA-NLRTM,THC,225.6,EUR,1.0547
2022-05-028,2022-05-15,CNSHA-NLRTM,DOC,45.0,USD,1.0
2022-05-028,2022-05-15,CNSHA-NLRTM,PSS,200.0,USD,1.0
2022-05-050,2022-05-15,CNSHA-USLAX,BAS,2001.23,USD,1.0
2022-05-050,2022-05-15,CNSHA-USLAX,BAF,445.86,USD,1.0
2022-05-050,2022-05-15,CNSHA-USLAX,THC,222.57,EUR,1.0547
2022-05-050,2022-05-15,CNSHA-USLAX,DOC,45.0,USD,1.0
2022-05-050,2022-05-15,CNSHA-USLAX,PSS,200.0,USD,1.0
2022-05-062,2022-05-15,CNSHA-NLRTM,BAS,2508.65,USD,1.0
2022-05-062,2022-05-15,CNSHA-NLRTM,BAF,463.38,USD,1.0
2022-05-062,2022-05-15,CNSHA-NLRTM,THC,216.38,EUR,1.0547
2022-05-062,2022-05-15,CNSHA-NLRTM,DOC,45.0,USD,1.0
2022-05-062,2022-05-15,CNSHA-NLRTM,PSS,200.0,USD,1.0
2022-05-007,2022-05-16,CNSHA-NLRTM,BAS,2494.51,USD,1.0
2022-05-007,2022-05-16,CNSHA-NLRTM,BAF,452.56,USD,1.0
2022-05-007,2022-05-16,CNSHA-NLRTM,THC,217.08,EUR,1.0547
2022-05-007,2022-05-16,CNSHA-NLRTM,DOC,45.0,USD,1.0
2022-05-007,2022-05-16,CNSHA-NLRTM,PSS,200.0,USD,1.0
2022-05-015,2022-05-16,CNSHA-NLRTM,BAS,2481.23,USD,1.0
2022-05-015,2022-05-16,CNSHA-NLRTM,BAF,474.04,USD,1.0
2022-05-015,2022-05-16,CNSHA-NLRTM,THC,224.91,EUR,1.0547
2022-05-015,2022-05-16,CNSHA-NLRTM,DOC,45.0,USD,1.0
2022-05-015,2022-05-16,CNSHA-NLRTM,PSS,200.0,USD,1.0
2022-05-017,2022-05-16,CNSHA-USLAX,BAS,1994.08,USD,1.0
2022-05-017,2022-05-16,CNSHA-USLAX,BAF,399.72,USD,1.0
2022-05-017,2022-05-16,CNSHA-USLAX,THC,226.7,EUR,1.0547
2022-05-017,2022-05-16,CNSHA-USLAX,DOC,45.0,USD,1.0
2022-05-017,2022-05-16,CNSHA-USLAX,PSS,200.0,USD,1.0
2022-05-041,2022-05-16,CNSHA-NLRTM,BAS,2497.56,USD,1.0
2022-05-041,2022-05-16,CNSHA-NLRTM,BAF,461.53,USD,1.0
2022-05-041,2022-05-16,CNSHA-NLRTM,THC,218.06,EUR,1.0547
2022-05-041,2022-05-16,CNSHA-NLRTM,DOC,45.0,USD,1.0
2022-05-041,2022-05-16,CNSHA-NLRTM,PSS,200.0,USD,1.0
2022-05-047,2022-05-16,CNSHA-NLRTM,BAS,2526.43,USD,1.0
2022-05-047,2022-05-16,CNSHA-NLRTM,BAF,457.02,USD,1.0
2022-05-047,2022-05-16,CNSHA-NLRTM,THC,215.85,EUR,1.0547
2022-05-047,2022-05-16,CNSHA-NLRTM,DOC,45.0,USD,1.0
2022-05-047,2022-05-16,CNSHA-NLRTM,PSS,200.0,USD,1.0
2022-05-051,2022-05-16,CNSHA-NLRTM,BAS,2511.02,USD,1.0
2022-05-051,2022-05-16,CNSHA-NLRTM,BAF,445.71,USD,1.0
2022-05-051,2022-05-16,CNSHA-NLRTM,THC,225.25,EUR,1.0547
2022-05-051,2022-05-16,CNSHA-NLRTM,DOC,45.0,USD,1.0
2022-05-051,2022-05-16,CNSHA-NLRTM,PSS,200.0,USD,1.0
2022-05-006,2022-05-18,CNSHA-USLAX,BAS,1995.04,USD,1.0
2022-05-006,2022-05-18,CNSHA-USLAX,BAF,455.33,USD,1.0
2022-05-006,2022-05-18,CNSHA-USLAX,THC,223.92,EUR,1.0547
2022-05-006,2022-05-18,CNSHA-USLAX,DOC,45.0,USD,1.0
2022-05-006,2022-05-18,CNSHA-USLAX,PSS,200.0,USD,1.0
2022-05-059,2022-05-18,CNSHA-NLRTM,BAS,2543.32,USD,1.0
2022-05-059,2022-05-18,CNSHA-NLRTM,BAF,427.58,USD,1.0
2022-05-059,2022-05-18,CNSHA-NLRTM,THC,224.29,EUR,1.0547
2022-05-059,2022-05-18,CNSHA-NLRTM,DOC,45.0,USD,1.0
2022-05-059,2022-05-18,CNSHA-NLRTM,PSS,200.0,USD,1.0
2022-05-011,2022-05-19,CNSHA-NLRTM,BAS,2455.03,USD,1.0
2022-05-011,2022-05-19,CNSHA-NLRTM,BAF,493.58,USD,1.0
2022-05-011,2022-05-19,CNSHA-NLRTM,THC,231.07,EUR,1.0547
2022-05-011,2022-05-19,CNSHA-NLRTM,DOC,45.0,USD,1.0
2022-05-011,2022-05-19,CNSHA-NLRTM,PSS,200.0,USD,1.0
2022-05-039,2022-05-19,CNSHA-NLRTM,BAS,2488.77,USD,1.0
2022-05-039,2022-05-19,CNSHA-NLRTM,BAF,464.46,USD,1.0
2022-05-039,2022-05-19,CNSHA-NLRTM,THC,232.08,EUR,1.0547
2022-05-039,2022-05-19,CNSHA-NLRTM,DOC,45.0,USD,1.0
2022-05-039,2022-05-19,CNSHA-NLRTM,PSS,200.0,USD,1.0
2022-05-064,2022-05-19,CNSHA-NLRTM,BAS,2491.66,USD,1.0
2022-05-064,2022-05-19,CNSHA-NLRTM,BAF,488.75,USD,1.0
2022-05-064,2022-05-19,CNSHA-NLRTM,THC,220.24,EUR,1.0547
2022-05-064,2022-05-19,CNSHA-NLRTM,DOC,45.0,USD,1.0
2022-05-064,2022-05-19,CNSHA-NLRTM,PSS,200.0,USD,1.0
2022-05-018,2022-05-20,CNSHA-NLRTM,BAS,2532.5,USD,1.0
2022-05-018,2022-05-20,CNSHA-NLRTM,BAF,436.93,USD,1.0
2022-05-018,2022-05-20,CNSHA-NLRTM,THC,218.96,EUR,1.0547
2022-05-018,2022-05-20,CNSHA-NLRTM,DOC,45.0,USD,1.0
2022-05-018,2022-05-20,CNSHA-NLRTM,PSS,200.0,USD,1.0
2022-05-056,2022-05-20,CNSHA-USLAX,BAS,2024.75,USD,1.0
2022-05-056,2022-05-20,CNSHA-USLAX,BAF,446.15,USD,1.0
2022-05-056,2022-05-20,CNSHA-USLAX,THC,203.66,EUR,1.0547
2022-05-056,2022-05-20,CNSHA-USLAX,DOC,45.0,USD,1.0
2022-05-056,2022-05-20,CNSHA-USLAX,PSS,200.0,USD,1.0
2022-05-037,2022-05-22,CNSHA-USLAX,BAS,1964.52,USD,1.0
2022-05-037,2022-05-22,CNSHA-USLAX,BAF,465.02,USD,1.0
2022-05-037,2022-05-22,CNSHA-USLAX,THC,225.85,EUR,1.0547
2022-05-037,2022-05-22,CNSHA-USLAX,DOC,45.0,USD,1.0
2022-05-037,2022-05-22,CNSHA-USLAX,PSS,200.0,USD,1.0
2022-05-038,2022-05-22,CNSHA-NLRTM,BAS,2533.43,USD,1.0
2022-05-038,2022-05-22,CNSHA-NLRTM,BAF,482.1,USD,1.0
2022-05-038,2022-05-22,CNSHA-NLRTM,THC,221.05,EUR,1.0547
2022-05-038,2022-05-22,CNSHA-NLRTM,DOC,45.0,USD,1.0
2022-05-038,2022-05-22,CNSHA-NLRTM,PSS,200.0,USD,1.0
2022-05-012,2022-05-23,CNSHA-USLAX,BAS,1985.18,USD,1.0
2022-05-012,2022-05-23,CNSHA-USLAX,BAF,443.67,USD,1.0
2022-05-012,2022-05-23,CNSHA-USLAX,THC,214.94,EUR,1.0547
2022-05-012,2022-05-23,CNSHA-USLAX,DOC,45.0,USD,1.0
2022-05-012,2022-05-23,CNSHA-USLAX,PSS,200.0,USD,1.0
2022-05-052,2022-05-23,CNSHA-USLAX,BAS,2005.66,USD,1.0
2022-05-052,2022-05-23,CNSHA-USLAX,BAF,462.01,USD,1.0
2022-05-052,2022-05-23,CNSHA-USLAX,THC,223.26,EUR,1.0547
2022-05-052,2022-05-23,CNSHA-USLAX,DOC,45.0,USD,1.0
2022-05-052,2022-05-23,CNSHA-USLAX,PSS,200.0,USD,1.0
2022-05-057,2022-05-24,CNSHA-NLRTM,BAS,2566.67,USD,1.0
2022-05-057,2022-05-24,CNSHA-NLRTM,BAF,489.28,USD,1.0
2022-05-057,2022-05-24,CNSHA-NLRTM,THC,216.86,EUR,1.0547
2022-05-057,2022-05-24,CNSHA-NLRTM,DOC,45.0,USD,1.0
2022-05-057,2022-05-24,CNSHA-NLRTM,PSS,200.0,USD,1.0
2022-05-004,2022-05-25,CNSHA-USLAX,BAS,1963.67,USD,1.0
2022-05-004,2022-05-25,CNSHA-USLAX,BAF,444.08,USD,1.0
2022-05-004,2022-05-25,CNSHA-USLAX,THC,215.61,EUR,1.0547
2022-05-004,2022-05-25,CNSHA-USLAX,DOC,45.0,USD,1.0
2022-05-004,2022-05-25,CNSHA-USLAX,PSS,200.0,USD,1.0
2022-05-022,2022-05-25,CNSHA-NLRTM,BAS,2481.47,USD,1.0
2022-05-022,2022-05-25,CNSHA-NLRTM,BAF,442.0,USD,1.0
2022-05-022,2022-05-25,CNSHA-NLRTM,THC,219.92,EUR,1.0547
2022-05-022,2022-05-25,CNSHA-NLRTM,DOC,45.0,USD,1.0
2022-05-022,2022-05-25,CNSHA-NLRTM,PSS,200.0,USD,1.0
2022-05-026,2022-05-25,CNSHA-USLAX,BAS,2002.05,USD,1.0
2022-05-026,2022-05-25,CNSHA-USLAX,BAF,458.26,USD,1.0
2022-05-026,2022-05-25,CNSHA-USLAX,THC,218.48,EUR,1.0547
2022-05-026,2022-05-25,CNSHA-USLAX,DOC,45.0,USD,1.0
2022-05-026,2022-05-25,CNSHA-USLAX,PSS,200.0,USD,1.0
2022-05-035,2022-05-25,CNSHA-USLAX,BAS,1986.73,USD,1.0
2022-05-035,2022-05-25,CNSHA-USLAX,BAF,435.68,USD,1.0
2022-05-035,2022-05-25,CNSHA-USLAX,THC,215.4,EUR,1.0547
2022-05-035,2022-05-25,CNSHA-USLAX,DOC,45.0,USD,1.0
2022-05-035,2022-05-25,CNSHA-USLAX,PSS,200.0,USD,1.0
2022-05-053,2022-05-25,CNSHA-USLAX,BAS,1980.63,USD,1.0
2022-05-053,2022-05-25,CNSHA-USLAX,BAF,460.62,USD,1.0
2022-05-053,2022-05-25,CNSHA-USLAX,THC,225.14,EUR,1.0547
2022-05-053,2022-05-25,CNSHA-USLAX,DOC,45.0,USD,1.0
2022-05-053,2022-05-25,CNSHA-USLAX,PSS,200.0,USD,1.0
2022-05-020,2022-05-27,CNSHA-NLRTM,BAS,2512.49,USD,1.0
2022-05-020,2022-05-27,CNSHA-NLRTM,BAF,398.43,USD,1.0
2022-05-020,2022-05-27,CNSHA-NLRTM,THC,229.75,EUR,1.0547
2022-05-020,2022-05-27,CNSHA-NLRTM,DOC,45.0,USD,1.0
2022-05-020,2022-05-27,CNSHA-NLRTM,PSS,200.0,USD,1.0
2022-05-027,2022-05-27,CNSHA-NLRTM,BAS,2485.23,USD,1.0
2022-05-027,2022-05-27,CNSHA-NLRTM,BAF,493.26,USD,1.0
2022-05-027,2022-05-27,CNSHA-NLRTM,THC,230.85,EUR,1.0547
2022-05-027,2022-05-27,CNSHA-NLRTM,DOC,45.0,USD,1.0
2022-05-027,2022-05-27,CNSHA-NLRTM,PSS,200.0,USD,1.0
2022-05-055,2022-05-27,CNSHA-USLAX,BAS,2003.9,USD,1.0
2022-05-055,2022-05-27,CNSHA-USLAX,BAF,435.37,USD,1.0
2022-05-055,2022-05-27,CNSHA-USLAX,THC,209.83,EUR,1.0547
2022-05-055,2022-05-27,CNSHA-USLAX,DOC,45.0,USD,1.0
2022-05-055,2022-05-27,CNSHA-USLAX,PSS,200.0,USD,1.0
2022-05-040,2022-05-28,CNSHA-NLRTM,BAS,2555.12,USD,1.0
2022-05-040,2022-05-28,CNSHA-NLRTM,BAF,459.05,USD,1.0
2022-05-040,2022-05-28,CNSHA-NLRTM,THC,215.94,EUR,1.0547
2022-05-040,2022-05-28,CNSHA-NLRTM,DOC,45.0,USD,1.0
2022-05-040,2022-05-28,CNSHA-NLRTM,PSS,200.0,USD,1.0
2022-06-037,2022-06-01,CNSHA-NLRTM,BAS,2498.8,USD,1.0
2022-06-037,2022-06-01,CNSHA-NLRTM,BAF,469.46,USD,1.0
2022-06-037,2022-06-01,CNSHA-NLRTM,THC,223.71,EUR,1.05
2022-06-037,2022-06-01,CNSHA-NLRTM,DOC,45.0,USD,1.0
2022-06-037,2022-06-01,CNSHA-NLRTM,PSS,200.0,USD,1.0
2022-06-045,2022-06-01,CNSHA-NLRTM,BAS,2499.96,USD,1.0
2022-06-045,2022-06-01,CNSHA-NLRTM,BAF,454.29,USD,1.0
2022-06-045,2022-06-01,CNSHA-NLRTM,THC,215.27,EUR,1.05
2022-06-045,2022-06-01,CNSHA-NLRTM,DOC,45.0,USD,1.0
2022-06-045,2022-06-01,CNSHA-NLRTM,PSS,200.0,USD,1.0
2022-06-057,2022-06-01,CNSHA-NLRTM,BAS,2481.13,USD,1.0
2022-06-057,2022-06-01,CNSHA-NLRTM,BAF,454.79,USD,1.0
2022-06-057,2022-06-01,CNSHA-NLRTM,THC,219.14,EUR,1.05
2022-06-057,2022-06-01,CNSHA-NLRTM,DOC,45.0,USD,1.0
2022-06-057,2022-06-01,CNSHA-NLRTM,PSS,200.0,USD,1.0
2022-06-043,2022-06-02,CNSHA-USLAX,BAS,1993.9,USD,1.0
2022-06-043,2022-06-02,CNSHA-USLAX,BAF,497.35,USD,1.0
2022-06-043,2022-06-02,CNSHA-USLAX,THC,206.69,EUR,1.05
2022-06-043,2022-06-02,CNSHA-USLAX,DOC,45.0,USD,1.0
2022-06-043,2022-06-02,CNSHA-USLAX,PSS,200.0,USD,1.0
2022-06-030,2022-06-03,CNSHA-USLAX,BAS,1990.13,USD,1.0
2022-06-030,2022-06-03,CNSHA-USLAX,BAF,435.74,USD,1.0
2022-06-030,2022-06-03,CNSHA-USLAX,THC,222.02,EUR,1.05
2022-06-030,2022-06-03,CNSHA-USLAX,DOC,45.0,USD,1.0
2022-06-030,2022-06-03,CNSHA-USLAX,PSS,200.0,USD,1.0
2022-06-034,2022-06-03,CNSHA-USLAX,BAS,1994.42,USD,1.0
2022-06-034,2022-06-03,CNSHA-USLAX,BAF,440.84,USD,1.0
2022-06-034,2022-06-03,CNSHA-USLAX,THC,215.93,EUR,1.05
2022-06-034,2022-06-03,CNSHA-USLAX,DOC,45.0,USD,1.0
2022-06-034,2022-06-03,CNSHA-USLAX,PSS,200.0,USD,1.0
2022-06-042,2022-06-03,CNSHA-NLRTM,BAS,2511.85,USD,1.0
2022-06-042,2022-06-03,CNSHA-NLRTM,BAF,450.89,USD,1.0
2022-06-042,2022-06-03,CNSHA-NLRTM,THC,222.63,EUR,1.05
2022-06-042,2022-06-03,CNSHA-NLRTM,DOC,45.0,USD,1.0
2022-06-042,2022-06-03,CNSHA-NLRTM,PSS,200.0,USD,1.0
2022-06-018,2022-06-05,CNSHA-USLAX,BAS,2005.18,USD,1.0
2022-06-018,2022-06-05,CNSHA-USLAX,BAF,489.21,USD,1.0
2022-06-018,2022-06-05,CNSHA-USLAX,THC,213.54,EUR,1.05
2022-06-018,2022-06-05,CNSHA-USLAX,DOC,45.0,USD,1.0
2022-06-018,2022-06-05,CNSHA-USLAX,PSS,200.0,USD,1.0
2022-06-025,2022-06-05,CNSHA-NLRTM,BAS,2553.53,USD,1.0
2022-06-025,2022-06-05,CNSHA-NLRTM,BAF,503.79,USD,1.0
2022-06-025,2022-06-05,CNSHA-NLRTM,THC,221.03,EUR,1.05
2022-06-025,2022-06-05,CNSHA-NLRTM,DOC,45.0,USD,1.0
2022-06-025,2022-06-05,CNSHA-NLRTM,PSS,200.0,USD,1.0
2022-06-028,2022-06-05,CNSHA-USLAX,BAS,1963.23,USD,1.0
2022-06-028,2022-06-05,CNSHA-USLAX,BAF,456.96,USD,1.0
2022-06-028,2022-06-05,CNSHA-USLAX,THC,217.23,EUR,1.05
2022-06-028,2022-06-05,CNSHA-USLAX,DOC,45.0,USD,1.0
2022-06-028,2022-06-05,CNSHA-USLAX,PSS,200.0,USD,1.0
2022-06-035,2022-06-06,CNSHA-USLAX,BAS,2013.66,USD,1.0
2022-06-035,2022-06-06,CNSHA-USLAX,BAF,483.72,USD,1.0
2022-06-035,2022-06-06,CNSHA-USLAX,THC,220.95,EUR,1.05
2022-06-035,2022-06-06,CNSHA-USLAX,DOC,45.0,USD,1.0
2022-06-035,2022-06-06,CNSHA-USLAX,PSS,200.0,USD,1.0
2022-06-000,2022-06-07,CNSHA-NLRTM,BAS,2531.71,USD,1.0
2022-06-000,2022-06-07,CNSHA-NLRTM,BAF,475.84,USD,1.0
2022-06-000,2022-06-07,CNSHA-NLRTM,THC,208.97,EUR,1.05
2022-06-000,2022-06-07,CNSHA-NLRTM,DOC,45.0,USD,1.0
2022-06-000,2022-06-07,CNSHA-NLRTM,PSS,200.0,USD,1.0
2022-06-019,2022-06-07,CNSHA-NLRTM,BAS,2497.79,USD,1.0
2022-06-019,2022-06-07,CNSHA-NLRTM,BAF,482.74,USD,1.0
2022-06-019,2022-06-07,CNSHA-NLRTM,THC,225.27,EUR,1.05
2022-06-019,2022-06-07,CNSHA-NLRTM,DOC,45.0,USD,1.0
2022-06-019,2022-06-07,CNSHA-NLRTM,PSS,200.0,USD,1.0
2022-06-055,2022-06-07,CNSHA-USLAX,BAS,1967.18,USD,1.0
2022-06-055,2022-06-07,CNSHA-USLAX,BAF,476.37,USD,1.0
2022-06-055,2022-06-07,CNSHA-USLAX,THC,229.3,EUR,1.05
2022-06-055,2022-06-07,CNSHA-USLAX,DOC,45.0,USD,1.0
2022-06-055,2022-06-07,CNSHA-USLAX,PSS,200.0,USD,1.0
2022-06-001,2022-06-08,CNSHA-NLRTM,BAS,2521.44,USD,1.0
2022-06-001,2022-06-08,CNSHA-NLRTM,BAF,445.9,USD,1.0
2022-06-001,2022-06-08,CNSHA-NLRTM,THC,223.02,EUR,1.05
2022-06-001,2022-06-08,CNSHA-NLRTM,DOC,45.0,USD,1.0
2022-06-001,2022-06-08,CNSHA-NLRTM,PSS,200.0,USD,1.0
2022-06-005,2022-06-08,CNSHA-NLRTM,BAS,2553.49,USD,1.0
2022-06-005,2022-06-08,CNSHA-NLRTM,BAF,442.89,USD,1.0
2022-06-005,2022-06-08,CNSHA-NLRTM,THC,226.26,EUR,1.05
2022-06-005,2022-06-08,CNSHA-NLRTM,DOC,45.0,USD,1.0
2022-06-005,2022-06-08,CNSHA-NLRTM,PSS,200.0,USD,1.0
2022-06-047,2022-06-08,CNSHA-USLAX,BAS,2004.45,USD,1.0
2022-06-047,2022-06-08,CNSHA-USLAX,BAF,437.53,USD,1.0
2022-06-047,2022-06-08,CNSHA-USLAX,THC,227.35,EUR,1.05
2022-06-047,2022-06-08,CNSHA-USLAX,DOC,45.0,USD,1.0
2022-06-047,2022-06-08,CNSHA-USLAX,PSS,200.0,USD,1.0
2022-06-017,2022-06-10,CNSHA-NLRTM,BAS,2501.06,USD,1.0
2022-06-017,2022-06-10,CNSHA-NLRTM,BAF,446.91,USD,1.0
2022-06-017,2022-06-10,CNSHA-NLRTM,THC,226.29,EUR,1.05
2022-06-017,2022-06-10,CNSHA-NLRTM,DOC,45.0,USD,1.0
2022-06-017,2022-06-10,CNSHA-NLRTM,PSS,200.0,USD,1.0
2022-06-038,2022-06-10,CNSHA-NLRTM,BAS,2502.89,USD,1.0
2022-06-038,2022-06-10,CNSHA-NLRTM,BAF,469.57,USD,1.0
2022-06-038,2022-06-10,CNSHA-NLRTM,THC,221.89,EUR,1.05
2022-06-038,2022-06-10,CNSHA-NLRTM,DOC,45.0,USD,1.0
2022-06-038,2022-06-10,CNSHA-NLRTM,PSS,200.0,USD,1.0
2022-06-009,2022-06-11,CNSHA-NLRTM,BAS,2518.5,USD,1.0
2022-06-009,2022-06-11,CNSHA-NLRTM,BAF,465.34,USD,1.0
2022-06-009,2022-06-11,CNSHA-NLRTM,THC,216.08,EUR,1.05
2022-06-009,2022-06-11,CNSHA-NLRTM,DOC,45.0,USD,1.0
2022-06-009,2022-06-11,CNSHA-NLRTM,PSS,200.0,USD,1.0
2022-06-031,2022-06-11,CNSHA-NLRTM,BAS,2536.55,USD,1.0
2022-06-031,2022-06-11,CNSHA-NLRTM,BAF,455.11,USD,1.0
2022-06-031,2022-06-11,CNSHA-NLRTM,THC,223.67,EUR,1.05
2022-06-031,2022-06-11,CNSHA-NLRTM,DOC,45.0,USD,1.0
2022-06-031,2022-06-11,CNSHA-NLRTM,PSS,200.0,USD,1.0
2022-06-015,2022-06-12,CNSHA-USLAX,BAS,1983.97,USD,1.0
2022-06-015,2022-06-12,CNSHA-USLAX,BAF,466.91,USD,1.0
2022-06-015,2022-06-12,CNSHA-USLAX,THC,229.9,EUR,1.05
2022-06-015,2022-06-12,CNSHA-USLAX,DOC,45.0,USD,1.0
2022-06-015,2022-06-12,CNSHA-USLAX,PSS,200.0,USD,1.0
2022-06-003,2022-06-14,CNSHA-NLRTM,BAS,2493.26,USD,1.0
2022-06-003,2022-06-14,CNSHA-NLRTM,BAF,480.19,USD,1.0
2022-06-003,2022-06-14,CNSHA-NLRTM,THC,220.12,EUR,1.05
2022-06-003,2022-06-14,CNSHA-NLRTM,DOC,45.0,USD,1.0
2022-06-003,2022-06-14,CNSHA-NLRTM,PSS,200.0,USD,1.0
2022-06-026,2022-06-14,CNSHA-NLRTM,BAS,2502.45,USD,1.0
2022-06-026,2022-06-14,CNSHA-NLRTM,BAF,449.87,USD,1.0
2022-06-026,2022-06-14,CNSHA-NLRTM,THC,227.98,EUR,1.05
2022-06-026,2022-06-14,CNSHA-NLRTM,DOC,45.0,USD,1.0
2022-06-026,2022-06-14,CNSHA-NLRTM,PSS,200.0,USD,1.0
2022-06-027,2022-06-14,CNSHA-NLRTM,BAS,2523.94,USD,1.0
2022-06-027,2022-06-14,CNSHA-NLRTM,BAF,428.2,USD,1.0
2022-06-027,2022-06-14,CNSHA-NLRTM,THC,217.26,EUR,1.05
2022-06-027,2022-06-14,CNSHA-NLRTM,DOC,45.0,USD,1.0
2022-06-027,2022-06-14,CNSHA-NLRTM,PSS,200.0,USD,1.0
2022-06-048,2022-06-14,CNSHA-NLRTM,BAS,2504.4,USD,1.0
2022-06-048,2022-06-14,CNSHA-NLRTM,BAF,440.64,USD,1.0
2022-06-048,2022-06-14,CNSHA-NLRTM,THC,220.65,EUR,1.05
2022-06-048,2022-06-14,CNSHA-NLRTM,DOC,45.0,USD,1.0
2022-06-048,2022-06-14,CNSHA-NLRTM,PSS,200.0,USD,1.0
2022-06-007,2022-06-15,CNSHA-NLRTM,BAS,2580.7,USD,1.0
2022-06-007,2022-06-15,CNSHA-NLRTM,BAF,444.76,USD,1.0
2022-06-007,2022-06-15,CNSHA-NLRTM,THC,226.69,EUR,1.05
2022-06-007,2022-06-15,CNSHA-NLRTM,DOC,45.0,USD,1.0
2022-06-007,2022-06-15,CNSHA-NLRTM,PSS,200.0,USD,1.0
2022-06-016,2022-06-16,CNSHA-USLAX,BAS,2003.85,USD,1.0
2022-06-016,2022-06-16,CNSHA-USLAX,BAF,472.49,USD,1.0
2022-06-016,2022-06-16,CNSHA-USLAX,THC,218.65,EUR,1.05
2022-06-016,2022-06-16,CNSHA-USLAX,DOC,45.0,USD,1.0
2022-06-016,2022-06-16,CNSHA-USLAX,PSS,200.0,USD,1.0
2022-06-023,2022-06-16,CNSHA-USLAX,BAS,1989.73,USD,1.0
2022-06-023,2022-06-16,CNSHA-USLAX,BAF,448.34,USD,1.0
2022-06-023,2022-06-16,CNSHA-USLAX,THC,215.59,EUR,1.05
2022-06-023,2022-06-16,CNSHA-USLAX,DOC,45.0,USD,1.0
2022-06-023,2022-06-16,CNSHA-USLAX,PSS,200.0,USD,1.0
2022-06-052,2022-06-16,CNSHA-USLAX,BAS,1992.0,USD,1.0
2022-06-052,2022-06-16,CNSHA-USLAX,BAF,462.23,USD,1.0
2022-06-052,2022-06-16,CNSHA-USLAX,THC,220.17,EUR,1.05
2022-06-052,2022-06-16,CNSHA-USLAX,DOC,45.0,USD,1.0
2022-06-052,2022-06-16,CNSHA-USLAX,PSS,200.0,USD,1.0
2022-06-006,2022-06-17,CNSHA-NLRTM,BAS,2463.85,USD,1.0
2022-06-006,2022-06-17,CNSHA-NLRTM,BAF,475.3,USD,1.0
2022-06-006,2022-06-17,CNSHA-NLRTM,THC,220.42,EUR,1.05
2022-06-006,2022-06-17,CNSHA-NLRTM,DOC,45.0,USD,1.0
2022-06-006,2022-06-17,CNSHA-NLRTM,PSS,200.0,USD,1.0
2022-06-004,2022-06-18,CNSHA-NLRTM,BAS,2435.57,USD,1.0
2022-06-004,2022-06-18,CNSHA-NLRTM,BAF,482.27,USD,1.0
2022-06-004,2022-06-18,CNSHA-NLRTM,THC,223.31,EUR,1.05
2022-06-004,2022-06-18,CNSHA-NLRTM,DOC,45.0,USD,1.0
2022-06-004,2022-06-18,CNSHA-NLRTM,PSS,200.0,USD,1.0
2022-06-013,2022-06-18,CNSHA-NLRTM,BAS,2498.04,USD,1.0
2022-06-013,2022-06-18,CNSHA-NLRTM,BAF,497.16,USD,1.0
2022-06-013,2022-06-18,CNSHA-NLRTM,THC,214.76,EUR,1.05
2022-06-013,2022-06-18,CNSHA-NLRTM,DOC,45.0,USD,1.0
2022-06-013,2022-06-18,CNSHA-NLRTM,PSS,200.0,USD,1.0
2022-06-039,2022-06-18,CNSHA-USLAX,BAS,2005.58,USD,1.0
2022-06-039,2022-06-18,CNSHA-USLAX,BAF,446.53,USD,1.0
2022-06-039,2022-06-18,CNSHA-USLAX,THC,226.63,EUR,1.05
2022-06-039,2022-06-18,CNSHA-USLAX,DOC,45.0,USD,1.0
2022-06-039,2022-06-18,CNSHA-USLAX,PSS,200.0,USD,1.0
2022-06-012,2022-06-19,CNSHA-NLRTM,BAS,2561.24,USD,1.0
2022-06-012,2022-06-19,CNSHA-NLRTM,BAF,459.47,USD,1.0
2022-06-012,2022-06-19,CNSHA-NLRTM,THC,221.46,EUR,1.05
2022-06-012,2022-06-19,CNSHA-NLRTM,DOC,45.0,USD,1.0
2022-06-012,2022-06-19,CNSHA-NLRTM,PSS,200.0,USD,1.0
2022-06-021,2022-06-19,CNSHA-USLAX,BAS,1991.11,USD,1.0
2022-06-021,2022-06-19,CNSHA-USLAX,BAF,453.34,USD,1.0
2022-06-021,2022-06-19,CNSHA-USLAX,THC,230.52,EUR,1.05
2022-06-021,2022-06-19,CNSHA-USLAX,DOC,45.0,USD,1.0
2022-06-021,2022-06-19,CNSHA-USLAX,PSS,200.0,USD,1.0
2022-06-036,2022-06-19,CNSHA-USLAX,BAS,2002.16,USD,1.0
2022-06-036,2022-06-19,CNSHA-USLAX,BAF,441.37,USD,1.0
2022-06-036,2022-06-19,CNSHA-USLAX,THC,218.45,EUR,1.05
2022-06-036,2022-06-19,CNSHA-USLAX,DOC,45.0,USD,1.0
2022-06-036,2022-06-19,CNSHA-USLAX,PSS,200.0,USD,1.0
2022-06-041,2022-06-20,CNSHA-USLAX,BAS,2008.16,USD,1.0
2022-06-041,2022-06-20,CNSHA-USLAX,BAF,431.41,USD,1.0
2022-06-041,2022-06-20,CNSHA-USLAX,THC,223.73,EUR,1.05
2022-06-041,2022-06-20,CNSHA-USLAX,DOC,45.0,USD,1.0
2022-06-041,2022-06-20,CNSHA-USLAX,PSS,200.0,USD,1.0
2022-06-022,2022-06-21,CNSHA-NLRTM,BAS,2476.08,USD,1.0
2022-06-022,2022-06-21,CNSHA-NLRTM,BAF,470.91,USD,1.0
2022-06-022,2022-06-21,CNSHA-NLRTM,THC,220.27,EUR,1.05
2022-06-022,2022-06-21,CNSHA-NLRTM,DOC,45.0,USD,1.0
2022-06-022,2022-06-21,CNSHA-NLRTM,PSS,200.0,USD,1.0
2022-06-032,2022-06-21,CNSHA-USLAX,BAS,1977.34,USD,1.0
2022-06-032,2022-06-21,CNSHA-USLAX,BAF,460.39,USD,1.0
2022-06-032,2022-06-21,CNSHA-USLAX,THC,213.37,EUR,1.05
2022-06-032,2022-06-21,CNSHA-USLAX,DOC,45.0,USD,1.0
2022-06-032,2022-06-21,CNSHA-USLAX,PSS,200.0,USD,1.0
2022-06-054,2022-06-21,CNSHA-NLRTM,BAS,2585.9,USD,1.0
2022-06-054,2022-06-21,CNSHA-NLRTM,BAF,464.06,USD,1.0
2022-06-054,2022-06-21,CNSHA-NLRTM,THC,220.24,EUR,1.05
2022-06-054,2022-06-21,CNSHA-NLRTM,DOC,45.0,USD,1.0
2022-06-054,2022-06-21,CNSHA-NLRTM,PSS,200.0,USD,1.0
2022-06-056,2022-06-21,CNSHA-USLAX,BAS,1994.68,USD,1.0
2022-06-056,2022-06-21,CNSHA-USLAX,BAF,500.66,USD,1.0
2022-06-056,2022-06-21,CNSHA-USLAX,THC,216.57,EUR,1.05
2022-06-056,2022-06-21,CNSHA-USLAX,DOC,45.0,USD,1.0
2022-06-056,2022-06-21,CNSHA-USLAX,PSS,200.0,USD,1.0
2022-06-002,2022-06-22,CNSHA-USLAX,BAS,1978.7,USD,1.0
2022-06-002,2022-06-22,CNSHA-USLAX,BAF,451.22,USD,1.0
2022-06-002,2022-06-22,CNSHA-USLAX,THC,224.04,EUR,1.05
2022-06-002,2022-06-22,CNSHA-USLAX,DOC,45.0,USD,1.0
2022-06-002,2022-06-22,CNSHA-USLAX,PSS,200.0,USD,1.0
2022-06-020,2022-06-22,CNSHA-USLAX,BAS,2022.91,USD,1.0
2022-06-020,2022-06-22,CNSHA-USLAX,BAF,453.67,USD,1.0
2022-06-020,2022-06-22,CNSHA-USLAX,THC,220.81,EUR,1.05
2022-06-020,2022-06-22,CNSHA-USLAX,DOC,45.0,USD,1.0
2022-06-020,2022-06-22,CNSHA-USLAX,PSS,200.0,USD,1.0
2022-06-050,2022-06-22,CNSHA-USLAX,BAS,1992.53,USD,1.0
2022-06-050,2022-06-22,CNSHA-USLAX,BAF,431.55,USD,1.0
2022-06-050,2022-06-22,CNSHA-USLAX,THC,220.95,EUR,1.05
2022-06-050,2022-06-22,CNSHA-USLAX,DOC,45.0,USD,1.0
2022-06-050,2022-06-22,CNSHA-USLAX,PSS,200.0,USD,1.0
2022-06-058,2022-06-22,CNSHA-NLRTM,BAS,2525.38,USD,1.0
2022-06-058,2022-06-22,CNSHA-NLRTM,BAF,446.3,USD,1.0
2022-06-058,2022-06-22,CNSHA-NLRTM,THC,228.33,EUR,1.05
2022-06-058,2022-06-22,CNSHA-NLRTM,DOC,45.0,USD,1.0
2022-06-058,2022-06-22,CNSHA-NLRTM,PSS,200.0,USD,1.0
2022-06-011,2022-06-23,CNSHA-USLAX,BAS,1959.78,USD,1.0
2022-06-011,2022-06-23,CNSHA-USLAX,BAF,480.35,USD,1.0
2022-06-011,2022-06-23,CNSHA-USLAX,THC,217.99,EUR,1.05
2022-06-011,2022-06-23,CNSHA-USLAX,DOC,45.0,USD,1.0
2022-06-011,2022-06-23,CNSHA-USLAX,PSS,200.0,USD,1.0
2022-06-010,2022-06-24,CNSHA-NLRTM,BAS,2542.09,USD,1.0
2022-06-010,2022-06-24,CNSHA-NLRTM,BAF,433.5,USD,1.0
2022-06-010,2022-06-24,CNSHA-NLRTM,THC,224.57,EUR,1.05
2022-06-010,2022-06-24,CNSHA-NLRTM,DOC,45.0,USD,1.0
2022-06-010,2022-06-24,CNSHA-NLRTM,PSS,200.0,USD,1.0
2022-06-024,2022-06-24,CNSHA-USLAX,BAS,2006.04,USD,1.0
2022-06-024,2022-06-24,CNSHA-USLAX,BAF,401.02,USD,1.0
2022-06-024,2022-06-24,CNSHA-USLAX,THC,226.62,EUR,1.05
2022-06-024,2022-06-24,CNSHA-USLAX,DOC,45.0,USD,1.0
2022-06-024,2022-06-24,CNSHA-USLAX,PSS,200.0,USD,1.0
2022-06-049,2022-06-24,CNSHA-NLRTM,BAS,2502.08,USD,1.0
2022-06-049,2022-06-24,CNSHA-NLRTM,BAF,474.38,USD,1.0
2022-06-049,2022-06-24,CNSHA-NLRTM,THC,223.51,EUR,1.05
2022-06-049,2022-06-24,CNSHA-NLRTM,DOC,45.0,USD,1.0
2022-06-049,2022-06-24,CNSHA-NLRTM,PSS,200.0,USD,1.0
2022-06-029,2022-06-25,CNSHA-USLAX,BAS,1979.64,USD,1.0
2022-06-029,2022-06-25,CNSHA-USLAX,BAF,443.52,USD,1.0
2022-06-029,2022-06-25,CNSHA-USLAX,THC,214.42,EUR,1.05
2022-06-029,2022-06-25,CNSHA-USLAX,DOC,45.0,USD,1.0
2022-06-029,2022-06-25,CNSHA-USLAX,PSS,200.0,USD,1.0
2022-06-040,2022-06-25,CNSHA-USLAX,BAS,1994.55,USD,1.0
2022-06-040,2022-06-25,CNSHA-USLAX,BAF,406.96,USD,1.0
2022-06-040,2022-06-25,CNSHA-USLAX,THC,212.21,EUR,1.05
2022-06-040,2022-06-25,CNSHA-USLAX,DOC,45.0,USD,1.0
2022-06-040,2022-06-25,CNSHA-USLAX,PSS,200.0,USD,1.0
2022-06-008,2022-06-26,CNSHA-NLRTM,BAS,2516.31,USD,1.0
2022-06-008,2022-06-26,CNSHA-NLRTM,BAF,482.18,USD,1.0
2022-06-008,2022-06-26,CNSHA-NLRTM,THC,226.28,EUR,1.05
2022-06-008,2022-06-26,CNSHA-NLRTM,DOC,45.0,USD,1.0
2022-06-008,2022-06-26,CNSHA-NLRTM,PSS,200.0,USD,1.0
2022-06-044,2022-06-26,CNSHA-USLAX,BAS,1984.83,USD,1.0
2022-06-044,2022-06-26,CNSHA-USLAX,BAF,471.37,USD,1.0
2022-06-044,2022-06-26,CNSHA-USLAX,THC,226.16,EUR,1.05
2022-06-044,2022-06-26,CNSHA-USLAX,DOC,45.0,USD,1.0
2022-06-044,2022-06-26,CNSHA-USLAX,PSS,200.0,USD,1.0
2022-06-051,2022-06-26,CNSHA-NLRTM,BAS,2536.77,USD,1.0
2022-06-051,2022-06-26,CNSHA-NLRTM,BAF,496.68,USD,1.0
2022-06-051,2022-06-26,CNSHA-NLRTM,THC,223.02,EUR,1.05
2022-06-051,2022-06-26,CNSHA-NLRTM,DOC,45.0,USD,1.0
2022-06-051,2022-06-26,CNSHA-NLRTM,PSS,200.0,USD,1.0
2022-06-014,2022-06-27,CNSHA-USLAX,BAS,2002.99,USD,1.0
2022-06-014,2022-06-27,CNSHA-USLAX,BAF,509.22,USD,1.0
2022-06-014,2022-06-27,CNSHA-USLAX,THC,216.96,EUR,1.05
2022-06-014,2022-06-27,CNSHA-USLAX,DOC,45.0,USD,1.0
2022-06-014,2022-06-27,CNSHA-USLAX,PSS,200.0,USD,1.0
2022-06-033,2022-06-27,CNSHA-USLAX,BAS,2013.53,USD,1.0
2022-06-033,2022-06-27,CNSHA-USLAX,BAF,460.04,USD,1.0
2022-06-033,2022-06-27,CNSHA-USLAX,THC,217.26,EUR,1.05
2022-06-033,2022-06-27,CNSHA-USLAX,DOC,45.0,USD,1.0
2022-06-033,2022-06-27,CNSHA-USLAX,PSS,200.0,USD,1.0
2022-06-053,2022-06-27,CNSHA-NLRTM,BAS,2515.86,USD,1.0
2022-06-053,2022-06-27,CNSHA-NLRTM,BAF,427.59,USD,1.0
2022-06-053,2022-06-27,CNSHA-NLRTM,THC,209.39,EUR,1.05
2022-06-053,2022-06-27,CNSHA-NLRTM,DOC,45.0,USD,1.0
2022-06-053,2022-06-27,CNSHA-NLRTM,PSS,200.0,USD,1.0
2022-06-046,2022-06-28,CNSHA-NLRTM,BAS,2498.23,USD,1.0
2022-06-046,2022-06-28,CNSHA-NLRTM,BAF,430.48,USD,1.0
2022-06-046,2022-06-28,CNSHA-NLRTM,THC,208.94,EUR,1.05
2022-06-046,2022-06-28,CNSHA-NLRTM,DOC,45.0,USD,1.0
2022-06-046,2022-06-28,CNSHA-NLRTM,PSS,200.0,USD,1.0
